ISTAT_2011;REG;COMUNE_2011;SLL_2011;SLL_2011_T;DEN_SLL_2011;CAPOL_SLL_2011;POP 2011
1001;1;AGLIÈ;104;0104;RIVAROLO CANAVESE;0;2.644
1002;1;AIRASCA;103;0103;PINEROLO;0;3.819
1003;1;ALA DI STURA;106;0106;TORINO;0;462
1004;1;ALBIANO D'IVREA;102;0102;IVREA;0;1.791
1005;1;ALICE SUPERIORE;102;0102;IVREA;0;701
1006;1;ALMESE;106;0106;TORINO;0;6.303
1007;1;ALPETTE;104;0104;RIVAROLO CANAVESE;0;277
1008;1;ALPIGNANO;106;0106;TORINO;0;16.893
1009;1;ANDEZENO;101;0101;CHIERI;0;1.966
1010;1;ANDRATE;102;0102;IVREA;0;512
1011;1;ANGROGNA;103;0103;PINEROLO;0;870
1012;1;ARIGNANO;101;0101;CHIERI;0;1.039
1013;1;AVIGLIANA;106;0106;TORINO;0;12.129
1014;1;AZEGLIO;102;0102;IVREA;0;1.347
1015;1;BAIRO;104;0104;RIVAROLO CANAVESE;0;816
1016;1;BALANGERO;106;0106;TORINO;0;3.161
1017;1;BALDISSERO CANAVESE;104;0104;RIVAROLO CANAVESE;0;534
1018;1;BALDISSERO TORINESE;101;0101;CHIERI;0;3.783
1019;1;BALME;106;0106;TORINO;0;95
1020;1;BANCHETTE;102;0102;IVREA;0;3.280
1021;1;BARBANIA;104;0104;RIVAROLO CANAVESE;0;1.623
1022;1;BARDONECCHIA;105;0105;SUSA;0;3.212
1023;1;BARONE CANAVESE;102;0102;IVREA;0;599
1024;1;BEINASCO;106;0106;TORINO;0;18.104
1025;1;BIBIANA;103;0103;PINEROLO;0;3.376
1026;1;BOBBIO PELLICE;103;0103;PINEROLO;0;566
1027;1;BOLLENGO;102;0102;IVREA;0;2.112
1028;1;BORGARO TORINESE;106;0106;TORINO;0;13.620
1029;1;BORGIALLO;104;0104;RIVAROLO CANAVESE;0;550
1030;1;BORGOFRANCO D'IVREA;102;0102;IVREA;0;3.643
1031;1;BORGOMASINO;102;0102;IVREA;0;835
1032;1;BORGONE SUSA;106;0106;TORINO;0;2.320
1033;1;BOSCONERO;104;0104;RIVAROLO CANAVESE;0;3.056
1034;1;BRANDIZZO;106;0106;TORINO;0;8.402
1035;1;BRICHERASIO;103;0103;PINEROLO;0;4.517
1036;1;BROSSO;102;0102;IVREA;0;460
1037;1;BROZOLO;106;0106;TORINO;0;471
1038;1;BRUINO;106;0106;TORINO;0;8.479
1039;1;BRUSASCO;106;0106;TORINO;0;1.726
1040;1;BRUZOLO;106;0106;TORINO;0;1.545
1041;1;BURIASCO;103;0103;PINEROLO;0;1.405
1042;1;BUROLO;102;0102;IVREA;0;1.228
1043;1;BUSANO;104;0104;RIVAROLO CANAVESE;0;1.588
1044;1;BUSSOLENO;105;0105;SUSA;0;6.363
1045;1;BUTTIGLIERA ALTA;106;0106;TORINO;0;6.386
1046;1;CAFASSE;106;0106;TORINO;0;3.511
1047;1;CALUSO;102;0102;IVREA;0;7.483
1048;1;CAMBIANO;101;0101;CHIERI;0;6.215
1049;1;CAMPIGLIONE FENILE;103;0103;PINEROLO;0;1.382
1050;1;CANDIA CANAVESE;102;0102;IVREA;0;1.286
1051;1;CANDIOLO;106;0106;TORINO;0;5.566
1052;1;CANISCHIO;104;0104;RIVAROLO CANAVESE;0;294
1053;1;CANTALUPA;103;0103;PINEROLO;0;2.527
1054;1;CANTOIRA;106;0106;TORINO;0;554
1055;1;CAPRIE;106;0106;TORINO;0;2.116
1056;1;CARAVINO;102;0102;IVREA;0;995
1057;1;CAREMA;102;0102;IVREA;0;772
1058;1;CARIGNANO;120;0120;SAVIGLIANO;0;9.156
1059;1;CARMAGNOLA;120;0120;SAVIGLIANO;0;28.563
1060;1;CASALBORGONE;106;0106;TORINO;0;1.820
1061;1;CASCINETTE D'IVREA;102;0102;IVREA;0;1.491
1062;1;CASELETTE;106;0106;TORINO;0;2.931
1063;1;CASELLE TORINESE;106;0106;TORINO;0;18.299
1064;1;CASTAGNETO PO;106;0106;TORINO;0;1.791
1065;1;CASTAGNOLE PIEMONTE;106;0106;TORINO;0;2.193
1066;1;CASTELLAMONTE;104;0104;RIVAROLO CANAVESE;0;9.917
1067;1;CASTELNUOVO NIGRA;104;0104;RIVAROLO CANAVESE;0;417
1068;1;CASTIGLIONE TORINESE;106;0106;TORINO;0;6.363
1069;1;CAVAGNOLO;106;0106;TORINO;0;2.309
1070;1;CAVOUR;103;0103;PINEROLO;0;5.568
1071;1;CERCENASCO;103;0103;PINEROLO;0;1.857
1072;1;CERES;106;0106;TORINO;0;1.056
1073;1;CERESOLE REALE;104;0104;RIVAROLO CANAVESE;0;159
1074;1;CESANA TORINESE;105;0105;SUSA;0;1.007
1075;1;CHIALAMBERTO;106;0106;TORINO;0;364
1076;1;CHIANOCCO;106;0106;TORINO;0;1.700
1077;1;CHIAVERANO;102;0102;IVREA;0;2.106
1078;1;CHIERI;101;0101;CHIERI;1;35.962
1079;1;CHIESANUOVA;104;0104;RIVAROLO CANAVESE;0;203
1080;1;CHIOMONTE;105;0105;SUSA;0;932
1081;1;CHIUSA DI SAN MICHELE;106;0106;TORINO;0;1.691
1082;1;CHIVASSO;106;0106;TORINO;0;25.914
1083;1;CICONIO;104;0104;RIVAROLO CANAVESE;0;371
1084;1;CINTANO;104;0104;RIVAROLO CANAVESE;0;261
1085;1;CINZANO;106;0106;TORINO;0;375
1086;1;CIRIÈ;106;0106;TORINO;0;18.415
1087;1;CLAVIERE;105;0105;SUSA;0;192
1088;1;COASSOLO TORINESE;106;0106;TORINO;0;1.550
1089;1;COAZZE;106;0106;TORINO;0;3.084
1090;1;COLLEGNO;106;0106;TORINO;0;49.083
1091;1;COLLERETTO CASTELNUOVO;104;0104;RIVAROLO CANAVESE;0;347
1092;1;COLLERETTO GIACOSA;102;0102;IVREA;0;603
1093;1;CONDOVE;106;0106;TORINO;0;4.670
1094;1;CORIO;106;0106;TORINO;0;3.330
1095;1;COSSANO CANAVESE;102;0102;IVREA;0;522
1096;1;CUCEGLIO;104;0104;RIVAROLO CANAVESE;0;997
1097;1;CUMIANA;103;0103;PINEROLO;0;7.825
1098;1;CUORGNÈ;104;0104;RIVAROLO CANAVESE;0;10.084
1099;1;DRUENTO;106;0106;TORINO;0;8.436
1100;1;EXILLES;105;0105;SUSA;0;266
1101;1;FAVRIA;104;0104;RIVAROLO CANAVESE;0;5.230
1102;1;FELETTO;104;0104;RIVAROLO CANAVESE;0;2.269
1103;1;FENESTRELLE;103;0103;PINEROLO;0;553
1104;1;FIANO;106;0106;TORINO;0;2.713
1105;1;FIORANO CANAVESE;102;0102;IVREA;0;837
1106;1;FOGLIZZO;104;0104;RIVAROLO CANAVESE;0;2.331
1107;1;FORNO CANAVESE;104;0104;RIVAROLO CANAVESE;0;3.612
1108;1;FRASSINETTO;104;0104;RIVAROLO CANAVESE;0;272
1109;1;FRONT;104;0104;RIVAROLO CANAVESE;0;1.726
1110;1;FROSSASCO;103;0103;PINEROLO;0;2.840
1111;1;GARZIGLIANA;103;0103;PINEROLO;0;557
1112;1;GASSINO TORINESE;106;0106;TORINO;0;9.536
1113;1;GERMAGNANO;106;0106;TORINO;0;1.256
1114;1;GIAGLIONE;105;0105;SUSA;0;653
1115;1;GIAVENO;106;0106;TORINO;0;16.281
1116;1;GIVOLETTO;106;0106;TORINO;0;3.640
1117;1;GRAVERE;105;0105;SUSA;0;715
1118;1;GROSCAVALLO;106;0106;TORINO;0;191
1119;1;GROSSO;106;0106;TORINO;0;1.040
1120;1;GRUGLIASCO;106;0106;TORINO;0;37.194
1121;1;INGRIA;104;0104;RIVAROLO CANAVESE;0;49
1122;1;INVERSO PINASCA;103;0103;PINEROLO;0;741
1123;1;ISOLABELLA;101;0101;CHIERI;0;393
1124;1;ISSIGLIO;102;0102;IVREA;0;425
1125;1;IVREA;102;0102;IVREA;1;23.592
1126;1;LA CASSA;106;0106;TORINO;0;1.781
1127;1;LA LOGGIA;106;0106;TORINO;0;8.631
1128;1;LANZO TORINESE;106;0106;TORINO;0;5.150
1129;1;LAURIANO;106;0106;TORINO;0;1.493
1130;1;LEINI;106;0106;TORINO;0;15.523
1131;1;LEMIE;106;0106;TORINO;0;189
1132;1;LESSOLO;102;0102;IVREA;0;1.982
1133;1;LEVONE;104;0104;RIVAROLO CANAVESE;0;439
1134;1;LOCANA;104;0104;RIVAROLO CANAVESE;0;1.601
1135;1;LOMBARDORE;106;0106;TORINO;0;1.706
1136;1;LOMBRIASCO;120;0120;SAVIGLIANO;0;1.056
1137;1;LORANZÈ;102;0102;IVREA;0;1.126
1138;1;LUGNACCO;102;0102;IVREA;0;379
1139;1;LUSERNA SAN GIOVANNI;103;0103;PINEROLO;0;7.531
1140;1;LUSERNETTA;103;0103;PINEROLO;0;524
1141;1;LUSIGLIÈ;104;0104;RIVAROLO CANAVESE;0;556
1142;1;MACELLO;103;0103;PINEROLO;0;1.238
1143;1;MAGLIONE;108;0108;SANTHIÀ;0;468
1144;1;MARENTINO;101;0101;CHIERI;0;1.383
1145;1;MASSELLO;103;0103;PINEROLO;0;58
1146;1;MATHI;106;0106;TORINO;0;3.985
1147;1;MATTIE;105;0105;SUSA;0;707
1148;1;MAZZÈ;102;0102;IVREA;0;4.152
1149;1;MEANA DI SUSA;105;0105;SUSA;0;880
1150;1;MERCENASCO;102;0102;IVREA;0;1.267
1151;1;MEUGLIANO;102;0102;IVREA;0;93
1152;1;MEZZENILE;106;0106;TORINO;0;834
1153;1;MOMBELLO DI TORINO;101;0101;CHIERI;0;411
1154;1;MOMPANTERO;105;0105;SUSA;0;651
1155;1;MONASTERO DI LANZO;106;0106;TORINO;0;381
1156;1;MONCALIERI;106;0106;TORINO;0;55.875
1157;1;MONCENISIO;105;0105;SUSA;0;42
1158;1;MONTALDO TORINESE;101;0101;CHIERI;0;749
1159;1;MONTALENGHE;102;0102;IVREA;0;1.030
1160;1;MONTALTO DORA;102;0102;IVREA;0;3.450
1161;1;MONTANARO;106;0106;TORINO;0;5.375
1162;1;MONTEU DA PO;106;0106;TORINO;0;901
1163;1;MORIONDO TORINESE;101;0101;CHIERI;0;820
1164;1;NICHELINO;106;0106;TORINO;0;47.851
1165;1;NOASCA;104;0104;RIVAROLO CANAVESE;0;169
1166;1;NOLE;106;0106;TORINO;0;6.910
1167;1;NOMAGLIO;102;0102;IVREA;0;312
1168;1;NONE;106;0106;TORINO;0;7.998
1169;1;NOVALESA;105;0105;SUSA;0;560
1170;1;OGLIANICO;104;0104;RIVAROLO CANAVESE;0;1.426
1171;1;ORBASSANO;106;0106;TORINO;0;22.537
1172;1;ORIO CANAVESE;102;0102;IVREA;0;829
1173;1;OSASCO;103;0103;PINEROLO;0;1.124
1174;1;OSASIO;120;0120;SAVIGLIANO;0;913
1175;1;OULX;105;0105;SUSA;0;3.160
1176;1;OZEGNA;104;0104;RIVAROLO CANAVESE;0;1.235
1177;1;PALAZZO CANAVESE;102;0102;IVREA;0;843
1178;1;PANCALIERI;120;0120;SAVIGLIANO;0;1.985
1179;1;PARELLA;102;0102;IVREA;0;468
1180;1;PAVAROLO;101;0101;CHIERI;0;1.119
1181;1;PAVONE CANAVESE;102;0102;IVREA;0;3.890
1182;1;PECCO;102;0102;IVREA;0;209
1183;1;PECETTO TORINESE;101;0101;CHIERI;0;3.877
1184;1;PEROSA ARGENTINA;103;0103;PINEROLO;0;3.405
1185;1;PEROSA CANAVESE;102;0102;IVREA;0;556
1186;1;PERRERO;103;0103;PINEROLO;0;723
1187;1;PERTUSIO;104;0104;RIVAROLO CANAVESE;0;773
1188;1;PESSINETTO;106;0106;TORINO;0;607
1189;1;PIANEZZA;106;0106;TORINO;0;14.169
1190;1;PINASCA;103;0103;PINEROLO;0;3.049
1191;1;PINEROLO;103;0103;PINEROLO;1;34.854
1192;1;PINO TORINESE;101;0101;CHIERI;0;8.481
1193;1;PIOBESI TORINESE;106;0106;TORINO;0;3.713
1194;1;PIOSSASCO;106;0106;TORINO;0;18.186
1195;1;PISCINA;103;0103;PINEROLO;0;3.450
1196;1;PIVERONE;102;0102;IVREA;0;1.378
1197;1;POIRINO;101;0101;CHIERI;0;10.220
1198;1;POMARETTO;103;0103;PINEROLO;0;1.068
1199;1;PONT-CANAVESE;104;0104;RIVAROLO CANAVESE;0;3.676
1200;1;PORTE;103;0103;PINEROLO;0;1.113
1201;1;PRAGELATO;103;0103;PINEROLO;0;724
1202;1;PRALI;103;0103;PINEROLO;0;272
1203;1;PRALORMO;101;0101;CHIERI;0;1.945
1204;1;PRAMOLLO;103;0103;PINEROLO;0;242
1205;1;PRAROSTINO;103;0103;PINEROLO;0;1.289
1206;1;PRASCORSANO;104;0104;RIVAROLO CANAVESE;0;781
1207;1;PRATIGLIONE;104;0104;RIVAROLO CANAVESE;0;548
1208;1;QUAGLIUZZO;102;0102;IVREA;0;331
1209;1;QUASSOLO;102;0102;IVREA;0;359
1210;1;QUINCINETTO;102;0102;IVREA;0;1.048
1211;1;REANO;106;0106;TORINO;0;1.689
1212;1;RIBORDONE;104;0104;RIVAROLO CANAVESE;0;67
1213;1;RIVALBA;106;0106;TORINO;0;1.159
1214;1;RIVALTA DI TORINO;106;0106;TORINO;0;19.245
1215;1;RIVA PRESSO CHIERI;101;0101;CHIERI;0;4.207
1216;1;RIVARA;104;0104;RIVAROLO CANAVESE;0;2.666
1217;1;RIVAROLO CANAVESE;104;0104;RIVAROLO CANAVESE;1;12.356
1218;1;RIVAROSSA;106;0106;TORINO;0;1.626
1219;1;RIVOLI;106;0106;TORINO;0;48.632
1220;1;ROBASSOMERO;106;0106;TORINO;0;2.976
1221;1;ROCCA CANAVESE;106;0106;TORINO;0;1.754
1222;1;ROLETTO;103;0103;PINEROLO;0;1.989
1223;1;ROMANO CANAVESE;102;0102;IVREA;0;2.937
1224;1;RONCO CANAVESE;104;0104;RIVAROLO CANAVESE;0;313
1225;1;RONDISSONE;108;0108;SANTHIÀ;0;1.834
1226;1;RORÀ;103;0103;PINEROLO;0;255
1227;1;ROURE;103;0103;PINEROLO;0;888
1228;1;ROSTA;106;0106;TORINO;0;4.621
1229;1;RUBIANA;106;0106;TORINO;0;2.417
1230;1;RUEGLIO;102;0102;IVREA;0;773
1231;1;SALASSA;104;0104;RIVAROLO CANAVESE;0;1.795
1232;1;SALBERTRAND;105;0105;SUSA;0;579
1233;1;SALERANO CANAVESE;102;0102;IVREA;0;522
1234;1;SALZA DI PINEROLO;103;0103;PINEROLO;0;78
1235;1;SAMONE;102;0102;IVREA;0;1.614
1236;1;SAN BENIGNO CANAVESE;106;0106;TORINO;0;5.615
1237;1;SAN CARLO CANAVESE;106;0106;TORINO;0;3.874
1238;1;SAN COLOMBANO BELMONTE;104;0104;RIVAROLO CANAVESE;0;376
1239;1;SAN DIDERO;106;0106;TORINO;0;566
1240;1;SAN FRANCESCO AL CAMPO;106;0106;TORINO;0;4.825
1241;1;SANGANO;106;0106;TORINO;0;3.807
1242;1;SAN GERMANO CHISONE;103;0103;PINEROLO;0;1.874
1243;1;SAN GILLIO;106;0106;TORINO;0;3.023
1244;1;SAN GIORGIO CANAVESE;104;0104;RIVAROLO CANAVESE;0;2.705
1245;1;SAN GIORIO DI SUSA;106;0106;TORINO;0;1.040
1246;1;SAN GIUSTO CANAVESE;104;0104;RIVAROLO CANAVESE;0;3.397
1247;1;SAN MARTINO CANAVESE;102;0102;IVREA;0;851
1248;1;SAN MAURIZIO CANAVESE;106;0106;TORINO;0;9.646
1249;1;SAN MAURO TORINESE;106;0106;TORINO;0;18.925
1250;1;SAN PIETRO VAL LEMINA;103;0103;PINEROLO;0;1.430
1251;1;SAN PONSO;104;0104;RIVAROLO CANAVESE;0;279
1252;1;SAN RAFFAELE CIMENA;106;0106;TORINO;0;3.107
1253;1;SAN SEBASTIANO DA PO;106;0106;TORINO;0;1.909
1254;1;SAN SECONDO DI PINEROLO;103;0103;PINEROLO;0;3.608
1255;1;SANT'AMBROGIO DI TORINO;106;0106;TORINO;0;4.753
1256;1;SANT'ANTONINO DI SUSA;106;0106;TORINO;0;4.333
1257;1;SANTENA;101;0101;CHIERI;0;10.738
1258;1;SAUZE DI CESANA;105;0105;SUSA;0;219
1259;1;SAUZE D'OULX;105;0105;SUSA;0;1.111
1260;1;SCALENGHE;103;0103;PINEROLO;0;3.303
1261;1;SCARMAGNO;102;0102;IVREA;0;812
1262;1;SCIOLZE;106;0106;TORINO;0;1.513
1263;1;SESTRIERE;105;0105;SUSA;0;838
1264;1;SETTIMO ROTTARO;102;0102;IVREA;0;503
1265;1;SETTIMO TORINESE;106;0106;TORINO;0;46.875
1266;1;SETTIMO VITTONE;102;0102;IVREA;0;1.543
1267;1;SPARONE;104;0104;RIVAROLO CANAVESE;0;1.085
1268;1;STRAMBINELLO;102;0102;IVREA;0;264
1269;1;STRAMBINO;102;0102;IVREA;0;6.336
1270;1;SUSA;105;0105;SUSA;1;6.629
1271;1;TAVAGNASCO;102;0102;IVREA;0;813
1272;1;TORINO;106;0106;TORINO;1;872.367
1273;1;TORRAZZA PIEMONTE;108;0108;SANTHIÀ;0;2.816
1274;1;TORRE CANAVESE;104;0104;RIVAROLO CANAVESE;0;589
1275;1;TORRE PELLICE;103;0103;PINEROLO;0;4.573
1276;1;TRANA;106;0106;TORINO;0;3.881
1277;1;TRAUSELLA;102;0102;IVREA;0;131
1278;1;TRAVERSELLA;102;0102;IVREA;0;350
1279;1;TRAVES;106;0106;TORINO;0;553
1280;1;TROFARELLO;101;0101;CHIERI;0;10.911
1281;1;USSEAUX;103;0103;PINEROLO;0;185
1282;1;USSEGLIO;106;0106;TORINO;0;219
1283;1;VAIE;106;0106;TORINO;0;1.455
1284;1;VAL DELLA TORRE;106;0106;TORINO;0;3.812
1285;1;VALGIOIE;106;0106;TORINO;0;948
1286;1;VALLO TORINESE;106;0106;TORINO;0;785
1287;1;VALPERGA;104;0104;RIVAROLO CANAVESE;0;3.163
1288;1;VALPRATO SOANA;104;0104;RIVAROLO CANAVESE;0;112
1289;1;VARISELLA;106;0106;TORINO;0;830
1290;1;VAUDA CANAVESE;106;0106;TORINO;0;1.465
1291;1;VENAUS;105;0105;SUSA;0;959
1292;1;VENARIA REALE;106;0106;TORINO;0;33.741
1293;1;VEROLENGO;106;0106;TORINO;0;4.962
1294;1;VERRUA SAVOIA;108;0108;SANTHIÀ;0;1.459
1295;1;VESTIGNÈ;102;0102;IVREA;0;830
1296;1;VIALFRÈ;102;0102;IVREA;0;254
1297;1;VICO CANAVESE;102;0102;IVREA;0;882
1298;1;VIDRACCO;104;0104;RIVAROLO CANAVESE;0;500
1299;1;VIGONE;103;0103;PINEROLO;0;5.217
1300;1;VILLAFRANCA PIEMONTE;103;0103;PINEROLO;0;4.825
1301;1;VILLANOVA CANAVESE;106;0106;TORINO;0;1.135
1302;1;VILLARBASSE;106;0106;TORINO;0;3.323
1303;1;VILLAR DORA;106;0106;TORINO;0;2.951
1304;1;VILLAREGGIA;108;0108;SANTHIÀ;0;1.012
1305;1;VILLAR FOCCHIARDO;106;0106;TORINO;0;2.068
1306;1;VILLAR PELLICE;103;0103;PINEROLO;0;1.120
1307;1;VILLAR PEROSA;103;0103;PINEROLO;0;4.149
1308;1;VILLASTELLONE;101;0101;CHIERI;0;4.864
1309;1;VINOVO;106;0106;TORINO;0;14.108
1310;1;VIRLE PIEMONTE;120;0120;SAVIGLIANO;0;1.191
1311;1;VISCHE;102;0102;IVREA;0;1.314
1312;1;VISTRORIO;102;0102;IVREA;0;521
1313;1;VIÙ;106;0106;TORINO;0;1.118
1314;1;VOLPIANO;106;0106;TORINO;0;14.998
1315;1;VOLVERA;106;0106;TORINO;0;8.690
2002;1;ALAGNA VALSESIA;107;0107;BORGOSESIA;0;420
2003;1;ALBANO VERCELLESE;109;0109;VERCELLI;0;334
2004;1;ALICE CASTELLO;108;0108;SANTHIÀ;0;2.721
2006;1;ARBORIO;107;0107;BORGOSESIA;0;909
2007;1;ASIGLIANO VERCELLESE;109;0109;VERCELLI;0;1.401
2008;1;BALMUCCIA;107;0107;BORGOSESIA;0;94
2009;1;BALOCCO;132;0132;COSSATO;0;239
2011;1;BIANZÈ;108;0108;SANTHIÀ;0;2.028
2014;1;BOCCIOLETO;107;0107;BORGOSESIA;0;219
2015;1;BORGO D'ALE;108;0108;SANTHIÀ;0;2.588
2016;1;BORGOSESIA;107;0107;BORGOSESIA;1;13.031
2017;1;BORGO VERCELLI;109;0109;VERCELLI;0;2.295
2019;1;BREIA;107;0107;BORGOSESIA;0;178
2021;1;BURONZO;132;0132;COSSATO;0;916
2025;1;CAMPERTOGNO;107;0107;BORGOSESIA;0;243
2029;1;CARCOFORO;107;0107;BORGOSESIA;0;75
2030;1;CARESANA;109;0109;VERCELLI;0;1.028
2031;1;CARESANABLOT;109;0109;VERCELLI;0;1.137
2032;1;CARISIO;108;0108;SANTHIÀ;0;864
2033;1;CASANOVA ELVO;109;0109;VERCELLI;0;265
2035;1;SAN GIACOMO VERCELLESE;132;0132;COSSATO;0;329
2038;1;CELLIO;107;0107;BORGOSESIA;0;849
2041;1;CERVATTO;107;0107;BORGOSESIA;0;48
2042;1;CIGLIANO;108;0108;SANTHIÀ;0;4.547
2043;1;CIVIASCO;107;0107;BORGOSESIA;0;265
2045;1;COLLOBIANO;109;0109;VERCELLI;0;105
2047;1;COSTANZANA;109;0109;VERCELLI;0;816
2048;1;CRAVAGLIANA;107;0107;BORGOSESIA;0;278
2049;1;CRESCENTINO;108;0108;SANTHIÀ;0;7.984
2052;1;CROVA;108;0108;SANTHIÀ;0;410
2054;1;DESANA;109;0109;VERCELLI;0;1.055
2057;1;FOBELLO;107;0107;BORGOSESIA;0;219
2058;1;FONTANETTO PO;108;0108;SANTHIÀ;0;1.203
2059;1;FORMIGLIANA;108;0108;SANTHIÀ;0;550
2061;1;GATTINARA;107;0107;BORGOSESIA;0;8.272
2062;1;GHISLARENGO;107;0107;BORGOSESIA;0;899
2065;1;GREGGIO;109;0109;VERCELLI;0;382
2066;1;GUARDABOSONE;107;0107;BORGOSESIA;0;340
2067;1;LAMPORO;108;0108;SANTHIÀ;0;546
2068;1;LENTA;107;0107;BORGOSESIA;0;878
2070;1;LIGNANA;109;0109;VERCELLI;0;579
2071;1;LIVORNO FERRARIS;108;0108;SANTHIÀ;0;4.450
2072;1;LOZZOLO;107;0107;BORGOSESIA;0;819
2078;1;MOLLIA;107;0107;BORGOSESIA;0;104
2079;1;MONCRIVELLO;108;0108;SANTHIÀ;0;1.465
2082;1;MOTTA DE' CONTI;126;0126;CASALE MONFERRATO;0;804
2088;1;OLCENENGO;109;0109;VERCELLI;0;754
2089;1;OLDENICO;109;0109;VERCELLI;0;252
2090;1;PALAZZOLO VERCELLESE;109;0109;VERCELLI;0;1.292
2091;1;PERTENGO;109;0109;VERCELLI;0;321
2093;1;PEZZANA;109;0109;VERCELLI;0;1.346
2096;1;PILA;107;0107;BORGOSESIA;0;137
2097;1;PIODE;107;0107;BORGOSESIA;0;193
2102;1;POSTUA;107;0107;BORGOSESIA;0;594
2104;1;PRAROLO;109;0109;VERCELLI;0;672
2107;1;QUARONA;107;0107;BORGOSESIA;0;4.246
2108;1;QUINTO VERCELLESE;109;0109;VERCELLI;0;400
2110;1;RASSA;107;0107;BORGOSESIA;0;66
2111;1;RIMA SAN GIUSEPPE;107;0107;BORGOSESIA;0;67
2112;1;RIMASCO;107;0107;BORGOSESIA;0;123
2113;1;RIMELLA;107;0107;BORGOSESIA;0;137
2114;1;RIVA VALDOBBIA;107;0107;BORGOSESIA;0;251
2115;1;RIVE;109;0109;VERCELLI;0;469
2116;1;ROASIO;132;0132;COSSATO;0;2.465
2118;1;RONSECCO;109;0109;VERCELLI;0;580
2121;1;ROSSA;107;0107;BORGOSESIA;0;194
2122;1;ROVASENDA;107;0107;BORGOSESIA;0;979
2123;1;SABBIA;107;0107;BORGOSESIA;0;57
2126;1;SALASCO;109;0109;VERCELLI;0;237
2127;1;SALI VERCELLESE;109;0109;VERCELLI;0;114
2128;1;SALUGGIA;108;0108;SANTHIÀ;0;4.170
2131;1;SAN GERMANO VERCELLESE;108;0108;SANTHIÀ;0;1.768
2133;1;SANTHIÀ;108;0108;SANTHIÀ;1;8.825
2134;1;SCOPA;107;0107;BORGOSESIA;0;391
2135;1;SCOPELLO;107;0107;BORGOSESIA;0;402
2137;1;SERRAVALLE SESIA;107;0107;BORGOSESIA;0;5.141
2142;1;STROPPIANA;109;0109;VERCELLI;0;1.258
2147;1;TRICERRO;109;0109;VERCELLI;0;709
2148;1;TRINO;109;0109;VERCELLI;0;7.437
2150;1;TRONZANO VERCELLESE;108;0108;SANTHIÀ;0;3.558
2152;1;VALDUGGIA;107;0107;BORGOSESIA;0;2.117
2156;1;VARALLO;107;0107;BORGOSESIA;0;7.485
2158;1;VERCELLI;109;0109;VERCELLI;1;46.308
2163;1;VILLARBOIT;109;0109;VERCELLI;0;465
2164;1;VILLATA;109;0109;VERCELLI;0;1.618
2166;1;VOCCA;107;0107;BORGOSESIA;0;162
3001;1;AGRATE CONTURBIA;110;0110;BORGOMANERO;0;1.554
3002;1;AMENO;110;0110;BORGOMANERO;0;874
3006;1;ARMENO;134;0134;OMEGNA;0;2.201
3008;1;ARONA;110;0110;BORGOMANERO;0;14.195
3012;1;BARENGO;111;0111;NOVARA;0;852
3016;1;BELLINZAGO NOVARESE;111;0111;NOVARA;0;9.375
3018;1;BIANDRATE;111;0111;NOVARA;0;1.200
3019;1;BOCA;110;0110;BORGOMANERO;0;1.227
3021;1;BOGOGNO;110;0110;BORGOMANERO;0;1.325
3022;1;BOLZANO NOVARESE;110;0110;BORGOMANERO;0;1.176
3023;1;BORGOLAVEZZARO;111;0111;NOVARA;0;2.083
3024;1;BORGOMANERO;110;0110;BORGOMANERO;1;21.166
3025;1;BORGO TICINO;110;0110;BORGOMANERO;0;4.929
3026;1;BRIGA NOVARESE;110;0110;BORGOMANERO;0;3.050
3027;1;BRIONA;107;0107;BORGOSESIA;0;1.234
3030;1;CALTIGNAGA;111;0111;NOVARA;0;2.585
3032;1;CAMERI;111;0111;NOVARA;0;10.770
3036;1;CARPIGNANO SESIA;107;0107;BORGOSESIA;0;2.578
3037;1;CASALBELTRAME;111;0111;NOVARA;0;1.076
3039;1;CASALEGGIO NOVARA;111;0111;NOVARA;0;930
3040;1;CASALINO;111;0111;NOVARA;0;1.555
3041;1;CASALVOLONE;111;0111;NOVARA;0;867
3042;1;CASTELLAZZO NOVARESE;111;0111;NOVARA;0;323
3043;1;CASTELLETTO SOPRA TICINO;110;0110;BORGOMANERO;0;10.005
3044;1;CAVAGLIETTO;110;0110;BORGOMANERO;0;407
3045;1;CAVAGLIO D'AGOGNA;110;0110;BORGOMANERO;0;1.280
3047;1;CAVALLIRIO;110;0110;BORGOMANERO;0;1.249
3049;1;CERANO;111;0111;NOVARA;0;6.728
3051;1;COLAZZA;110;0110;BORGOMANERO;0;463
3052;1;COMIGNAGO;110;0110;BORGOMANERO;0;1.223
3055;1;CRESSA;110;0110;BORGOMANERO;0;1.571
3058;1;CUREGGIO;110;0110;BORGOMANERO;0;2.604
3060;1;DIVIGNANO;110;0110;BORGOMANERO;0;1.445
3062;1;DORMELLETTO;110;0110;BORGOMANERO;0;2.643
3065;1;FARA NOVARESE;107;0107;BORGOSESIA;0;2.113
3066;1;FONTANETO D'AGOGNA;110;0110;BORGOMANERO;0;2.731
3068;1;GALLIATE;111;0111;NOVARA;0;15.008
3069;1;GARBAGNA NOVARESE;111;0111;NOVARA;0;1.350
3070;1;GARGALLO;110;0110;BORGOMANERO;0;1.869
3071;1;GATTICO;110;0110;BORGOMANERO;0;3.361
3073;1;GHEMME;107;0107;BORGOSESIA;0;3.617
3076;1;GOZZANO;110;0110;BORGOMANERO;0;5.601
3077;1;GRANOZZO CON MONTICELLO;111;0111;NOVARA;0;1.432
3079;1;GRIGNASCO;107;0107;BORGOSESIA;0;4.691
3082;1;INVORIO;110;0110;BORGOMANERO;0;4.464
3083;1;LANDIONA;111;0111;NOVARA;0;590
3084;1;LESA;136;0136;VERBANIA;0;2.236
3088;1;MAGGIORA;110;0110;BORGOMANERO;0;1.742
3090;1;MANDELLO VITTA;111;0111;NOVARA;0;244
3091;1;MARANO TICINO;111;0111;NOVARA;0;1.554
3093;1;MASSINO VISCONTI;110;0110;BORGOMANERO;0;1.111
3095;1;MEINA;110;0110;BORGOMANERO;0;2.556
3097;1;MEZZOMERICO;111;0111;NOVARA;0;1.176
3098;1;MIASINO;134;0134;OMEGNA;0;887
3100;1;MOMO;111;0111;NOVARA;0;2.673
3103;1;NEBBIUNO;110;0110;BORGOMANERO;0;1.856
3104;1;NIBBIOLA;111;0111;NOVARA;0;792
3106;1;NOVARA;111;0111;NOVARA;1;101.952
3108;1;OLEGGIO;111;0111;NOVARA;0;13.650
3109;1;OLEGGIO CASTELLO;110;0110;BORGOMANERO;0;1.968
3112;1;ORTA SAN GIULIO;134;0134;OMEGNA;0;1.163
3114;1;PARUZZARO;110;0110;BORGOMANERO;0;2.088
3115;1;PELLA;110;0110;BORGOMANERO;0;1.038
3116;1;PETTENASCO;134;0134;OMEGNA;0;1.368
3119;1;PISANO;110;0110;BORGOMANERO;0;770
3120;1;POGNO;110;0110;BORGOMANERO;0;1.538
3121;1;POMBIA;110;0110;BORGOMANERO;0;2.182
3122;1;PRATO SESIA;107;0107;BORGOSESIA;0;1.993
3129;1;RECETTO;111;0111;NOVARA;0;916
3130;1;ROMAGNANO SESIA;107;0107;BORGOSESIA;0;4.049
3131;1;ROMENTINO;111;0111;NOVARA;0;5.379
3133;1;SAN MAURIZIO D'OPAGLIO;110;0110;BORGOMANERO;0;3.104
3134;1;SAN NAZZARO SESIA;111;0111;NOVARA;0;690
3135;1;SAN PIETRO MOSEZZO;111;0111;NOVARA;0;1.996
3138;1;SILLAVENGO;107;0107;BORGOSESIA;0;595
3139;1;SIZZANO;107;0107;BORGOSESIA;0;1.446
3140;1;SORISO;110;0110;BORGOMANERO;0;781
3141;1;SOZZAGO;111;0111;NOVARA;0;1.055
3143;1;SUNO;110;0110;BORGOMANERO;0;2.808
3144;1;TERDOBBIATE;111;0111;NOVARA;0;500
3146;1;TORNACO;111;0111;NOVARA;0;876
3149;1;TRECATE;111;0111;NOVARA;0;19.856
3153;1;VAPRIO D'AGOGNA;110;0110;BORGOMANERO;0;1.015
3154;1;VARALLO POMBIA;110;0110;BORGOMANERO;0;5.004
3157;1;VERUNO;110;0110;BORGOMANERO;0;1.844
3158;1;VESPOLATE;111;0111;NOVARA;0;2.067
3159;1;VICOLUNGO;111;0111;NOVARA;0;883
3164;1;VINZAGLIO;109;0109;VERCELLI;0;588
4001;1;ACCEGLIO;115;0115;CUNEO;0;174
4002;1;AISONE;115;0115;CUNEO;0;254
4003;1;ALBA;112;0112;ALBA;1;30.804
4004;1;ALBARETTO DELLA TORRE;112;0112;ALBA;0;259
4005;1;ALTO;705;0705;ALBENGA;0;121
4006;1;ARGENTERA;115;0115;CUNEO;0;79
4007;1;ARGUELLO;112;0112;ALBA;0;201
4008;1;BAGNASCO;114;0114;CEVA;0;1.038
4009;1;BAGNOLO PIEMONTE;103;0103;PINEROLO;0;6.040
4010;1;BALDISSERO D'ALBA;112;0112;ALBA;0;1.086
4011;1;BARBARESCO;112;0112;ALBA;0;677
4012;1;BARGE;119;0119;SALUZZO;0;7.861
4013;1;BAROLO;112;0112;ALBA;0;705
4014;1;BASTIA MONDOVÌ;118;0118;MONDOVÌ;0;646
4015;1;BATTIFOLLO;114;0114;CEVA;0;234
4016;1;BEINETTE;115;0115;CUNEO;0;3.200
4017;1;BELLINO;119;0119;SALUZZO;0;135
4018;1;BELVEDERE LANGHE;118;0118;MONDOVÌ;0;370
4019;1;BENE VAGIENNA;116;0116;FOSSANO;0;3.671
4020;1;BENEVELLO;112;0112;ALBA;0;457
4021;1;BERGOLO;112;0112;ALBA;0;67
4022;1;BERNEZZO;115;0115;CUNEO;0;3.785
4023;1;BONVICINO;112;0112;ALBA;0;107
4024;1;BORGOMALE;112;0112;ALBA;0;389
4025;1;BORGO SAN DALMAZZO;115;0115;CUNEO;0;12.372
4026;1;BOSIA;112;0112;ALBA;0;181
4027;1;BOSSOLASCO;112;0112;ALBA;0;676
4028;1;BOVES;115;0115;CUNEO;0;9.725
4029;1;BRA;113;0113;BRA;1;28.935
4030;1;BRIAGLIA;118;0118;MONDOVÌ;0;324
4031;1;BRIGA ALTA;117;0117;GARESSIO;0;48
4032;1;BRONDELLO;119;0119;SALUZZO;0;287
4033;1;BROSSASCO;119;0119;SALUZZO;0;1.109
4034;1;BUSCA;115;0115;CUNEO;0;10.049
4035;1;CAMERANA;706;0706;CAIRO MONTENOTTE;0;655
4036;1;CAMO;112;0112;ALBA;0;200
4037;1;CANALE;112;0112;ALBA;0;5.636
4038;1;CANOSIO;115;0115;CUNEO;0;82
4039;1;CAPRAUNA;705;0705;ALBENGA;0;120
4040;1;CARAGLIO;115;0115;CUNEO;0;6.755
4041;1;CARAMAGNA PIEMONTE;120;0120;SAVIGLIANO;0;3.032
4042;1;CARDÈ;119;0119;SALUZZO;0;1.134
4043;1;CARRÙ;118;0118;MONDOVÌ;0;4.428
4044;1;CARTIGNANO;115;0115;CUNEO;0;178
4045;1;CASALGRASSO;120;0120;SAVIGLIANO;0;1.448
4046;1;CASTAGNITO;112;0112;ALBA;0;2.113
4047;1;CASTELDELFINO;119;0119;SALUZZO;0;179
4048;1;CASTELLAR;119;0119;SALUZZO;0;284
4049;1;CASTELLETTO STURA;115;0115;CUNEO;0;1.351
4050;1;CASTELLETTO UZZONE;706;0706;CAIRO MONTENOTTE;0;365
4051;1;CASTELLINALDO;112;0112;ALBA;0;897
4052;1;CASTELLINO TANARO;114;0114;CEVA;0;337
4053;1;CASTELMAGNO;115;0115;CUNEO;0;82
4054;1;CASTELNUOVO DI CEVA;114;0114;CEVA;0;139
4055;1;CASTIGLIONE FALLETTO;112;0112;ALBA;0;708
4056;1;CASTIGLIONE TINELLA;122;0122;CANELLI;0;871
4057;1;CASTINO;122;0122;CANELLI;0;500
4058;1;CAVALLERLEONE;120;0120;SAVIGLIANO;0;652
4059;1;CAVALLERMAGGIORE;120;0120;SAVIGLIANO;0;5.472
4060;1;CELLE DI MACRA;115;0115;CUNEO;0;93
4061;1;CENTALLO;115;0115;CUNEO;0;6.817
4062;1;CERESOLE ALBA;112;0112;ALBA;0;2.115
4063;1;CERRETTO LANGHE;112;0112;ALBA;0;455
4064;1;CERVASCA;115;0115;CUNEO;0;4.804
4065;1;CERVERE;116;0116;FOSSANO;0;2.162
4066;1;CEVA;114;0114;CEVA;1;5.757
4067;1;CHERASCO;113;0113;BRA;0;8.652
4068;1;CHIUSA DI PESIO;115;0115;CUNEO;0;3.730
4069;1;CIGLIÈ;118;0118;MONDOVÌ;0;196
4070;1;CISSONE;118;0118;MONDOVÌ;0;82
4071;1;CLAVESANA;118;0118;MONDOVÌ;0;900
4072;1;CORNELIANO D'ALBA;112;0112;ALBA;0;2.037
4073;1;CORTEMILIA;112;0112;ALBA;0;2.388
4074;1;COSSANO BELBO;122;0122;CANELLI;0;1.030
4075;1;COSTIGLIOLE SALUZZO;119;0119;SALUZZO;0;3.344
4076;1;CRAVANZANA;112;0112;ALBA;0;408
4077;1;CRISSOLO;119;0119;SALUZZO;0;172
4078;1;CUNEO;115;0115;CUNEO;1;55.013
4079;1;DEMONTE;115;0115;CUNEO;0;2.059
4080;1;DIANO D'ALBA;112;0112;ALBA;0;3.451
4081;1;DOGLIANI;118;0118;MONDOVÌ;0;4.805
4082;1;DRONERO;115;0115;CUNEO;0;7.205
4083;1;ELVA;115;0115;CUNEO;0;94
4084;1;ENTRACQUE;115;0115;CUNEO;0;807
4085;1;ENVIE;119;0119;SALUZZO;0;2.057
4086;1;FARIGLIANO;118;0118;MONDOVÌ;0;1.747
4087;1;FAULE;120;0120;SAVIGLIANO;0;496
4088;1;FEISOGLIO;112;0112;ALBA;0;344
4089;1;FOSSANO;116;0116;FOSSANO;1;24.710
4090;1;FRABOSA SOPRANA;118;0118;MONDOVÌ;0;815
4091;1;FRABOSA SOTTANA;118;0118;MONDOVÌ;0;1.494
4092;1;FRASSINO;119;0119;SALUZZO;0;290
4093;1;GAIOLA;115;0115;CUNEO;0;600
4094;1;GAMBASCA;119;0119;SALUZZO;0;408
4095;1;GARESSIO;117;0117;GARESSIO;1;3.362
4096;1;GENOLA;116;0116;FOSSANO;0;2.596
4097;1;GORZEGNO;112;0112;ALBA;0;322
4098;1;GOTTASECCA;706;0706;CAIRO MONTENOTTE;0;174
4099;1;GOVONE;112;0112;ALBA;0;2.157
4100;1;GRINZANE CAVOUR;112;0112;ALBA;0;1.938
4101;1;GUARENE;112;0112;ALBA;0;3.435
4102;1;IGLIANO;114;0114;CEVA;0;84
4103;1;ISASCA;119;0119;SALUZZO;0;78
4104;1;LAGNASCO;119;0119;SALUZZO;0;1.405
4105;1;LA MORRA;112;0112;ALBA;0;2.718
4106;1;LEQUIO BERRIA;112;0112;ALBA;0;494
4107;1;LEQUIO TANARO;118;0118;MONDOVÌ;0;819
4108;1;LESEGNO;114;0114;CEVA;0;854
4109;1;LEVICE;112;0112;ALBA;0;246
4110;1;LIMONE PIEMONTE;115;0115;CUNEO;0;1.490
4111;1;LISIO;114;0114;CEVA;0;214
4112;1;MACRA;115;0115;CUNEO;0;52
4113;1;MAGLIANO ALFIERI;112;0112;ALBA;0;2.026
4114;1;MAGLIANO ALPI;118;0118;MONDOVÌ;0;2.231
4115;1;MANGO;112;0112;ALBA;0;1.334
4116;1;MANTA;119;0119;SALUZZO;0;3.735
4117;1;MARENE;120;0120;SAVIGLIANO;0;3.055
4118;1;MARGARITA;115;0115;CUNEO;0;1.432
4119;1;MARMORA;115;0115;CUNEO;0;74
4120;1;MARSAGLIA;114;0114;CEVA;0;261
4121;1;MARTINIANA PO;119;0119;SALUZZO;0;781
4122;1;MELLE;119;0119;SALUZZO;0;326
4123;1;MOIOLA;115;0115;CUNEO;0;252
4124;1;MOMBARCARO;114;0114;CEVA;0;274
4125;1;MOMBASIGLIO;114;0114;CEVA;0;616
4126;1;MONASTERO DI VASCO;118;0118;MONDOVÌ;0;1.319
4127;1;MONASTEROLO CASOTTO;118;0118;MONDOVÌ;0;101
4128;1;MONASTEROLO DI SAVIGLIANO;120;0120;SAVIGLIANO;0;1.357
4129;1;MONCHIERO;118;0118;MONDOVÌ;0;558
4130;1;MONDOVÌ;118;0118;MONDOVÌ;1;22.253
4131;1;MONESIGLIO;706;0706;CAIRO MONTENOTTE;0;712
4132;1;MONFORTE D'ALBA;112;0112;ALBA;0;2.042
4133;1;MONTÀ;112;0112;ALBA;0;4.715
4134;1;MONTALDO DI MONDOVÌ;118;0118;MONDOVÌ;0;571
4135;1;MONTALDO ROERO;112;0112;ALBA;0;872
4136;1;MONTANERA;115;0115;CUNEO;0;733
4137;1;MONTELUPO ALBESE;112;0112;ALBA;0;531
4138;1;MONTEMALE DI CUNEO;115;0115;CUNEO;0;218
4139;1;MONTEROSSO GRANA;115;0115;CUNEO;0;536
4140;1;MONTEU ROERO;112;0112;ALBA;0;1.667
4141;1;MONTEZEMOLO;114;0114;CEVA;0;270
4142;1;MONTICELLO D'ALBA;112;0112;ALBA;0;2.216
4143;1;MORETTA;119;0119;SALUZZO;0;4.237
4144;1;MOROZZO;115;0115;CUNEO;0;2.115
4145;1;MURAZZANO;114;0114;CEVA;0;840
4146;1;MURELLO;120;0120;SAVIGLIANO;0;962
4147;1;NARZOLE;113;0113;BRA;0;3.532
4148;1;NEIVE;112;0112;ALBA;0;3.341
4149;1;NEVIGLIE;112;0112;ALBA;0;425
4150;1;NIELLA BELBO;112;0112;ALBA;0;401
4151;1;NIELLA TANARO;118;0118;MONDOVÌ;0;1.035
4152;1;NOVELLO;112;0112;ALBA;0;1.023
4153;1;NUCETTO;114;0114;CEVA;0;432
4154;1;ONCINO;119;0119;SALUZZO;0;82
4155;1;ORMEA;117;0117;GARESSIO;0;1.723
4156;1;OSTANA;119;0119;SALUZZO;0;81
4157;1;PAESANA;119;0119;SALUZZO;0;2.868
4158;1;PAGNO;119;0119;SALUZZO;0;572
4159;1;PAMPARATO;118;0118;MONDOVÌ;0;329
4160;1;PAROLDO;114;0114;CEVA;0;228
4161;1;PERLETTO;112;0112;ALBA;0;305
4162;1;PERLO;114;0114;CEVA;0;126
4163;1;PEVERAGNO;115;0115;CUNEO;0;5.481
4164;1;PEZZOLO VALLE UZZONE;112;0112;ALBA;0;354
4165;1;PIANFEI;118;0118;MONDOVÌ;0;2.222
4166;1;PIASCO;119;0119;SALUZZO;0;2.821
4167;1;PIETRAPORZIO;115;0115;CUNEO;0;91
4168;1;PIOBESI D'ALBA;112;0112;ALBA;0;1.248
4169;1;PIOZZO;118;0118;MONDOVÌ;0;1.007
4170;1;POCAPAGLIA;113;0113;BRA;0;3.330
4171;1;POLONGHERA;120;0120;SAVIGLIANO;0;1.193
4172;1;PONTECHIANALE;119;0119;SALUZZO;0;182
4173;1;PRADLEVES;115;0115;CUNEO;0;272
4174;1;PRAZZO;115;0115;CUNEO;0;175
4175;1;PRIERO;114;0114;CEVA;0;487
4176;1;PRIOCCA;112;0112;ALBA;0;2.001
4177;1;PRIOLA;117;0117;GARESSIO;0;719
4178;1;PRUNETTO;706;0706;CAIRO MONTENOTTE;0;471
4179;1;RACCONIGI;120;0120;SAVIGLIANO;0;10.028
4180;1;REVELLO;119;0119;SALUZZO;0;4.203
4181;1;RIFREDDO;119;0119;SALUZZO;0;1.072
4182;1;RITTANA;115;0115;CUNEO;0;135
4183;1;ROASCHIA;115;0115;CUNEO;0;138
4184;1;ROASCIO;114;0114;CEVA;0;83
4185;1;ROBILANTE;115;0115;CUNEO;0;2.424
4186;1;ROBURENT;118;0118;MONDOVÌ;0;513
4187;1;ROCCABRUNA;115;0115;CUNEO;0;1.589
4188;1;ROCCA CIGLIÈ;118;0118;MONDOVÌ;0;154
4189;1;ROCCA DE' BALDI;118;0118;MONDOVÌ;0;1.698
4190;1;ROCCAFORTE MONDOVÌ;118;0118;MONDOVÌ;0;2.148
4191;1;ROCCASPARVERA;115;0115;CUNEO;0;737
4192;1;ROCCAVIONE;115;0115;CUNEO;0;2.876
4193;1;ROCCHETTA BELBO;122;0122;CANELLI;0;181
4194;1;RODDI;112;0112;ALBA;0;1.546
4195;1;RODDINO;112;0112;ALBA;0;377
4196;1;RODELLO;112;0112;ALBA;0;1.004
4197;1;ROSSANA;119;0119;SALUZZO;0;909
4198;1;RUFFIA;120;0120;SAVIGLIANO;0;350
4199;1;SALE DELLE LANGHE;114;0114;CEVA;0;525
4200;1;SALE SAN GIOVANNI;114;0114;CEVA;0;178
4201;1;SALICETO;706;0706;CAIRO MONTENOTTE;0;1.382
4202;1;SALMOUR;116;0116;FOSSANO;0;706
4203;1;SALUZZO;119;0119;SALUZZO;1;16.940
4204;1;SAMBUCO;115;0115;CUNEO;0;100
4205;1;SAMPEYRE;119;0119;SALUZZO;0;1.069
4206;1;SAN BENEDETTO BELBO;112;0112;ALBA;0;191
4207;1;SAN DAMIANO MACRA;115;0115;CUNEO;0;439
4208;1;SANFRÈ;113;0113;BRA;0;2.901
4209;1;SANFRONT;119;0119;SALUZZO;0;2.530
4210;1;SAN MICHELE MONDOVÌ;118;0118;MONDOVÌ;0;2.034
4211;1;SANT'ALBANO STURA;116;0116;FOSSANO;0;2.380
4212;1;SANTA VITTORIA D'ALBA;113;0113;BRA;0;2.748
4213;1;SANTO STEFANO BELBO;122;0122;CANELLI;0;4.055
4214;1;SANTO STEFANO ROERO;112;0112;ALBA;0;1.407
4215;1;SAVIGLIANO;120;0120;SAVIGLIANO;1;20.935
4216;1;SCAGNELLO;114;0114;CEVA;0;207
4217;1;SCARNAFIGI;119;0119;SALUZZO;0;2.094
4218;1;SERRALUNGA D'ALBA;112;0112;ALBA;0;524
4219;1;SERRAVALLE LANGHE;112;0112;ALBA;0;323
4220;1;SINIO;112;0112;ALBA;0;516
4221;1;SOMANO;118;0118;MONDOVÌ;0;361
4222;1;SOMMARIVA DEL BOSCO;113;0113;BRA;0;6.394
4223;1;SOMMARIVA PERNO;112;0112;ALBA;0;2.828
4224;1;STROPPO;115;0115;CUNEO;0;107
4225;1;TARANTASCA;115;0115;CUNEO;0;2.009
4226;1;TORRE BORMIDA;112;0112;ALBA;0;211
4227;1;TORRE MONDOVÌ;118;0118;MONDOVÌ;0;494
4228;1;TORRE SAN GIORGIO;119;0119;SALUZZO;0;709
4229;1;TORRESINA;114;0114;CEVA;0;65
4230;1;TREISO;112;0112;ALBA;0;820
4231;1;TREZZO TINELLA;112;0112;ALBA;0;341
4232;1;TRINITÀ;116;0116;FOSSANO;0;2.188
4233;1;VALDIERI;115;0115;CUNEO;0;924
4234;1;VALGRANA;115;0115;CUNEO;0;817
4235;1;VALLORIATE;115;0115;CUNEO;0;121
4236;1;VALMALA;119;0119;SALUZZO;0;64
4237;1;VENASCA;119;0119;SALUZZO;0;1.472
4238;1;VERDUNO;113;0113;BRA;0;577
4239;1;VERNANTE;115;0115;CUNEO;0;1.217
4240;1;VERZUOLO;119;0119;SALUZZO;0;6.409
4241;1;VEZZA D'ALBA;112;0112;ALBA;0;2.206
4242;1;VICOFORTE;118;0118;MONDOVÌ;0;3.167
4243;1;VIGNOLO;115;0115;CUNEO;0;2.487
4244;1;VILLAFALLETTO;119;0119;SALUZZO;0;2.899
4245;1;VILLANOVA MONDOVÌ;118;0118;MONDOVÌ;0;5.769
4246;1;VILLANOVA SOLARO;120;0120;SAVIGLIANO;0;777
4247;1;VILLAR SAN COSTANZO;115;0115;CUNEO;0;1.502
4248;1;VINADIO;115;0115;CUNEO;0;684
4249;1;VIOLA;114;0114;CEVA;0;425
4250;1;VOTTIGNASCO;120;0120;SAVIGLIANO;0;547
5001;1;AGLIANO TERME;123;0123;NIZZA MONFERRATO;0;1.673
5002;1;ALBUGNANO;101;0101;CHIERI;0;541
5003;1;ANTIGNANO;121;0121;ASTI;0;1.025
5004;1;ARAMENGO;101;0101;CHIERI;0;632
5005;1;ASTI;121;0121;ASTI;1;73.899
5006;1;AZZANO D'ASTI;121;0121;ASTI;0;419
5007;1;BALDICHIERI D'ASTI;121;0121;ASTI;0;1.114
5008;1;BELVEGLIO;123;0123;NIZZA MONFERRATO;0;326
5009;1;BERZANO DI SAN PIETRO;101;0101;CHIERI;0;431
5010;1;BRUNO;123;0123;NIZZA MONFERRATO;0;351
5011;1;BUBBIO;122;0122;CANELLI;0;912
5012;1;BUTTIGLIERA D'ASTI;101;0101;CHIERI;0;2.552
5013;1;CALAMANDRANA;122;0122;CANELLI;0;1.784
5014;1;CALLIANO;121;0121;ASTI;0;1.392
5015;1;CALOSSO;122;0122;CANELLI;0;1.331
5016;1;CAMERANO CASASCO;121;0121;ASTI;0;480
5017;1;CANELLI;122;0122;CANELLI;1;10.569
5018;1;CANTARANA;121;0121;ASTI;0;1.023
5019;1;CAPRIGLIO;101;0101;CHIERI;0;300
5020;1;CASORZO;121;0121;ASTI;0;657
5021;1;CASSINASCO;122;0122;CANELLI;0;590
5022;1;CASTAGNOLE DELLE LANZE;112;0112;ALBA;0;3.784
5023;1;CASTAGNOLE MONFERRATO;121;0121;ASTI;0;1.271
5024;1;CASTEL BOGLIONE;123;0123;NIZZA MONFERRATO;0;614
5025;1;CASTELL'ALFERO;121;0121;ASTI;0;2.750
5026;1;CASTELLERO;121;0121;ASTI;0;302
5027;1;CASTELLETTO MOLINA;123;0123;NIZZA MONFERRATO;0;184
5028;1;CASTELLO DI ANNONE;121;0121;ASTI;0;1.928
5029;1;CASTELNUOVO BELBO;123;0123;NIZZA MONFERRATO;0;895
5030;1;CASTELNUOVO CALCEA;123;0123;NIZZA MONFERRATO;0;765
5031;1;CASTELNUOVO DON BOSCO;101;0101;CHIERI;0;3.260
5032;1;CASTEL ROCCHERO;124;0124;ACQUI TERME;0;396
5033;1;CELLARENGO;101;0101;CHIERI;0;714
5034;1;CELLE ENOMONDO;121;0121;ASTI;0;480
5035;1;CERRETO D'ASTI;101;0101;CHIERI;0;220
5036;1;CERRO TANARO;121;0121;ASTI;0;670
5037;1;CESSOLE;122;0122;CANELLI;0;420
5038;1;CHIUSANO D'ASTI;121;0121;ASTI;0;226
5039;1;CINAGLIO;121;0121;ASTI;0;455
5040;1;CISTERNA D'ASTI;112;0112;ALBA;0;1.286
5041;1;COAZZOLO;112;0112;ALBA;0;316
5042;1;COCCONATO;121;0121;ASTI;0;1.564
5044;1;CORSIONE;121;0121;ASTI;0;205
5045;1;CORTANDONE;121;0121;ASTI;0;323
5046;1;CORTANZE;121;0121;ASTI;0;288
5047;1;CORTAZZONE;121;0121;ASTI;0;657
5048;1;CORTIGLIONE;123;0123;NIZZA MONFERRATO;0;576
5049;1;COSSOMBRATO;121;0121;ASTI;0;541
5050;1;COSTIGLIOLE D'ASTI;121;0121;ASTI;0;5.969
5051;1;CUNICO;121;0121;ASTI;0;528
5052;1;DUSINO SAN MICHELE;101;0101;CHIERI;0;1.044
5053;1;FERRERE;112;0112;ALBA;0;1.602
5054;1;FONTANILE;123;0123;NIZZA MONFERRATO;0;566
5055;1;FRINCO;121;0121;ASTI;0;731
5056;1;GRANA;121;0121;ASTI;0;622
5057;1;GRAZZANO BADOGLIO;121;0121;ASTI;0;618
5058;1;INCISA SCAPACCINO;123;0123;NIZZA MONFERRATO;0;2.276
5059;1;ISOLA D'ASTI;121;0121;ASTI;0;2.121
5060;1;LOAZZOLO;122;0122;CANELLI;0;337
5061;1;MARANZANA;123;0123;NIZZA MONFERRATO;0;307
5062;1;MARETTO;121;0121;ASTI;0;405
5063;1;MOASCA;122;0122;CANELLI;0;470
5064;1;MOMBALDONE;124;0124;ACQUI TERME;0;221
5065;1;MOMBARUZZO;123;0123;NIZZA MONFERRATO;0;1.153
5066;1;MOMBERCELLI;123;0123;NIZZA MONFERRATO;0;2.343
5067;1;MONALE;121;0121;ASTI;0;1.026
5068;1;MONASTERO BORMIDA;124;0124;ACQUI TERME;0;1.006
5069;1;MONCALVO;121;0121;ASTI;0;3.184
5070;1;MONCUCCO TORINESE;101;0101;CHIERI;0;878
5071;1;MONGARDINO;121;0121;ASTI;0;951
5072;1;MONTABONE;124;0124;ACQUI TERME;0;347
5073;1;MONTAFIA;101;0101;CHIERI;0;904
5074;1;MONTALDO SCARAMPI;123;0123;NIZZA MONFERRATO;0;788
5075;1;MONTECHIARO D'ASTI;121;0121;ASTI;0;1.380
5076;1;MONTEGROSSO D'ASTI;123;0123;NIZZA MONFERRATO;0;2.264
5077;1;MONTEMAGNO;121;0121;ASTI;0;1.162
5079;1;MORANSENGO;121;0121;ASTI;0;212
5080;1;NIZZA MONFERRATO;123;0123;NIZZA MONFERRATO;1;10.372
5081;1;OLMO GENTILE;124;0124;ACQUI TERME;0;90
5082;1;PASSERANO MARMORITO;101;0101;CHIERI;0;443
5083;1;PENANGO;121;0121;ASTI;0;516
5084;1;PIEA;121;0121;ASTI;0;612
5085;1;PINO D'ASTI;101;0101;CHIERI;0;221
5086;1;PIOVÀ MASSAIA;101;0101;CHIERI;0;680
5087;1;PORTACOMARO;121;0121;ASTI;0;1.976
5088;1;QUARANTI;123;0123;NIZZA MONFERRATO;0;184
5089;1;REFRANCORE;121;0121;ASTI;0;1.669
5090;1;REVIGLIASCO D'ASTI;121;0121;ASTI;0;833
5091;1;ROATTO;121;0121;ASTI;0;374
5092;1;ROBELLA;126;0126;CASALE MONFERRATO;0;504
5093;1;ROCCA D'ARAZZO;121;0121;ASTI;0;944
5094;1;ROCCAVERANO;124;0124;ACQUI TERME;0;447
5095;1;ROCCHETTA PALAFEA;122;0122;CANELLI;0;347
5096;1;ROCCHETTA TANARO;121;0121;ASTI;0;1.437
5097;1;SAN DAMIANO D'ASTI;112;0112;ALBA;0;8.373
5098;1;SAN GIORGIO SCARAMPI;122;0122;CANELLI;0;131
5099;1;SAN MARTINO ALFIERI;112;0112;ALBA;0;712
5100;1;SAN MARZANO OLIVETO;122;0122;CANELLI;0;1.067
5101;1;SAN PAOLO SOLBRITO;101;0101;CHIERI;0;1.197
5103;1;SCURZOLENGO;121;0121;ASTI;0;596
5104;1;SEROLE;112;0112;ALBA;0;142
5105;1;SESSAME;124;0124;ACQUI TERME;0;284
5106;1;SETTIME;121;0121;ASTI;0;581
5107;1;SOGLIO;121;0121;ASTI;0;160
5108;1;TIGLIOLE;121;0121;ASTI;0;1.734
5109;1;TONCO;121;0121;ASTI;0;899
5110;1;TONENGO;121;0121;ASTI;0;197
5111;1;VAGLIO SERRA;123;0123;NIZZA MONFERRATO;0;284
5112;1;VALFENERA;101;0101;CHIERI;0;2.519
5113;1;VESIME;122;0122;CANELLI;0;661
5114;1;VIALE;121;0121;ASTI;0;261
5115;1;VIARIGI;121;0121;ASTI;0;955
5116;1;VIGLIANO D'ASTI;121;0121;ASTI;0;887
5117;1;VILLAFRANCA D'ASTI;121;0121;ASTI;0;3.250
5118;1;VILLANOVA D'ASTI;101;0101;CHIERI;0;5.774
5119;1;VILLA SAN SECONDO;121;0121;ASTI;0;410
5120;1;VINCHIO;123;0123;NIZZA MONFERRATO;0;657
5121;1;MONTIGLIO MONFERRATO;121;0121;ASTI;0;1.687
6001;1;ACQUI TERME;124;0124;ACQUI TERME;1;20.054
6002;1;ALBERA LIGURE;127;0127;NOVI LIGURE;0;329
6003;1;ALESSANDRIA;125;0125;ALESSANDRIA;1;89.411
6004;1;ALFIANO NATTA;121;0121;ASTI;0;754
6005;1;ALICE BEL COLLE;124;0124;ACQUI TERME;0;774
6006;1;ALLUVIONI CAMBIÒ;129;0129;TORTONA;0;961
6007;1;ALTAVILLA MONFERRATO;126;0126;CASALE MONFERRATO;0;497
6008;1;ALZANO SCRIVIA;129;0129;TORTONA;0;380
6009;1;ARQUATA SCRIVIA;127;0127;NOVI LIGURE;0;6.068
6010;1;AVOLASCA;129;0129;TORTONA;0;306
6011;1;BALZOLA;126;0126;CASALE MONFERRATO;0;1.420
6012;1;BASALUZZO;127;0127;NOVI LIGURE;0;2.071
6013;1;BASSIGNANA;130;0130;VALENZA;0;1.742
6014;1;BELFORTE MONFERRATO;128;0128;OVADA;0;505
6015;1;BERGAMASCO;125;0125;ALESSANDRIA;0;765
6016;1;BERZANO DI TORTONA;129;0129;TORTONA;0;171
6017;1;BISTAGNO;124;0124;ACQUI TERME;0;1.930
6018;1;BORGHETTO DI BORBERA;127;0127;NOVI LIGURE;0;1.991
6019;1;BORGORATTO ALESSANDRINO;125;0125;ALESSANDRIA;0;617
6020;1;BORGO SAN MARTINO;126;0126;CASALE MONFERRATO;0;1.470
6021;1;BOSCO MARENGO;125;0125;ALESSANDRIA;0;2.531
6022;1;BOSIO;127;0127;NOVI LIGURE;0;1.240
6023;1;BOZZOLE;130;0130;VALENZA;0;331
6024;1;BRIGNANO-FRASCATA;129;0129;TORTONA;0;451
6025;1;CABELLA LIGURE;127;0127;NOVI LIGURE;0;554
6026;1;CAMAGNA MONFERRATO;126;0126;CASALE MONFERRATO;0;510
6027;1;CAMINO;126;0126;CASALE MONFERRATO;0;802
6028;1;CANTALUPO LIGURE;127;0127;NOVI LIGURE;0;549
6029;1;CAPRIATA D'ORBA;127;0127;NOVI LIGURE;0;1.926
6030;1;CARBONARA SCRIVIA;129;0129;TORTONA;0;1.055
6031;1;CARENTINO;125;0125;ALESSANDRIA;0;325
6032;1;CAREZZANO;129;0129;TORTONA;0;444
6033;1;CARPENETO;128;0128;OVADA;0;991
6034;1;CARREGA LIGURE;127;0127;NOVI LIGURE;0;83
6035;1;CARROSIO;127;0127;NOVI LIGURE;0;481
6036;1;CARTOSIO;124;0124;ACQUI TERME;0;811
6037;1;CASAL CERMELLI;125;0125;ALESSANDRIA;0;1.235
6038;1;CASALEGGIO BOIRO;128;0128;OVADA;0;401
6039;1;CASALE MONFERRATO;126;0126;CASALE MONFERRATO;1;34.812
6040;1;CASALNOCETO;129;0129;TORTONA;0;1.015
6041;1;CASASCO;129;0129;TORTONA;0;124
6042;1;CASSANO SPINOLA;127;0127;NOVI LIGURE;0;1.793
6043;1;CASSINE;124;0124;ACQUI TERME;0;3.048
6044;1;CASSINELLE;128;0128;OVADA;0;937
6045;1;CASTELLANIA;129;0129;TORTONA;0;91
6046;1;CASTELLAR GUIDOBONO;129;0129;TORTONA;0;427
6047;1;CASTELLAZZO BORMIDA;125;0125;ALESSANDRIA;0;4.566
6048;1;CASTELLETTO D'ERRO;124;0124;ACQUI TERME;0;150
6049;1;CASTELLETTO D'ORBA;128;0128;OVADA;0;2.096
6050;1;CASTELLETTO MERLI;121;0121;ASTI;0;484
6051;1;CASTELLETTO MONFERRATO;125;0125;ALESSANDRIA;0;1.558
6052;1;CASTELNUOVO BORMIDA;124;0124;ACQUI TERME;0;680
6053;1;CASTELNUOVO SCRIVIA;129;0129;TORTONA;0;5.414
6054;1;CASTELSPINA;125;0125;ALESSANDRIA;0;422
6055;1;CAVATORE;124;0124;ACQUI TERME;0;301
6056;1;CELLA MONTE;126;0126;CASALE MONFERRATO;0;528
6057;1;CERESETO;126;0126;CASALE MONFERRATO;0;457
6058;1;CERRETO GRUE;129;0129;TORTONA;0;325
6059;1;CERRINA MONFERRATO;126;0126;CASALE MONFERRATO;0;1.495
6060;1;CONIOLO;126;0126;CASALE MONFERRATO;0;451
6061;1;CONZANO;126;0126;CASALE MONFERRATO;0;1.015
6062;1;COSTA VESCOVATO;129;0129;TORTONA;0;357
6063;1;CREMOLINO;128;0128;OVADA;0;1.062
6064;1;CUCCARO MONFERRATO;125;0125;ALESSANDRIA;0;339
6065;1;DENICE;124;0124;ACQUI TERME;0;190
6066;1;DERNICE;129;0129;TORTONA;0;210
6067;1;FABBRICA CURONE;129;0129;TORTONA;0;695
6068;1;FELIZZANO;125;0125;ALESSANDRIA;0;2.421
6069;1;FRACONALTO;710;0710;GENOVA;0;352
6070;1;FRANCAVILLA BISIO;127;0127;NOVI LIGURE;0;518
6071;1;FRASCARO;125;0125;ALESSANDRIA;0;446
6072;1;FRASSINELLO MONFERRATO;126;0126;CASALE MONFERRATO;0;533
6073;1;FRASSINETO PO;126;0126;CASALE MONFERRATO;0;1.471
6074;1;FRESONARA;127;0127;NOVI LIGURE;0;739
6075;1;FRUGAROLO;125;0125;ALESSANDRIA;0;2.012
6076;1;FUBINE;125;0125;ALESSANDRIA;0;1.657
6077;1;GABIANO;126;0126;CASALE MONFERRATO;0;1.212
6078;1;GAMALERO;125;0125;ALESSANDRIA;0;847
6079;1;GARBAGNA;129;0129;TORTONA;0;707
6080;1;GAVAZZANA;127;0127;NOVI LIGURE;0;172
6081;1;GAVI;127;0127;NOVI LIGURE;0;4.707
6082;1;GIAROLE;130;0130;VALENZA;0;720
6083;1;GREMIASCO;129;0129;TORTONA;0;344
6084;1;GROGNARDO;124;0124;ACQUI TERME;0;296
6085;1;GRONDONA;127;0127;NOVI LIGURE;0;545
6086;1;GUAZZORA;129;0129;TORTONA;0;313
6087;1;ISOLA SANT'ANTONIO;129;0129;TORTONA;0;734
6088;1;LERMA;128;0128;OVADA;0;873
6089;1;LU;130;0130;VALENZA;0;1.181
6090;1;MALVICINO;124;0124;ACQUI TERME;0;84
6091;1;MASIO;125;0125;ALESSANDRIA;0;1.465
6092;1;MELAZZO;124;0124;ACQUI TERME;0;1.315
6093;1;MERANA;706;0706;CAIRO MONTENOTTE;0;185
6094;1;MIRABELLO MONFERRATO;126;0126;CASALE MONFERRATO;0;1.401
6095;1;MOLARE;128;0128;OVADA;0;2.269
6096;1;MOLINO DEI TORTI;129;0129;TORTONA;0;653
6097;1;MOMBELLO MONFERRATO;126;0126;CASALE MONFERRATO;0;1.087
6098;1;MOMPERONE;129;0129;TORTONA;0;219
6099;1;MONCESTINO;126;0126;CASALE MONFERRATO;0;228
6100;1;MONGIARDINO LIGURE;127;0127;NOVI LIGURE;0;177
6101;1;MONLEALE;129;0129;TORTONA;0;593
6102;1;MONTACUTO;129;0129;TORTONA;0;306
6103;1;MONTALDEO;128;0128;OVADA;0;291
6104;1;MONTALDO BORMIDA;128;0128;OVADA;0;708
6105;1;MONTECASTELLO;125;0125;ALESSANDRIA;0;324
6106;1;MONTECHIARO D'ACQUI;124;0124;ACQUI TERME;0;568
6107;1;MONTEGIOCO;129;0129;TORTONA;0;326
6108;1;MONTEMARZINO;129;0129;TORTONA;0;341
6109;1;MORANO SUL PO;126;0126;CASALE MONFERRATO;0;1.511
6110;1;MORBELLO;124;0124;ACQUI TERME;0;408
6111;1;MORNESE;128;0128;OVADA;0;726
6112;1;MORSASCO;124;0124;ACQUI TERME;0;712
6113;1;MURISENGO;126;0126;CASALE MONFERRATO;0;1.450
6114;1;NOVI LIGURE;127;0127;NOVI LIGURE;1;27.682
6115;1;OCCIMIANO;126;0126;CASALE MONFERRATO;0;1.367
6116;1;ODALENGO GRANDE;126;0126;CASALE MONFERRATO;0;487
6117;1;ODALENGO PICCOLO;121;0121;ASTI;0;270
6118;1;OLIVOLA;126;0126;CASALE MONFERRATO;0;123
6119;1;ORSARA BORMIDA;124;0124;ACQUI TERME;0;406
6120;1;OTTIGLIO;126;0126;CASALE MONFERRATO;0;672
6121;1;OVADA;128;0128;OVADA;1;11.685
6122;1;OVIGLIO;125;0125;ALESSANDRIA;0;1.319
6123;1;OZZANO MONFERRATO;126;0126;CASALE MONFERRATO;0;1.506
6124;1;PADERNA;129;0129;TORTONA;0;231
6125;1;PARETO;124;0124;ACQUI TERME;0;602
6126;1;PARODI LIGURE;127;0127;NOVI LIGURE;0;710
6127;1;PASTURANA;127;0127;NOVI LIGURE;0;1.256
6128;1;PECETTO DI VALENZA;130;0130;VALENZA;0;1.233
6129;1;PIETRA MARAZZI;125;0125;ALESSANDRIA;0;900
6130;1;PIOVERA;130;0130;VALENZA;0;830
6131;1;POMARO MONFERRATO;130;0130;VALENZA;0;390
6132;1;PONTECURONE;129;0129;TORTONA;0;3.850
6133;1;PONTESTURA;126;0126;CASALE MONFERRATO;0;1.508
6134;1;PONTI;124;0124;ACQUI TERME;0;618
6135;1;PONZANO MONFERRATO;126;0126;CASALE MONFERRATO;0;380
6136;1;PONZONE;124;0124;ACQUI TERME;0;1.071
6137;1;POZZOL GROPPO;338;0338;VOGHERA;0;365
6138;1;POZZOLO FORMIGARO;127;0127;NOVI LIGURE;0;4.910
6139;1;PRASCO;124;0124;ACQUI TERME;0;552
6140;1;PREDOSA;128;0128;OVADA;0;2.092
6141;1;QUARGNENTO;125;0125;ALESSANDRIA;0;1.397
6142;1;QUATTORDIO;125;0125;ALESSANDRIA;0;1.668
6143;1;RICALDONE;124;0124;ACQUI TERME;0;675
6144;1;RIVALTA BORMIDA;124;0124;ACQUI TERME;0;1.417
6145;1;RIVARONE;130;0130;VALENZA;0;363
6146;1;ROCCAFORTE LIGURE;127;0127;NOVI LIGURE;0;154
6147;1;ROCCA GRIMALDA;128;0128;OVADA;0;1.495
6148;1;ROCCHETTA LIGURE;127;0127;NOVI LIGURE;0;210
6149;1;ROSIGNANO MONFERRATO;126;0126;CASALE MONFERRATO;0;1.641
6150;1;SALA MONFERRATO;126;0126;CASALE MONFERRATO;0;377
6151;1;SALE;129;0129;TORTONA;0;4.218
6152;1;SAN CRISTOFORO;127;0127;NOVI LIGURE;0;607
6153;1;SAN GIORGIO MONFERRATO;126;0126;CASALE MONFERRATO;0;1.279
6154;1;SAN SALVATORE MONFERRATO;130;0130;VALENZA;0;4.449
6155;1;SAN SEBASTIANO CURONE;129;0129;TORTONA;0;591
6156;1;SANT'AGATA FOSSILI;127;0127;NOVI LIGURE;0;441
6157;1;SARDIGLIANO;127;0127;NOVI LIGURE;0;452
6158;1;SAREZZANO;129;0129;TORTONA;0;1.193
6159;1;SERRALUNGA DI CREA;126;0126;CASALE MONFERRATO;0;579
6160;1;SERRAVALLE SCRIVIA;127;0127;NOVI LIGURE;0;6.322
6161;1;SEZZADIO;125;0125;ALESSANDRIA;0;1.294
6162;1;SILVANO D'ORBA;128;0128;OVADA;0;2.056
6163;1;SOLERO;125;0125;ALESSANDRIA;0;1.660
6164;1;SOLONGHELLO;126;0126;CASALE MONFERRATO;0;221
6165;1;SPIGNO MONFERRATO;124;0124;ACQUI TERME;0;1.126
6166;1;SPINETO SCRIVIA;129;0129;TORTONA;0;332
6167;1;STAZZANO;127;0127;NOVI LIGURE;0;2.425
6168;1;STREVI;124;0124;ACQUI TERME;0;2.039
6169;1;TAGLIOLO MONFERRATO;128;0128;OVADA;0;1.606
6170;1;TASSAROLO;127;0127;NOVI LIGURE;0;636
6171;1;TERRUGGIA;126;0126;CASALE MONFERRATO;0;901
6172;1;TERZO;124;0124;ACQUI TERME;0;907
6173;1;TICINETO;126;0126;CASALE MONFERRATO;0;1.424
6174;1;TORTONA;129;0129;TORTONA;1;25.986
6175;1;TREVILLE;126;0126;CASALE MONFERRATO;0;271
6176;1;TRISOBBIO;128;0128;OVADA;0;671
6177;1;VALENZA;130;0130;VALENZA;1;19.671
6178;1;VALMACCA;126;0126;CASALE MONFERRATO;0;1.055
6179;1;VIGNALE MONFERRATO;126;0126;CASALE MONFERRATO;0;1.068
6180;1;VIGNOLE BORBERA;127;0127;NOVI LIGURE;0;2.245
6181;1;VIGUZZOLO;129;0129;TORTONA;0;3.209
6182;1;VILLADEATI;126;0126;CASALE MONFERRATO;0;523
6183;1;VILLALVERNIA;129;0129;TORTONA;0;966
6184;1;VILLAMIROGLIO;126;0126;CASALE MONFERRATO;0;332
6185;1;VILLANOVA MONFERRATO;126;0126;CASALE MONFERRATO;0;1.849
6186;1;VILLAROMAGNANO;129;0129;TORTONA;0;700
6187;1;VISONE;124;0124;ACQUI TERME;0;1.257
6188;1;VOLPEDO;129;0129;TORTONA;0;1.212
6189;1;VOLPEGLINO;129;0129;TORTONA;0;160
6190;1;VOLTAGGIO;127;0127;NOVI LIGURE;0;759
96001;1;AILOCHE;107;0107;BORGOSESIA;0;330
96002;1;ANDORNO MICCA;131;0131;BIELLA;0;3.407
96003;1;BENNA;131;0131;BIELLA;0;1.190
96004;1;BIELLA;131;0131;BIELLA;1;43.818
96005;1;BIOGLIO;132;0132;COSSATO;0;986
96006;1;BORRIANA;131;0131;BIELLA;0;880
96007;1;BRUSNENGO;132;0132;COSSATO;0;2.168
96008;1;CALLABIANA;131;0131;BIELLA;0;149
96009;1;CAMANDONA;132;0132;COSSATO;0;359
96010;1;CAMBURZANO;131;0131;BIELLA;0;1.227
96011;1;CAMPIGLIA CERVO;131;0131;BIELLA;0;172
96012;1;CANDELO;131;0131;BIELLA;0;7.952
96013;1;CAPRILE;107;0107;BORGOSESIA;0;206
96014;1;CASAPINTA;132;0132;COSSATO;0;454
96015;1;CASTELLETTO CERVO;132;0132;COSSATO;0;880
96016;1;CAVAGLIÀ;108;0108;SANTHIÀ;0;3.625
96017;1;CERRETO CASTELLO;132;0132;COSSATO;0;628
96018;1;CERRIONE;131;0131;BIELLA;0;2.894
96019;1;COGGIOLA;132;0132;COSSATO;0;1.996
96020;1;COSSATO;132;0132;COSSATO;1;14.810
96021;1;CREVACUORE;107;0107;BORGOSESIA;0;1.610
96022;1;CROSA;132;0132;COSSATO;0;344
96023;1;CURINO;132;0132;COSSATO;0;453
96024;1;DONATO;131;0131;BIELLA;0;719
96025;1;DORZANO;108;0108;SANTHIÀ;0;508
96026;1;GAGLIANICO;131;0131;BIELLA;0;3.899
96027;1;GIFFLENGA;132;0132;COSSATO;0;130
96028;1;GRAGLIA;131;0131;BIELLA;0;1.588
96029;1;LESSONA;132;0132;COSSATO;0;2.491
96030;1;MAGNANO;131;0131;BIELLA;0;378
96031;1;MASSAZZA;131;0131;BIELLA;0;542
96032;1;MASSERANO;132;0132;COSSATO;0;2.202
96033;1;MEZZANA MORTIGLIENGO;132;0132;COSSATO;0;561
96034;1;MIAGLIANO;131;0131;BIELLA;0;638
96035;1;MONGRANDO;131;0131;BIELLA;0;3.977
96037;1;MOTTALCIATA;132;0132;COSSATO;0;1.431
96038;1;MUZZANO;131;0131;BIELLA;0;614
96039;1;NETRO;131;0131;BIELLA;0;1.015
96040;1;OCCHIEPPO INFERIORE;131;0131;BIELLA;0;3.980
96041;1;OCCHIEPPO SUPERIORE;131;0131;BIELLA;0;2.821
96042;1;PETTINENGO;131;0131;BIELLA;0;1.524
96043;1;PIATTO;131;0131;BIELLA;0;547
96044;1;PIEDICAVALLO;131;0131;BIELLA;0;203
96046;1;POLLONE;131;0131;BIELLA;0;2.153
96047;1;PONDERANO;131;0131;BIELLA;0;3.927
96048;1;PORTULA;132;0132;COSSATO;0;1.365
96049;1;PRALUNGO;131;0131;BIELLA;0;2.639
96050;1;PRAY;132;0132;COSSATO;0;2.307
96051;1;QUAREGNA;132;0132;COSSATO;0;1.390
96052;1;QUITTENGO;131;0131;BIELLA;0;214
96053;1;RONCO BIELLESE;131;0131;BIELLA;0;1.514
96054;1;ROPPOLO;108;0108;SANTHIÀ;0;921
96055;1;ROSAZZA;131;0131;BIELLA;0;87
96056;1;SAGLIANO MICCA;131;0131;BIELLA;0;1.654
96057;1;SALA BIELLESE;131;0131;BIELLA;0;627
96058;1;SALUSSOLA;131;0131;BIELLA;0;2.015
96059;1;SANDIGLIANO;131;0131;BIELLA;0;2.762
96060;1;SAN PAOLO CERVO;131;0131;BIELLA;0;142
96061;1;SELVE MARCONE;131;0131;BIELLA;0;100
96062;1;SOPRANA;132;0132;COSSATO;0;754
96063;1;SORDEVOLO;131;0131;BIELLA;0;1.330
96064;1;SOSTEGNO;107;0107;BORGOSESIA;0;751
96065;1;STRONA;132;0132;COSSATO;0;1.157
96066;1;TAVIGLIANO;131;0131;BIELLA;0;960
96067;1;TERNENGO;131;0131;BIELLA;0;298
96068;1;TOLLEGNO;131;0131;BIELLA;0;2.645
96069;1;TORRAZZO;131;0131;BIELLA;0;224
96070;1;TRIVERO;132;0132;COSSATO;0;6.144
96071;1;VALDENGO;131;0131;BIELLA;0;2.532
96072;1;VALLANZENGO;132;0132;COSSATO;0;239
96073;1;VALLE MOSSO;132;0132;COSSATO;0;3.526
96074;1;VALLE SAN NICOLAO;132;0132;COSSATO;0;1.086
96075;1;VEGLIO;132;0132;COSSATO;0;566
96076;1;VERRONE;131;0131;BIELLA;0;1.253
96077;1;VIGLIANO BIELLESE;131;0131;BIELLA;0;8.180
96078;1;VILLA DEL BOSCO;132;0132;COSSATO;0;363
96079;1;VILLANOVA BIELLESE;132;0132;COSSATO;0;190
96080;1;VIVERONE;108;0108;SANTHIÀ;0;1.423
96081;1;ZIMONE;131;0131;BIELLA;0;425
96082;1;ZUBIENA;131;0131;BIELLA;0;1.251
96083;1;ZUMAGLIA;131;0131;BIELLA;0;1.129
96084;1;MOSSO;132;0132;COSSATO;0;1.643
103001;1;ANTRONA SCHIERANCO;133;0133;DOMODOSSOLA;0;467
103002;1;ANZOLA D'OSSOLA;134;0134;OMEGNA;0;448
103003;1;ARIZZANO;136;0136;VERBANIA;0;2.040
103004;1;AROLA;110;0110;BORGOMANERO;0;250
103005;1;AURANO;136;0136;VERBANIA;0;103
103006;1;BACENO;133;0133;DOMODOSSOLA;0;922
103007;1;BANNIO ANZINO;133;0133;DOMODOSSOLA;0;518
103008;1;BAVENO;136;0136;VERBANIA;0;4.917
103009;1;BEE;136;0136;VERBANIA;0;729
103010;1;BELGIRATE;136;0136;VERBANIA;0;546
103011;1;BEURA-CARDEZZA;133;0133;DOMODOSSOLA;0;1.437
103012;1;BOGNANCO;133;0133;DOMODOSSOLA;0;230
103013;1;BROVELLO-CARPUGNINO;136;0136;VERBANIA;0;721
103014;1;CALASCA-CASTIGLIONE;133;0133;DOMODOSSOLA;0;681
103015;1;CAMBIASCA;136;0136;VERBANIA;0;1.646
103016;1;CANNERO RIVIERA;136;0136;VERBANIA;0;973
103017;1;CANNOBIO;136;0136;VERBANIA;0;4.992
103018;1;CAPREZZO;136;0136;VERBANIA;0;168
103019;1;CASALE CORTE CERRO;134;0134;OMEGNA;0;3.476
103020;1;CAVAGLIO-SPOCCIA;136;0136;VERBANIA;0;255
103021;1;CEPPO MORELLI;133;0133;DOMODOSSOLA;0;341
103022;1;CESARA;134;0134;OMEGNA;0;598
103023;1;COSSOGNO;136;0136;VERBANIA;0;588
103024;1;CRAVEGGIA;135;0135;SANTA MARIA MAGGIORE;0;728
103025;1;CREVOLADOSSOLA;133;0133;DOMODOSSOLA;0;4.726
103026;1;CRODO;133;0133;DOMODOSSOLA;0;1.472
103027;1;CURSOLO-ORASSO;136;0136;VERBANIA;0;106
103028;1;DOMODOSSOLA;133;0133;DOMODOSSOLA;1;18.175
103029;1;DRUOGNO;135;0135;SANTA MARIA MAGGIORE;0;977
103030;1;FALMENTA;136;0136;VERBANIA;0;157
103031;1;FORMAZZA;133;0133;DOMODOSSOLA;0;442
103032;1;GERMAGNO;134;0134;OMEGNA;0;186
103033;1;GHIFFA;136;0136;VERBANIA;0;2.394
103034;1;GIGNESE;136;0136;VERBANIA;0;943
103035;1;GRAVELLONA TOCE;134;0134;OMEGNA;0;7.751
103036;1;GURRO;136;0136;VERBANIA;0;247
103037;1;INTRAGNA;136;0136;VERBANIA;0;107
103038;1;LOREGLIA;134;0134;OMEGNA;0;262
103039;1;MACUGNAGA;133;0133;DOMODOSSOLA;0;601
103040;1;MADONNA DEL SASSO;110;0110;BORGOMANERO;0;396
103041;1;MALESCO;135;0135;SANTA MARIA MAGGIORE;0;1.465
103042;1;MASERA;133;0133;DOMODOSSOLA;0;1.527
103043;1;MASSIOLA;134;0134;OMEGNA;0;137
103044;1;MERGOZZO;134;0134;OMEGNA;0;2.196
103045;1;MIAZZINA;136;0136;VERBANIA;0;414
103046;1;MONTECRESTESE;133;0133;DOMODOSSOLA;0;1.255
103047;1;MONTESCHENO;133;0133;DOMODOSSOLA;0;414
103048;1;NONIO;134;0134;OMEGNA;0;878
103049;1;OGGEBBIO;136;0136;VERBANIA;0;881
103050;1;OMEGNA;134;0134;OMEGNA;1;15.744
103051;1;ORNAVASSO;134;0134;OMEGNA;0;3.407
103052;1;PALLANZENO;133;0133;DOMODOSSOLA;0;1.176
103053;1;PIEDIMULERA;133;0133;DOMODOSSOLA;0;1.559
103054;1;PIEVE VERGONTE;133;0133;DOMODOSSOLA;0;2.644
103055;1;PREMENO;136;0136;VERBANIA;0;746
103056;1;PREMIA;133;0133;DOMODOSSOLA;0;577
103057;1;PREMOSELLO-CHIOVENDA;133;0133;DOMODOSSOLA;0;2.034
103058;1;QUARNA SOPRA;134;0134;OMEGNA;0;289
103059;1;QUARNA SOTTO;134;0134;OMEGNA;0;420
103060;1;RE;135;0135;SANTA MARIA MAGGIORE;0;757
103061;1;SAN BERNARDINO VERBANO;136;0136;VERBANIA;0;1.384
103062;1;SANTA MARIA MAGGIORE;135;0135;SANTA MARIA MAGGIORE;1;1.264
103063;1;SEPPIANA;133;0133;DOMODOSSOLA;0;161
103064;1;STRESA;136;0136;VERBANIA;0;4.816
103065;1;TOCENO;135;0135;SANTA MARIA MAGGIORE;0;771
103066;1;TRAREGO VIGGIONA;136;0136;VERBANIA;0;392
103067;1;TRASQUERA;133;0133;DOMODOSSOLA;0;211
103068;1;TRONTANO;133;0133;DOMODOSSOLA;0;1.702
103069;1;VALSTRONA;134;0134;OMEGNA;0;1.268
103070;1;VANZONE CON SAN CARLO;133;0133;DOMODOSSOLA;0;435
103071;1;VARZO;133;0133;DOMODOSSOLA;0;2.106
103072;1;VERBANIA;136;0136;VERBANIA;1;30.332
103073;1;VIGANELLA;133;0133;DOMODOSSOLA;0;174
103074;1;VIGNONE;136;0136;VERBANIA;0;1.220
103075;1;VILLADOSSOLA;133;0133;DOMODOSSOLA;0;6.777
103076;1;VILLETTE;135;0135;SANTA MARIA MAGGIORE;0;264
103077;1;VOGOGNA;133;0133;DOMODOSSOLA;0;1.751
7001;2;ALLEIN;201;0201;AOSTA;0;248
7002;2;ANTEY-SAINT-ANDRÉ;205;0205;VALTOURNENCHE;0;626
7003;2;AOSTA;201;0201;AOSTA;1;34.102
7004;2;ARNAD;204;0204;SAINT-VINCENT;0;1.294
7005;2;ARVIER;201;0201;AOSTA;0;892
7006;2;AVISE;201;0201;AOSTA;0;348
7007;2;AYAS;202;0202;AYAS;1;1.359
7008;2;AYMAVILLES;201;0201;AOSTA;0;2.072
7009;2;BARD;204;0204;SAINT-VINCENT;0;125
7010;2;BIONAZ;201;0201;AOSTA;0;234
7011;2;BRISSOGNE;201;0201;AOSTA;0;983
7012;2;BRUSSON;202;0202;AYAS;0;852
7013;2;CHALLAND-SAINT-ANSELME;202;0202;AYAS;0;756
7014;2;CHALLAND-SAINT-VICTOR;202;0202;AYAS;0;611
7015;2;CHAMBAVE;204;0204;SAINT-VINCENT;0;939
7016;2;CHAMOIS;205;0205;VALTOURNENCHE;0;94
7017;2;CHAMPDEPRAZ;204;0204;SAINT-VINCENT;0;702
7018;2;CHAMPORCHER;204;0204;SAINT-VINCENT;0;398
7019;2;CHARVENSOD;201;0201;AOSTA;0;2.507
7020;2;CHÂTILLON;204;0204;SAINT-VINCENT;0;4.946
7021;2;COGNE;201;0201;AOSTA;0;1.453
7022;2;COURMAYEUR;203;0203;COURMAYEUR;1;2.815
7023;2;DONNAS;204;0204;SAINT-VINCENT;0;2.624
7024;2;DOUES;201;0201;AOSTA;0;477
7025;2;EMARÈSE;204;0204;SAINT-VINCENT;0;228
7026;2;ETROUBLES;201;0201;AOSTA;0;496
7027;2;FÉNIS;201;0201;AOSTA;0;1.766
7028;2;FONTAINEMORE;204;0204;SAINT-VINCENT;0;449
7029;2;GABY;204;0204;SAINT-VINCENT;0;487
7030;2;GIGNOD;201;0201;AOSTA;0;1.692
7031;2;GRESSAN;201;0201;AOSTA;0;3.306
7032;2;GRESSONEY-LA-TRINITÉ;204;0204;SAINT-VINCENT;0;311
7033;2;GRESSONEY-SAINT-JEAN;204;0204;SAINT-VINCENT;0;814
7034;2;HÔNE;204;0204;SAINT-VINCENT;0;1.175
7035;2;INTROD;201;0201;AOSTA;0;632
7036;2;ISSIME;204;0204;SAINT-VINCENT;0;422
7037;2;ISSOGNE;204;0204;SAINT-VINCENT;0;1.396
7038;2;JOVENÇAN;201;0201;AOSTA;0;758
7039;2;LA MAGDELEINE;205;0205;VALTOURNENCHE;0;111
7040;2;LA SALLE;203;0203;COURMAYEUR;0;2.071
7041;2;LA THUILE;203;0203;COURMAYEUR;0;776
7042;2;LILLIANES;204;0204;SAINT-VINCENT;0;465
7043;2;MONTJOVET;204;0204;SAINT-VINCENT;0;1.831
7044;2;MORGEX;203;0203;COURMAYEUR;0;2.069
7045;2;NUS;201;0201;AOSTA;0;2.943
7046;2;OLLOMONT;201;0201;AOSTA;0;158
7047;2;OYACE;201;0201;AOSTA;0;225
7048;2;PERLOZ;204;0204;SAINT-VINCENT;0;453
7049;2;POLLEIN;201;0201;AOSTA;0;1.531
7050;2;PONTBOSET;204;0204;SAINT-VINCENT;0;195
7051;2;PONTEY;204;0204;SAINT-VINCENT;0;818
7052;2;PONT-SAINT-MARTIN;204;0204;SAINT-VINCENT;0;4.005
7053;2;PRÉ-SAINT-DIDIER;203;0203;COURMAYEUR;0;1.012
7054;2;QUART;201;0201;AOSTA;0;3.872
7055;2;RHÊMES-NOTRE-DAME;201;0201;AOSTA;0;114
7056;2;RHÊMES-SAINT-GEORGES;201;0201;AOSTA;0;196
7057;2;ROISAN;201;0201;AOSTA;0;1.042
7058;2;SAINT-CHRISTOPHE;201;0201;AOSTA;0;3.356
7059;2;SAINT-DENIS;204;0204;SAINT-VINCENT;0;382
7060;2;SAINT-MARCEL;201;0201;AOSTA;0;1.275
7061;2;SAINT-NICOLAS;201;0201;AOSTA;0;315
7062;2;SAINT-OYEN;201;0201;AOSTA;0;217
7063;2;SAINT-PIERRE;201;0201;AOSTA;0;3.112
7064;2;SAINT-RHÉMY-EN-BOSSES;201;0201;AOSTA;0;367
7065;2;SAINT-VINCENT;204;0204;SAINT-VINCENT;1;4.654
7066;2;SARRE;201;0201;AOSTA;0;4.857
7067;2;TORGNON;205;0205;VALTOURNENCHE;0;517
7068;2;VALGRISENCHE;201;0201;AOSTA;0;198
7069;2;VALPELLINE;201;0201;AOSTA;0;655
7070;2;VALSAVARENCHE;201;0201;AOSTA;0;187
7071;2;VALTOURNENCHE;205;0205;VALTOURNENCHE;1;2.147
7072;2;VERRAYES;204;0204;SAINT-VINCENT;0;1.344
7073;2;VERRÈS;204;0204;SAINT-VINCENT;0;2.711
7074;2;VILLENEUVE;201;0201;AOSTA;0;1.236
12001;3;AGRA;302;0302;LUINO;0;379
12002;3;ALBIZZATE;301;0301;BUSTO ARSIZIO;0;5.292
12003;3;ANGERA;303;0303;VARESE;0;5.622
12004;3;ARCISATE;303;0303;VARESE;0;9.850
12005;3;ARSAGO SEPRIO;301;0301;BUSTO ARSIZIO;0;4.845
12006;3;AZZATE;303;0303;VARESE;0;4.554
12007;3;AZZIO;303;0303;VARESE;0;802
12008;3;BARASSO;303;0303;VARESE;0;1.710
12009;3;BARDELLO;303;0303;VARESE;0;1.550
12010;3;BEDERO VALCUVIA;302;0302;LUINO;0;667
12011;3;BESANO;303;0303;VARESE;0;2.603
12012;3;BESNATE;301;0301;BUSTO ARSIZIO;0;5.464
12013;3;BESOZZO;303;0303;VARESE;0;8.994
12014;3;BIANDRONNO;303;0303;VARESE;0;3.285
12015;3;BISUSCHIO;303;0303;VARESE;0;4.267
12016;3;BODIO LOMNAGO;303;0303;VARESE;0;2.119
12017;3;BREBBIA;303;0303;VARESE;0;3.362
12018;3;BREGANO;303;0303;VARESE;0;839
12019;3;BRENTA;303;0303;VARESE;0;1.798
12020;3;BREZZO DI BEDERO;302;0302;LUINO;0;1.185
12021;3;BRINZIO;303;0303;VARESE;0;873
12022;3;BRISSAGO-VALTRAVAGLIA;302;0302;LUINO;0;1.250
12023;3;BRUNELLO;303;0303;VARESE;0;1.030
12024;3;BRUSIMPIANO;302;0302;LUINO;0;1.208
12025;3;BUGUGGIATE;303;0303;VARESE;0;3.115
12026;3;BUSTO ARSIZIO;301;0301;BUSTO ARSIZIO;1;79.692
12027;3;CADEGLIANO-VICONAGO;302;0302;LUINO;0;1.867
12028;3;CADREZZATE;303;0303;VARESE;0;1.818
12029;3;CAIRATE;301;0301;BUSTO ARSIZIO;0;7.830
12030;3;CANTELLO;303;0303;VARESE;0;4.569
12031;3;CARAVATE;303;0303;VARESE;0;2.612
12032;3;CARDANO AL CAMPO;301;0301;BUSTO ARSIZIO;0;14.136
12033;3;CARNAGO;301;0301;BUSTO ARSIZIO;0;6.502
12034;3;CARONNO PERTUSELLA;313;0313;MILANO;0;16.397
12035;3;CARONNO VARESINO;303;0303;VARESE;0;4.940
12036;3;CASALE LITTA;303;0303;VARESE;0;2.652
12037;3;CASALZUIGNO;303;0303;VARESE;0;1.304
12038;3;CASCIAGO;303;0303;VARESE;0;3.865
12039;3;CASORATE SEMPIONE;301;0301;BUSTO ARSIZIO;0;5.726
12040;3;CASSANO MAGNAGO;301;0301;BUSTO ARSIZIO;0;21.386
12041;3;CASSANO VALCUVIA;302;0302;LUINO;0;665
12042;3;CASTELLANZA;301;0301;BUSTO ARSIZIO;0;14.244
12043;3;CASTELLO CABIAGLIO;303;0303;VARESE;0;530
12044;3;CASTELSEPRIO;303;0303;VARESE;0;1.281
12045;3;CASTELVECCANA;302;0302;LUINO;0;2.000
12046;3;CASTIGLIONE OLONA;303;0303;VARESE;0;7.836
12047;3;CASTRONNO;303;0303;VARESE;0;5.248
12048;3;CAVARIA CON PREMEZZO;301;0301;BUSTO ARSIZIO;0;5.713
12049;3;CAZZAGO BRABBIA;303;0303;VARESE;0;828
12050;3;CISLAGO;313;0313;MILANO;0;9.984
12051;3;CITTIGLIO;303;0303;VARESE;0;3.972
12052;3;CLIVIO;303;0303;VARESE;0;1.942
12053;3;COCQUIO-TREVISAGO;303;0303;VARESE;0;4.756
12054;3;COMABBIO;303;0303;VARESE;0;1.194
12055;3;COMERIO;303;0303;VARESE;0;2.616
12056;3;CREMENAGA;302;0302;LUINO;0;768
12057;3;CROSIO DELLA VALLE;303;0303;VARESE;0;611
12058;3;CUASSO AL MONTE;303;0303;VARESE;0;3.604
12059;3;CUGLIATE-FABIASCO;302;0302;LUINO;0;3.074
12060;3;CUNARDO;302;0302;LUINO;0;2.887
12061;3;CURIGLIA CON MONTEVIASCO;302;0302;LUINO;0;190
12062;3;CUVEGLIO;302;0302;LUINO;0;3.397
12063;3;CUVIO;302;0302;LUINO;0;1.698
12064;3;DAVERIO;303;0303;VARESE;0;3.075
12065;3;DUMENZA;302;0302;LUINO;0;1.433
12066;3;DUNO;302;0302;LUINO;0;159
12067;3;FAGNANO OLONA;301;0301;BUSTO ARSIZIO;0;12.141
12068;3;FERNO;301;0301;BUSTO ARSIZIO;0;6.786
12069;3;FERRERA DI VARESE;302;0302;LUINO;0;693
12070;3;GALLARATE;301;0301;BUSTO ARSIZIO;0;50.456
12071;3;GALLIATE LOMBARDO;303;0303;VARESE;0;982
12072;3;GAVIRATE;303;0303;VARESE;0;9.209
12073;3;GAZZADA SCHIANNO;303;0303;VARESE;0;4.644
12074;3;GEMONIO;303;0303;VARESE;0;2.883
12075;3;GERENZANO;313;0313;MILANO;0;10.411
12076;3;GERMIGNAGA;302;0302;LUINO;0;3.724
12077;3;GOLASECCA;301;0301;BUSTO ARSIZIO;0;2.653
12078;3;GORLA MAGGIORE;301;0301;BUSTO ARSIZIO;0;5.081
12079;3;GORLA MINORE;301;0301;BUSTO ARSIZIO;0;8.398
12080;3;GORNATE OLONA;303;0303;VARESE;0;2.227
12081;3;GRANTOLA;302;0302;LUINO;0;1.271
12082;3;INARZO;303;0303;VARESE;0;1.073
12083;3;INDUNO OLONA;303;0303;VARESE;0;10.336
12084;3;ISPRA;303;0303;VARESE;0;5.178
12085;3;JERAGO CON ORAGO;301;0301;BUSTO ARSIZIO;0;5.084
12086;3;LAVENA PONTE TRESA;302;0302;LUINO;0;5.414
12087;3;LAVENO-MOMBELLO;303;0303;VARESE;0;8.905
12088;3;LEGGIUNO;303;0303;VARESE;0;3.571
12089;3;LONATE CEPPINO;303;0303;VARESE;0;4.860
12090;3;LONATE POZZOLO;301;0301;BUSTO ARSIZIO;0;11.748
12091;3;LOZZA;303;0303;VARESE;0;1.237
12092;3;LUINO;302;0302;LUINO;1;14.276
12093;3;LUVINATE;303;0303;VARESE;0;1.309
12094;3;MACCAGNO;302;0302;LUINO;0;1.984
12095;3;MALGESSO;303;0303;VARESE;0;1.298
12096;3;MALNATE;303;0303;VARESE;0;16.604
12097;3;MARCHIROLO;302;0302;LUINO;0;3.381
12098;3;MARNATE;301;0301;BUSTO ARSIZIO;0;7.299
12099;3;MARZIO;303;0303;VARESE;0;303
12100;3;MASCIAGO PRIMO;302;0302;LUINO;0;290
12101;3;MERCALLO;301;0301;BUSTO ARSIZIO;0;1.827
12102;3;MESENZANA;302;0302;LUINO;0;1.486
12103;3;MONTEGRINO VALTRAVAGLIA;302;0302;LUINO;0;1.414
12104;3;MONVALLE;303;0303;VARESE;0;1.944
12105;3;MORAZZONE;303;0303;VARESE;0;4.303
12106;3;MORNAGO;303;0303;VARESE;0;4.834
12107;3;OGGIONA CON SANTO STEFANO;301;0301;BUSTO ARSIZIO;0;4.295
12108;3;OLGIATE OLONA;301;0301;BUSTO ARSIZIO;0;12.215
12109;3;ORIGGIO;313;0313;MILANO;0;7.416
12110;3;ORINO;303;0303;VARESE;0;840
12111;3;OSMATE;303;0303;VARESE;0;772
12112;3;PINO SULLA SPONDA DEL LAGO MAGGIORE;302;0302;LUINO;0;210
12113;3;PORTO CERESIO;303;0303;VARESE;0;3.001
12114;3;PORTO VALTRAVAGLIA;302;0302;LUINO;0;2.348
12115;3;RANCIO VALCUVIA;302;0302;LUINO;0;935
12116;3;RANCO;303;0303;VARESE;0;1.326
12117;3;SALTRIO;303;0303;VARESE;0;3.013
12118;3;SAMARATE;301;0301;BUSTO ARSIZIO;0;16.168
12119;3;SARONNO;313;0313;MILANO;0;38.598
12120;3;SESTO CALENDE;301;0301;BUSTO ARSIZIO;0;10.819
12121;3;SOLBIATE ARNO;301;0301;BUSTO ARSIZIO;0;4.274
12122;3;SOLBIATE OLONA;301;0301;BUSTO ARSIZIO;0;5.579
12123;3;SOMMA LOMBARDO;301;0301;BUSTO ARSIZIO;0;16.905
12124;3;SUMIRAGO;301;0301;BUSTO ARSIZIO;0;6.254
12125;3;TAINO;303;0303;VARESE;0;3.762
12126;3;TERNATE;303;0303;VARESE;0;2.474
12127;3;TRADATE;303;0303;VARESE;0;17.729
12128;3;TRAVEDONA-MONATE;303;0303;VARESE;0;4.022
12129;3;TRONZANO LAGO MAGGIORE;302;0302;LUINO;0;254
12130;3;UBOLDO;313;0313;MILANO;0;10.446
12131;3;VALGANNA;302;0302;LUINO;0;1.584
12132;3;VARANO BORGHI;303;0303;VARESE;0;2.418
12133;3;VARESE;303;0303;VARESE;1;79.793
12134;3;VEDANO OLONA;303;0303;VARESE;0;7.301
12135;3;VEDDASCA;302;0302;LUINO;0;250
12136;3;VENEGONO INFERIORE;303;0303;VARESE;0;6.238
12137;3;VENEGONO SUPERIORE;303;0303;VARESE;0;7.180
12138;3;VERGIATE;301;0301;BUSTO ARSIZIO;0;8.967
12139;3;VIGGIÙ;303;0303;VARESE;0;5.207
12140;3;VIZZOLA TICINO;301;0301;BUSTO ARSIZIO;0;576
12141;3;SANGIANO;303;0303;VARESE;0;1.536
13003;3;ALBAVILLA;304;0304;COMO;0;6.255
13004;3;ALBESE CON CASSANO;304;0304;COMO;0;4.164
13005;3;ALBIOLO;304;0304;COMO;0;2.679
13006;3;ALSERIO;304;0304;COMO;0;1.176
13007;3;ALZATE BRIANZA;304;0304;COMO;0;5.019
13009;3;ANZANO DEL PARCO;304;0304;COMO;0;1.757
13010;3;APPIANO GENTILE;304;0304;COMO;0;7.718
13011;3;ARGEGNO;305;0305;MENAGGIO;0;667
13012;3;AROSIO;304;0304;COMO;0;4.987
13013;3;ASSO;304;0304;COMO;0;3.625
13015;3;BARNI;304;0304;COMO;0;597
13019;3;BELLAGIO;305;0305;MENAGGIO;0;3.067
13021;3;BENE LARIO;306;0306;PORLEZZA;0;342
13022;3;BEREGAZZO CON FIGLIARO;304;0304;COMO;0;2.577
13023;3;BINAGO;304;0304;COMO;0;4.776
13024;3;BIZZARONE;304;0304;COMO;0;1.517
13025;3;BLESSAGNO;306;0306;PORLEZZA;0;284
13026;3;BLEVIO;304;0304;COMO;0;1.185
13028;3;BREGNANO;304;0304;COMO;0;6.229
13029;3;BRENNA;304;0304;COMO;0;2.011
13030;3;BRIENNO;305;0305;MENAGGIO;0;402
13032;3;BRUNATE;304;0304;COMO;0;1.766
13034;3;BULGAROGRASSO;304;0304;COMO;0;3.883
13035;3;CABIATE;313;0313;MILANO;0;7.412
13036;3;CADORAGO;304;0304;COMO;0;7.631
13037;3;CAGLIO;304;0304;COMO;0;430
13038;3;CAGNO;304;0304;COMO;0;2.058
13040;3;CAMPIONE D'ITALIA;304;0304;COMO;0;2.158
13041;3;CANTÙ;304;0304;COMO;0;38.717
13042;3;CANZO;304;0304;COMO;0;5.109
13043;3;CAPIAGO INTIMIANO;304;0304;COMO;0;5.525
13044;3;CARATE URIO;304;0304;COMO;0;1.216
13045;3;CARBONATE;303;0303;VARESE;0;2.905
13046;3;CARIMATE;304;0304;COMO;0;4.327
13047;3;CARLAZZO;306;0306;PORLEZZA;0;2.972
13048;3;CARUGO;304;0304;COMO;0;6.243
13050;3;CASASCO D'INTELVI;306;0306;PORLEZZA;0;418
13052;3;CASLINO D'ERBA;304;0304;COMO;0;1.692
13053;3;CASNATE CON BERNATE;304;0304;COMO;0;4.915
13055;3;CASSINA RIZZARDI;304;0304;COMO;0;3.175
13058;3;CASTELMARTE;304;0304;COMO;0;1.286
13059;3;CASTELNUOVO BOZZENTE;304;0304;COMO;0;889
13060;3;CASTIGLIONE D'INTELVI;306;0306;PORLEZZA;0;1.057
13061;3;CAVALLASCA;304;0304;COMO;0;2.914
13062;3;CAVARGNA;306;0306;PORLEZZA;0;242
13063;3;CERANO D'INTELVI;306;0306;PORLEZZA;0;536
13064;3;CERMENATE;304;0304;COMO;0;9.023
13065;3;CERNOBBIO;304;0304;COMO;0;6.830
13068;3;CIRIMIDO;304;0304;COMO;0;2.109
13070;3;CIVENNA;305;0305;MENAGGIO;0;729
13071;3;CLAINO CON OSTENO;306;0306;PORLEZZA;0;543
13074;3;COLONNO;305;0305;MENAGGIO;0;529
13075;3;COMO;304;0304;COMO;1;82.045
13077;3;CORRIDO;306;0306;PORLEZZA;0;841
13083;3;CREMIA;305;0305;MENAGGIO;0;709
13084;3;CUCCIAGO;304;0304;COMO;0;3.450
13085;3;CUSINO;306;0306;PORLEZZA;0;238
13087;3;DIZZASCO;306;0306;PORLEZZA;0;565
13089;3;DOMASO;305;0305;MENAGGIO;0;1.455
13090;3;DONGO;305;0305;MENAGGIO;0;3.489
13092;3;DOSSO DEL LIRO;305;0305;MENAGGIO;0;275
13093;3;DREZZO;304;0304;COMO;0;1.231
13095;3;ERBA;304;0304;COMO;0;16.503
13097;3;EUPILIO;304;0304;COMO;0;2.769
13098;3;FAGGETO LARIO;304;0304;COMO;0;1.235
13099;3;FALOPPIO;304;0304;COMO;0;4.274
13100;3;FENEGRÒ;304;0304;COMO;0;3.147
13101;3;FIGINO SERENZA;304;0304;COMO;0;5.226
13102;3;FINO MORNASCO;304;0304;COMO;0;9.569
13106;3;GARZENO;305;0305;MENAGGIO;0;852
13107;3;GERA LARIO;309;0309;MORBEGNO;0;1.016
13109;3;GIRONICO;304;0304;COMO;0;2.255
13110;3;GRANDATE;304;0304;COMO;0;2.862
13111;3;GRANDOLA ED UNITI;305;0305;MENAGGIO;0;1.313
13113;3;GRIANTE;305;0305;MENAGGIO;0;623
13114;3;GUANZATE;304;0304;COMO;0;5.705
13118;3;INVERIGO;304;0304;COMO;0;8.926
13119;3;LAGLIO;304;0304;COMO;0;917
13120;3;LAINO;306;0306;PORLEZZA;0;517
13121;3;LAMBRUGO;304;0304;COMO;0;2.469
13122;3;LANZO D'INTELVI;306;0306;PORLEZZA;0;1.420
13123;3;LASNIGO;304;0304;COMO;0;462
13125;3;LENNO;305;0305;MENAGGIO;0;1.833
13126;3;LEZZENO;305;0305;MENAGGIO;0;2.052
13128;3;LIMIDO COMASCO;304;0304;COMO;0;3.793
13129;3;LIPOMO;304;0304;COMO;0;5.800
13130;3;LIVO;305;0305;MENAGGIO;0;190
13131;3;LOCATE VARESINO;303;0303;VARESE;0;4.216
13133;3;LOMAZZO;304;0304;COMO;0;9.194
13134;3;LONGONE AL SEGRINO;304;0304;COMO;0;1.780
13135;3;LUISAGO;304;0304;COMO;0;2.686
13136;3;LURAGO D'ERBA;304;0304;COMO;0;5.335
13137;3;LURAGO MARINONE;304;0304;COMO;0;2.456
13138;3;LURATE CACCIVIO;304;0304;COMO;0;9.922
13139;3;MAGREGLIO;305;0305;MENAGGIO;0;645
13143;3;MARIANO COMENSE;304;0304;COMO;0;23.500
13144;3;MASLIANICO;304;0304;COMO;0;3.305
13145;3;MENAGGIO;305;0305;MENAGGIO;1;3.182
13147;3;MERONE;304;0304;COMO;0;4.155
13148;3;MEZZEGRA;305;0305;MENAGGIO;0;1.014
13152;3;MOLTRASIO;304;0304;COMO;0;1.640
13153;3;MONGUZZO;304;0304;COMO;0;2.230
13154;3;MONTANO LUCINO;304;0304;COMO;0;4.775
13155;3;MONTEMEZZO;309;0309;MORBEGNO;0;261
13157;3;MONTORFANO;304;0304;COMO;0;2.619
13159;3;MOZZATE;304;0304;COMO;0;8.208
13160;3;MUSSO;305;0305;MENAGGIO;0;1.019
13161;3;NESSO;305;0305;MENAGGIO;0;1.241
13163;3;NOVEDRATE;304;0304;COMO;0;2.873
13165;3;OLGIATE COMASCO;304;0304;COMO;0;11.401
13169;3;OLTRONA DI SAN MAMETTE;304;0304;COMO;0;2.289
13170;3;ORSENIGO;304;0304;COMO;0;2.757
13172;3;OSSUCCIO;305;0305;MENAGGIO;0;973
13175;3;PARÈ;304;0304;COMO;0;1.748
13178;3;PEGLIO;305;0305;MENAGGIO;0;185
13179;3;PELLIO INTELVI;306;0306;PORLEZZA;0;1.004
13183;3;PIANELLO DEL LARIO;305;0305;MENAGGIO;0;1.041
13184;3;PIGRA;306;0306;PORLEZZA;0;266
13185;3;PLESIO;305;0305;MENAGGIO;0;842
13186;3;POGNANA LARIO;304;0304;COMO;0;764
13187;3;PONNA;306;0306;PORLEZZA;0;267
13188;3;PONTE LAMBRO;304;0304;COMO;0;4.345
13189;3;PORLEZZA;306;0306;PORLEZZA;1;4.661
13192;3;PROSERPIO;304;0304;COMO;0;892
13193;3;PUSIANO;350;0350;LECCO;0;1.327
13194;3;RAMPONIO VERNA;306;0306;PORLEZZA;0;411
13195;3;REZZAGO;304;0304;COMO;0;317
13197;3;RODERO;304;0304;COMO;0;1.210
13199;3;RONAGO;304;0304;COMO;0;1.754
13201;3;ROVELLASCA;304;0304;COMO;0;7.565
13202;3;ROVELLO PORRO;304;0304;COMO;0;6.035
13203;3;SALA COMACINA;305;0305;MENAGGIO;0;614
13204;3;SAN BARTOLOMEO VAL CAVARGNA;306;0306;PORLEZZA;0;1.041
13205;3;SAN FEDELE INTELVI;306;0306;PORLEZZA;0;1.752
13206;3;SAN FERMO DELLA BATTAGLIA;304;0304;COMO;0;4.466
13207;3;SAN NAZZARO VAL CAVARGNA;306;0306;PORLEZZA;0;338
13211;3;SCHIGNANO;306;0306;PORLEZZA;0;874
13212;3;SENNA COMASCO;304;0304;COMO;0;3.171
13215;3;SOLBIATE;304;0304;COMO;0;2.530
13216;3;SORICO;309;0309;MORBEGNO;0;1.234
13217;3;SORMANO;304;0304;COMO;0;633
13218;3;STAZZONA;305;0305;MENAGGIO;0;634
13222;3;TAVERNERIO;304;0304;COMO;0;5.705
13223;3;TORNO;304;0304;COMO;0;1.203
13225;3;TREMEZZO;305;0305;MENAGGIO;0;1.258
13226;3;TREZZONE;309;0309;MORBEGNO;0;237
13227;3;TURATE;304;0304;COMO;0;8.973
13228;3;UGGIATE-TREVANO;304;0304;COMO;0;4.451
13229;3;VALBRONA;304;0304;COMO;0;2.656
13232;3;VALMOREA;304;0304;COMO;0;2.656
13233;3;VAL REZZO;306;0306;PORLEZZA;0;179
13234;3;VALSOLDA;306;0306;PORLEZZA;0;1.647
13236;3;VELESO;305;0305;MENAGGIO;0;274
13238;3;VENIANO;304;0304;COMO;0;2.887
13239;3;VERCANA;305;0305;MENAGGIO;0;751
13242;3;VERTEMATE CON MINOPRIO;304;0304;COMO;0;3.982
13245;3;VILLA GUARDIA;304;0304;COMO;0;7.793
13246;3;ZELBIO;305;0305;MENAGGIO;0;220
13248;3;SAN SIRO;305;0305;MENAGGIO;0;1.758
13249;3;GRAVEDONA ED UNITI;305;0305;MENAGGIO;0;4.209
14001;3;ALBAREDO PER SAN MARCO;309;0309;MORBEGNO;0;349
14002;3;ALBOSAGGIA;311;0311;SONDRIO;0;3.146
14003;3;ANDALO VALTELLINO;309;0309;MORBEGNO;0;552
14004;3;APRICA;325;0325;EDOLO;0;1.588
14005;3;ARDENNO;309;0309;MORBEGNO;0;3.270
14006;3;BEMA;309;0309;MORBEGNO;0;130
14007;3;BERBENNO DI VALTELLINA;311;0311;SONDRIO;0;4.308
14008;3;BIANZONE;312;0312;TIRANO;0;1.273
14009;3;BORMIO;308;0308;LIVIGNO;0;4.036
14010;3;BUGLIO IN MONTE;309;0309;MORBEGNO;0;2.091
14011;3;CAIOLO;311;0311;SONDRIO;0;1.035
14012;3;CAMPODOLCINO;307;0307;CHIAVENNA;0;1.037
14013;3;CASPOGGIO;311;0311;SONDRIO;0;1.500
14014;3;CASTELLO DELL'ACQUA;311;0311;SONDRIO;0;643
14015;3;CASTIONE ANDEVENNO;311;0311;SONDRIO;0;1.562
14016;3;CEDRASCO;311;0311;SONDRIO;0;455
14017;3;CERCINO;309;0309;MORBEGNO;0;754
14018;3;CHIAVENNA;307;0307;CHIAVENNA;1;7.297
14019;3;CHIESA IN VALMALENCO;311;0311;SONDRIO;0;2.591
14020;3;CHIURO;311;0311;SONDRIO;0;2.524
14021;3;CINO;309;0309;MORBEGNO;0;373
14022;3;CIVO;309;0309;MORBEGNO;0;1.114
14023;3;COLORINA;311;0311;SONDRIO;0;1.460
14024;3;COSIO VALTELLINO;309;0309;MORBEGNO;0;5.400
14025;3;DAZIO;309;0309;MORBEGNO;0;424
14026;3;DELEBIO;309;0309;MORBEGNO;0;3.173
14027;3;DUBINO;309;0309;MORBEGNO;0;3.551
14028;3;FAEDO VALTELLINO;311;0311;SONDRIO;0;545
14029;3;FORCOLA;309;0309;MORBEGNO;0;835
14030;3;FUSINE;311;0311;SONDRIO;0;611
14031;3;GEROLA ALTA;309;0309;MORBEGNO;0;189
14032;3;GORDONA;307;0307;CHIAVENNA;0;1.857
14033;3;GROSIO;310;0310;SONDALO;0;4.619
14034;3;GROSOTTO;310;0310;SONDALO;0;1.615
14035;3;MADESIMO;307;0307;CHIAVENNA;0;540
14036;3;LANZADA;311;0311;SONDRIO;0;1.372
14037;3;LIVIGNO;308;0308;LIVIGNO;1;5.976
14038;3;LOVERO;312;0312;TIRANO;0;667
14039;3;MANTELLO;309;0309;MORBEGNO;0;732
14040;3;MAZZO DI VALTELLINA;310;0310;SONDALO;0;1.041
14041;3;MELLO;309;0309;MORBEGNO;0;1.001
14042;3;MENAROLA;307;0307;CHIAVENNA;0;46
14043;3;MESE;307;0307;CHIAVENNA;0;1.747
14044;3;MONTAGNA IN VALTELLINA;311;0311;SONDRIO;0;3.031
14045;3;MORBEGNO;309;0309;MORBEGNO;1;11.786
14046;3;NOVATE MEZZOLA;307;0307;CHIAVENNA;0;1.814
14047;3;PEDESINA;309;0309;MORBEGNO;0;30
14048;3;PIANTEDO;309;0309;MORBEGNO;0;1.321
14049;3;PIATEDA;311;0311;SONDRIO;0;2.309
14050;3;PIURO;307;0307;CHIAVENNA;0;1.950
14051;3;POGGIRIDENTI;311;0311;SONDRIO;0;1.865
14052;3;PONTE IN VALTELLINA;311;0311;SONDRIO;0;2.304
14053;3;POSTALESIO;311;0311;SONDRIO;0;659
14054;3;PRATA CAMPORTACCIO;307;0307;CHIAVENNA;0;2.921
14055;3;RASURA;309;0309;MORBEGNO;0;292
14056;3;ROGOLO;309;0309;MORBEGNO;0;564
14057;3;SAMOLACO;307;0307;CHIAVENNA;0;2.884
14058;3;SAN GIACOMO FILIPPO;307;0307;CHIAVENNA;0;395
14059;3;SERNIO;312;0312;TIRANO;0;500
14060;3;SONDALO;310;0310;SONDALO;1;4.237
14061;3;SONDRIO;311;0311;SONDRIO;1;21.642
14062;3;SPRIANA;311;0311;SONDRIO;0;101
14063;3;TALAMONA;309;0309;MORBEGNO;0;4.768
14064;3;TARTANO;309;0309;MORBEGNO;0;190
14065;3;TEGLIO;312;0312;TIRANO;0;4.654
14066;3;TIRANO;312;0312;TIRANO;1;9.073
14067;3;TORRE DI SANTA MARIA;311;0311;SONDRIO;0;824
14068;3;TOVO DI SANT'AGATA;310;0310;SONDALO;0;624
14069;3;TRAONA;309;0309;MORBEGNO;0;2.536
14070;3;TRESIVIO;311;0311;SONDRIO;0;2.002
14071;3;VALDIDENTRO;308;0308;LIVIGNO;0;4.045
14072;3;VALDISOTTO;308;0308;LIVIGNO;0;3.533
14073;3;VALFURVA;308;0308;LIVIGNO;0;2.703
14074;3;VAL MASINO;309;0309;MORBEGNO;0;939
14075;3;VERCEIA;307;0307;CHIAVENNA;0;1.093
14076;3;VERVIO;312;0312;TIRANO;0;209
14077;3;VILLA DI CHIAVENNA;307;0307;CHIAVENNA;0;1.030
14078;3;VILLA DI TIRANO;312;0312;TIRANO;0;2.957
15002;3;ABBIATEGRASSO;337;0337;VIGEVANO;0;30.994
15005;3;ALBAIRATE;313;0313;MILANO;0;4.621
15007;3;ARCONATE;301;0301;BUSTO ARSIZIO;0;6.524
15009;3;ARESE;313;0313;MILANO;0;19.138
15010;3;ARLUNO;313;0313;MILANO;0;11.495
15011;3;ASSAGO;313;0313;MILANO;0;8.124
15012;3;BAREGGIO;313;0313;MILANO;0;17.035
15014;3;BASIANO;313;0313;MILANO;0;3.639
15015;3;BASIGLIO;313;0313;MILANO;0;7.567
15016;3;BELLINZAGO LOMBARDO;313;0313;MILANO;0;3.810
15019;3;BERNATE TICINO;313;0313;MILANO;0;3.071
15022;3;BESATE;313;0313;MILANO;0;2.022
15024;3;BINASCO;313;0313;MILANO;0;7.158
15026;3;BOFFALORA SOPRA TICINO;313;0313;MILANO;0;4.195
15027;3;BOLLATE;313;0313;MILANO;0;35.557
15032;3;BRESSO;313;0313;MILANO;0;25.712
15035;3;BUBBIANO;313;0313;MILANO;0;2.215
15036;3;BUCCINASCO;313;0313;MILANO;0;26.503
15038;3;BUSCATE;301;0301;BUSTO ARSIZIO;0;4.751
15040;3;BUSSERO;313;0313;MILANO;0;8.532
15041;3;BUSTO GAROLFO;301;0301;BUSTO ARSIZIO;0;13.479
15042;3;CALVIGNASCO;313;0313;MILANO;0;1.182
15044;3;CAMBIAGO;313;0313;MILANO;0;6.508
15046;3;CANEGRATE;301;0301;BUSTO ARSIZIO;0;12.438
15050;3;CARPIANO;313;0313;MILANO;0;3.976
15051;3;CARUGATE;313;0313;MILANO;0;14.175
15055;3;CASARILE;313;0313;MILANO;0;3.867
15058;3;CASOREZZO;301;0301;BUSTO ARSIZIO;0;5.355
15059;3;CASSANO D'ADDA;313;0313;MILANO;0;18.552
15060;3;CASSINA DE' PECCHI;313;0313;MILANO;0;13.206
15061;3;CASSINETTA DI LUGAGNANO;313;0313;MILANO;0;1.884
15062;3;CASTANO PRIMO;301;0301;BUSTO ARSIZIO;0;10.990
15070;3;CERNUSCO SUL NAVIGLIO;313;0313;MILANO;0;30.697
15071;3;CERRO AL LAMBRO;313;0313;MILANO;0;4.956
15072;3;CERRO MAGGIORE;301;0301;BUSTO ARSIZIO;0;14.735
15074;3;CESANO BOSCONE;313;0313;MILANO;0;23.398
15076;3;CESATE;313;0313;MILANO;0;13.858
15077;3;CINISELLO BALSAMO;313;0313;MILANO;0;71.128
15078;3;CISLIANO;313;0313;MILANO;0;4.263
15081;3;COLOGNO MONZESE;313;0313;MILANO;0;45.786
15082;3;COLTURANO;313;0313;MILANO;0;1.952
15085;3;CORBETTA;313;0313;MILANO;0;17.460
15086;3;CORMANO;313;0313;MILANO;0;19.944
15087;3;CORNAREDO;313;0313;MILANO;0;20.121
15093;3;CORSICO;313;0313;MILANO;0;33.669
15096;3;CUGGIONO;301;0301;BUSTO ARSIZIO;0;8.142
15097;3;CUSAGO;313;0313;MILANO;0;3.597
15098;3;CUSANO MILANINO;313;0313;MILANO;0;18.905
15099;3;DAIRAGO;301;0301;BUSTO ARSIZIO;0;5.862
15101;3;DRESANO;313;0313;MILANO;0;3.023
15103;3;GAGGIANO;313;0313;MILANO;0;8.933
15105;3;GARBAGNATE MILANESE;313;0313;MILANO;0;26.262
15106;3;GESSATE;313;0313;MILANO;0;8.664
15108;3;GORGONZOLA;313;0313;MILANO;0;19.402
15110;3;GREZZAGO;313;0313;MILANO;0;2.842
15112;3;GUDO VISCONTI;313;0313;MILANO;0;1.711
15113;3;INVERUNO;301;0301;BUSTO ARSIZIO;0;8.609
15114;3;INZAGO;313;0313;MILANO;0;10.540
15115;3;LACCHIARELLA;313;0313;MILANO;0;8.390
15116;3;LAINATE;313;0313;MILANO;0;25.054
15118;3;LEGNANO;301;0301;BUSTO ARSIZIO;0;57.647
15122;3;LISCATE;313;0313;MILANO;0;4.050
15125;3;LOCATE DI TRIULZI;313;0313;MILANO;0;9.655
15130;3;MAGENTA;313;0313;MILANO;0;22.877
15131;3;MAGNAGO;301;0301;BUSTO ARSIZIO;0;9.085
15134;3;MARCALLO CON CASONE;313;0313;MILANO;0;6.032
15136;3;MASATE;313;0313;MILANO;0;3.312
15139;3;MEDIGLIA;313;0313;MILANO;0;12.080
15140;3;MELEGNANO;313;0313;MILANO;0;16.774
15142;3;MELZO;313;0313;MILANO;0;18.203
15144;3;MESERO;313;0313;MILANO;0;3.909
15146;3;MILANO;313;0313;MILANO;1;1.242.123
15150;3;MORIMONDO;337;0337;VIGEVANO;0;1.183
15151;3;MOTTA VISCONTI;313;0313;MILANO;0;7.601
15154;3;NERVIANO;301;0301;BUSTO ARSIZIO;0;17.089
15155;3;NOSATE;301;0301;BUSTO ARSIZIO;0;689
15157;3;NOVATE MILANESE;313;0313;MILANO;0;19.938
15158;3;NOVIGLIO;313;0313;MILANO;0;4.237
15159;3;OPERA;313;0313;MILANO;0;13.226
15164;3;OSSONA;313;0313;MILANO;0;4.134
15165;3;OZZERO;337;0337;VIGEVANO;0;1.467
15166;3;PADERNO DUGNANO;313;0313;MILANO;0;46.562
15167;3;PANTIGLIATE;313;0313;MILANO;0;5.841
15168;3;PARABIAGO;301;0301;BUSTO ARSIZIO;0;26.617
15169;3;PAULLO;313;0313;MILANO;0;11.014
15170;3;PERO;313;0313;MILANO;0;10.291
15171;3;PESCHIERA BORROMEO;313;0313;MILANO;0;22.254
15172;3;PESSANO CON BORNAGO;313;0313;MILANO;0;9.064
15173;3;PIEVE EMANUELE;313;0313;MILANO;0;14.868
15175;3;PIOLTELLO;313;0313;MILANO;0;35.066
15176;3;POGLIANO MILANESE;313;0313;MILANO;0;8.141
15177;3;POZZO D'ADDA;315;0315;BERGAMO;0;5.667
15178;3;POZZUOLO MARTESANA;313;0313;MILANO;0;7.983
15179;3;PREGNANA MILANESE;313;0313;MILANO;0;6.867
15181;3;RESCALDINA;301;0301;BUSTO ARSIZIO;0;13.920
15182;3;RHO;313;0313;MILANO;0;50.052
15183;3;ROBECCHETTO CON INDUNO;301;0301;BUSTO ARSIZIO;0;4.869
15184;3;ROBECCO SUL NAVIGLIO;313;0313;MILANO;0;6.842
15185;3;RODANO;313;0313;MILANO;0;4.526
15188;3;ROSATE;313;0313;MILANO;0;5.395
15189;3;ROZZANO;313;0313;MILANO;0;39.983
15191;3;SAN COLOMBANO AL LAMBRO;351;0351;LODI;0;7.336
15192;3;SAN DONATO MILANESE;313;0313;MILANO;0;30.992
15194;3;SAN GIORGIO SU LEGNANO;301;0301;BUSTO ARSIZIO;0;6.730
15195;3;SAN GIULIANO MILANESE;313;0313;MILANO;0;35.971
15200;3;SANTO STEFANO TICINO;313;0313;MILANO;0;4.801
15201;3;SAN VITTORE OLONA;301;0301;BUSTO ARSIZIO;0;8.254
15202;3;SAN ZENONE AL LAMBRO;313;0313;MILANO;0;4.186
15204;3;SEDRIANO;313;0313;MILANO;0;11.270
15205;3;SEGRATE;313;0313;MILANO;0;33.519
15206;3;SENAGO;313;0313;MILANO;0;20.914
15209;3;SESTO SAN GIOVANNI;313;0313;MILANO;0;76.514
15210;3;SETTALA;313;0313;MILANO;0;7.328
15211;3;SETTIMO MILANESE;313;0313;MILANO;0;19.148
15213;3;SOLARO;313;0313;MILANO;0;13.890
15219;3;TREZZANO ROSA;313;0313;MILANO;0;4.861
15220;3;TREZZANO SUL NAVIGLIO;313;0313;MILANO;0;20.018
15221;3;TREZZO SULL'ADDA;315;0315;BERGAMO;0;11.883
15222;3;TRIBIANO;313;0313;MILANO;0;3.312
15224;3;TRUCCAZZANO;313;0313;MILANO;0;5.968
15226;3;TURBIGO;301;0301;BUSTO ARSIZIO;0;7.389
15229;3;VANZAGO;313;0313;MILANO;0;8.914
15230;3;VAPRIO D'ADDA;315;0315;BERGAMO;0;8.126
15235;3;VERMEZZO;337;0337;VIGEVANO;0;3.829
15236;3;VERNATE;313;0313;MILANO;0;3.181
15237;3;VIGNATE;313;0313;MILANO;0;9.053
15242;3;VIMODRONE;313;0313;MILANO;0;16.426
15243;3;VITTUONE;313;0313;MILANO;0;8.949
15244;3;VIZZOLO PREDABISSI;313;0313;MILANO;0;4.045
15246;3;ZELO SURRIGONE;337;0337;VIGEVANO;0;1.477
15247;3;ZIBIDO SAN GIACOMO;313;0313;MILANO;0;6.552
15248;3;VILLA CORTESE;301;0301;BUSTO ARSIZIO;0;6.150
15249;3;VANZAGHELLO;301;0301;BUSTO ARSIZIO;0;5.344
15250;3;BARANZATE;313;0313;MILANO;0;10.779
16001;3;ADRARA SAN MARTINO;317;0317;GRUMELLO DEL MONTE;0;2.161
16002;3;ADRARA SAN ROCCO;317;0317;GRUMELLO DEL MONTE;0;836
16003;3;ALBANO SANT'ALESSANDRO;315;0315;BERGAMO;0;8.029
16004;3;ALBINO;314;0314;ALBINO;1;18.087
16005;3;ALMÈ;315;0315;BERGAMO;0;5.665
16006;3;ALMENNO SAN BARTOLOMEO;315;0315;BERGAMO;0;6.030
16007;3;ALMENNO SAN SALVATORE;315;0315;BERGAMO;0;5.831
16008;3;ALZANO LOMBARDO;315;0315;BERGAMO;0;13.591
16009;3;AMBIVERE;315;0315;BERGAMO;0;2.354
16010;3;ANTEGNATE;315;0315;BERGAMO;0;3.107
16011;3;ARCENE;315;0315;BERGAMO;0;4.731
16012;3;ARDESIO;316;0316;CLUSONE;0;3.632
16013;3;ARZAGO D'ADDA;315;0315;BERGAMO;0;2.760
16014;3;AVERARA;319;0319;ZOGNO;0;182
16015;3;AVIATICO;314;0314;ALBINO;0;517
16016;3;AZZANO SAN PAOLO;315;0315;BERGAMO;0;7.597
16017;3;AZZONE;318;0318;VILMINORE DI SCALVE;0;433
16018;3;BAGNATICA;315;0315;BERGAMO;0;4.154
16019;3;BARBATA;315;0315;BERGAMO;0;698
16020;3;BARIANO;315;0315;BERGAMO;0;4.350
16021;3;BARZANA;315;0315;BERGAMO;0;1.790
16022;3;BEDULITA;315;0315;BERGAMO;0;723
16023;3;BERBENNO;319;0319;ZOGNO;0;2.442
16024;3;BERGAMO;315;0315;BERGAMO;1;115.349
16025;3;BERZO SAN FERMO;315;0315;BERGAMO;0;1.298
16026;3;BIANZANO;314;0314;ALBINO;0;605
16027;3;BLELLO;319;0319;ZOGNO;0;76
16028;3;BOLGARE;317;0317;GRUMELLO DEL MONTE;0;5.760
16029;3;BOLTIERE;315;0315;BERGAMO;0;5.814
16030;3;BONATE SOPRA;315;0315;BERGAMO;0;8.920
16031;3;BONATE SOTTO;315;0315;BERGAMO;0;6.455
16032;3;BORGO DI TERZO;323;0323;DARFO BOARIO TERME;0;1.090
16033;3;BOSSICO;323;0323;DARFO BOARIO TERME;0;969
16034;3;BOTTANUCO;315;0315;BERGAMO;0;5.176
16035;3;BRACCA;319;0319;ZOGNO;0;749
16036;3;BRANZI;319;0319;ZOGNO;0;732
16037;3;BREMBATE;315;0315;BERGAMO;0;8.293
16038;3;BREMBATE DI SOPRA;315;0315;BERGAMO;0;7.771
16039;3;BREMBILLA;319;0319;ZOGNO;0;4.150
16040;3;BRIGNANO GERA D'ADDA;315;0315;BERGAMO;0;5.937
16041;3;BRUMANO;315;0315;BERGAMO;0;95
16042;3;BRUSAPORTO;315;0315;BERGAMO;0;5.393
16043;3;CALCINATE;315;0315;BERGAMO;0;5.782
16044;3;CALCIO;322;0322;CHIARI;0;5.336
16046;3;CALUSCO D'ADDA;315;0315;BERGAMO;0;8.233
16047;3;CALVENZANO;315;0315;BERGAMO;0;4.061
16048;3;CAMERATA CORNELLO;319;0319;ZOGNO;0;627
16049;3;CANONICA D'ADDA;315;0315;BERGAMO;0;4.207
16050;3;CAPIZZONE;315;0315;BERGAMO;0;1.301
16051;3;CAPRIATE SAN GERVASIO;315;0315;BERGAMO;0;7.777
16052;3;CAPRINO BERGAMASCO;350;0350;LECCO;0;3.127
16053;3;CARAVAGGIO;315;0315;BERGAMO;0;15.882
16055;3;CAROBBIO DEGLI ANGELI;317;0317;GRUMELLO DEL MONTE;0;4.549
16056;3;CARONA;319;0319;ZOGNO;0;359
16057;3;CARVICO;315;0315;BERGAMO;0;4.666
16058;3;CASAZZA;323;0323;DARFO BOARIO TERME;0;4.021
16059;3;CASIRATE D'ADDA;315;0315;BERGAMO;0;3.894
16060;3;CASNIGO;314;0314;ALBINO;0;3.334
16061;3;CASSIGLIO;319;0319;ZOGNO;0;122
16062;3;CASTELLI CALEPIO;317;0317;GRUMELLO DEL MONTE;0;9.612
16063;3;CASTEL ROZZONE;315;0315;BERGAMO;0;2.896
16064;3;CASTIONE DELLA PRESOLANA;316;0316;CLUSONE;0;3.455
16065;3;CASTRO;323;0323;DARFO BOARIO TERME;0;1.383
16066;3;CAVERNAGO;315;0315;BERGAMO;0;2.508
16067;3;CAZZANO SANT'ANDREA;314;0314;ALBINO;0;1.594
16068;3;CENATE SOPRA;315;0315;BERGAMO;0;2.505
16069;3;CENATE SOTTO;315;0315;BERGAMO;0;3.494
16070;3;CENE;314;0314;ALBINO;0;4.229
16071;3;CERETE;316;0316;CLUSONE;0;1.646
16072;3;CHIGNOLO D'ISOLA;315;0315;BERGAMO;0;3.214
16073;3;CHIUDUNO;317;0317;GRUMELLO DEL MONTE;0;5.852
16074;3;CISANO BERGAMASCO;350;0350;LECCO;0;6.268
16075;3;CISERANO;315;0315;BERGAMO;0;5.688
16076;3;CIVIDATE AL PIANO;322;0322;CHIARI;0;5.157
16077;3;CLUSONE;316;0316;CLUSONE;1;8.678
16078;3;COLERE;318;0318;VILMINORE DI SCALVE;0;1.137
16079;3;COLOGNO AL SERIO;315;0315;BERGAMO;0;10.596
16080;3;COLZATE;314;0314;ALBINO;0;1.664
16081;3;COMUN NUOVO;315;0315;BERGAMO;0;4.163
16082;3;CORNA IMAGNA;315;0315;BERGAMO;0;953
16083;3;CORTENUOVA;315;0315;BERGAMO;0;1.942
16084;3;COSTA DI MEZZATE;315;0315;BERGAMO;0;3.271
16085;3;COSTA VALLE IMAGNA;315;0315;BERGAMO;0;620
16086;3;COSTA VOLPINO;323;0323;DARFO BOARIO TERME;0;9.194
16087;3;COVO;315;0315;BERGAMO;0;4.066
16088;3;CREDARO;317;0317;GRUMELLO DEL MONTE;0;3.336
16089;3;CURNO;315;0315;BERGAMO;0;7.635
16090;3;CUSIO;319;0319;ZOGNO;0;252
16091;3;DALMINE;315;0315;BERGAMO;0;22.881
16092;3;DOSSENA;319;0319;ZOGNO;0;962
16093;3;ENDINE GAIANO;323;0323;DARFO BOARIO TERME;0;3.519
16094;3;ENTRATICO;315;0315;BERGAMO;0;1.878
16096;3;FARA GERA D'ADDA;315;0315;BERGAMO;0;7.913
16097;3;FARA OLIVANA CON SOLA;315;0315;BERGAMO;0;1.268
16098;3;FILAGO;315;0315;BERGAMO;0;3.176
16099;3;FINO DEL MONTE;316;0316;CLUSONE;0;1.131
16100;3;FIORANO AL SERIO;314;0314;ALBINO;0;3.071
16101;3;FONTANELLA;315;0315;BERGAMO;0;4.339
16102;3;FONTENO;323;0323;DARFO BOARIO TERME;0;685
16103;3;FOPPOLO;319;0319;ZOGNO;0;202
16104;3;FORESTO SPARSO;317;0317;GRUMELLO DEL MONTE;0;3.153
16105;3;FORNOVO SAN GIOVANNI;315;0315;BERGAMO;0;3.319
16106;3;FUIPIANO VALLE IMAGNA;315;0315;BERGAMO;0;221
16107;3;GANDELLINO;316;0316;CLUSONE;0;1.046
16108;3;GANDINO;314;0314;ALBINO;0;5.576
16109;3;GANDOSSO;317;0317;GRUMELLO DEL MONTE;0;1.502
16110;3;GAVERINA TERME;323;0323;DARFO BOARIO TERME;0;871
16111;3;GAZZANIGA;314;0314;ALBINO;0;5.160
16112;3;GEROSA;319;0319;ZOGNO;0;372
16113;3;GHISALBA;315;0315;BERGAMO;0;5.923
16114;3;GORLAGO;315;0315;BERGAMO;0;5.028
16115;3;GORLE;315;0315;BERGAMO;0;6.445
16116;3;GORNO;316;0316;CLUSONE;0;1.636
16117;3;GRASSOBBIO;315;0315;BERGAMO;0;6.345
16118;3;GROMO;316;0316;CLUSONE;0;1.239
16119;3;GRONE;323;0323;DARFO BOARIO TERME;0;913
16120;3;GRUMELLO DEL MONTE;317;0317;GRUMELLO DEL MONTE;1;7.228
16121;3;ISOLA DI FONDRA;319;0319;ZOGNO;0;192
16122;3;ISSO;315;0315;BERGAMO;0;660
16123;3;LALLIO;315;0315;BERGAMO;0;4.124
16124;3;LEFFE;314;0314;ALBINO;0;4.671
16125;3;LENNA;319;0319;ZOGNO;0;641
16126;3;LEVATE;315;0315;BERGAMO;0;3.802
16127;3;LOCATELLO;315;0315;BERGAMO;0;819
16128;3;LOVERE;323;0323;DARFO BOARIO TERME;0;5.318
16129;3;LURANO;315;0315;BERGAMO;0;2.580
16130;3;LUZZANA;315;0315;BERGAMO;0;891
16131;3;MADONE;315;0315;BERGAMO;0;3.943
16132;3;MAPELLO;315;0315;BERGAMO;0;6.453
16133;3;MARTINENGO;315;0315;BERGAMO;0;10.088
16134;3;MEZZOLDO;319;0319;ZOGNO;0;193
16135;3;MISANO DI GERA D'ADDA;315;0315;BERGAMO;0;2.927
16136;3;MOIO DE' CALVI;319;0319;ZOGNO;0;213
16137;3;MONASTEROLO DEL CASTELLO;323;0323;DARFO BOARIO TERME;0;1.190
16139;3;MONTELLO;315;0315;BERGAMO;0;3.173
16140;3;MORENGO;315;0315;BERGAMO;0;2.581
16141;3;MORNICO AL SERIO;317;0317;GRUMELLO DEL MONTE;0;2.890
16142;3;MOZZANICA;315;0315;BERGAMO;0;4.574
16143;3;MOZZO;315;0315;BERGAMO;0;7.460
16144;3;NEMBRO;314;0314;ALBINO;0;11.542
16145;3;OLMO AL BREMBO;319;0319;ZOGNO;0;518
16146;3;OLTRE IL COLLE;319;0319;ZOGNO;0;1.058
16147;3;OLTRESSENDA ALTA;316;0316;CLUSONE;0;174
16148;3;ONETA;316;0316;CLUSONE;0;652
16149;3;ONORE;316;0316;CLUSONE;0;846
16150;3;ORIO AL SERIO;315;0315;BERGAMO;0;1.733
16151;3;ORNICA;319;0319;ZOGNO;0;172
16152;3;OSIO SOPRA;315;0315;BERGAMO;0;5.079
16153;3;OSIO SOTTO;315;0315;BERGAMO;0;12.080
16154;3;PAGAZZANO;315;0315;BERGAMO;0;2.082
16155;3;PALADINA;315;0315;BERGAMO;0;3.996
16156;3;PALAZZAGO;315;0315;BERGAMO;0;4.293
16157;3;PALOSCO;317;0317;GRUMELLO DEL MONTE;0;5.773
16158;3;PARRE;316;0316;CLUSONE;0;2.807
16159;3;PARZANICA;317;0317;GRUMELLO DEL MONTE;0;373
16160;3;PEDRENGO;315;0315;BERGAMO;0;5.799
16161;3;PEIA;314;0314;ALBINO;0;1.864
16162;3;PIANICO;323;0323;DARFO BOARIO TERME;0;1.512
16163;3;PIARIO;316;0316;CLUSONE;0;1.109
16164;3;PIAZZA BREMBANA;319;0319;ZOGNO;0;1.235
16165;3;PIAZZATORRE;319;0319;ZOGNO;0;437
16166;3;PIAZZOLO;319;0319;ZOGNO;0;84
16167;3;POGNANO;315;0315;BERGAMO;0;1.581
16168;3;PONTE NOSSA;316;0316;CLUSONE;0;1.913
16169;3;PONTERANICA;315;0315;BERGAMO;0;6.788
16170;3;PONTE SAN PIETRO;315;0315;BERGAMO;0;11.273
16171;3;PONTIDA;315;0315;BERGAMO;0;3.210
16172;3;PONTIROLO NUOVO;315;0315;BERGAMO;0;4.993
16173;3;PRADALUNGA;314;0314;ALBINO;0;4.636
16174;3;PREDORE;317;0317;GRUMELLO DEL MONTE;0;1.859
16175;3;PREMOLO;316;0316;CLUSONE;0;1.171
16176;3;PRESEZZO;315;0315;BERGAMO;0;4.934
16177;3;PUMENENGO;322;0322;CHIARI;0;1.695
16178;3;RANICA;315;0315;BERGAMO;0;5.986
16179;3;RANZANICO;323;0323;DARFO BOARIO TERME;0;1.261
16180;3;RIVA DI SOLTO;323;0323;DARFO BOARIO TERME;0;862
16182;3;ROGNO;323;0323;DARFO BOARIO TERME;0;3.888
16183;3;ROMANO DI LOMBARDIA;315;0315;BERGAMO;0;18.784
16184;3;RONCOBELLO;319;0319;ZOGNO;0;429
16185;3;RONCOLA;315;0315;BERGAMO;0;739
16186;3;ROTA D'IMAGNA;315;0315;BERGAMO;0;926
16187;3;ROVETTA;316;0316;CLUSONE;0;3.953
16188;3;SAN GIOVANNI BIANCO;319;0319;ZOGNO;0;5.071
16189;3;SAN PAOLO D'ARGON;315;0315;BERGAMO;0;5.386
16190;3;SAN PELLEGRINO TERME;319;0319;ZOGNO;0;4.950
16191;3;SANTA BRIGIDA;319;0319;ZOGNO;0;597
16192;3;SANT'OMOBONO TERME;315;0315;BERGAMO;0;3.472
16193;3;SARNICO;317;0317;GRUMELLO DEL MONTE;0;6.390
16194;3;SCANZOROSCIATE;315;0315;BERGAMO;0;9.835
16195;3;SCHILPARIO;318;0318;VILMINORE DI SCALVE;0;1.250
16196;3;SEDRINA;319;0319;ZOGNO;0;2.507
16197;3;SELVINO;314;0314;ALBINO;0;1.991
16198;3;SERIATE;315;0315;BERGAMO;0;24.336
16199;3;SERINA;319;0319;ZOGNO;0;2.165
16200;3;SOLTO COLLINA;323;0323;DARFO BOARIO TERME;0;1.735
16201;3;SONGAVAZZO;316;0316;CLUSONE;0;702
16202;3;SORISOLE;315;0315;BERGAMO;0;9.097
16203;3;SOTTO IL MONTE GIOVANNI XXIII;315;0315;BERGAMO;0;4.291
16204;3;SOVERE;323;0323;DARFO BOARIO TERME;0;5.509
16205;3;SPINONE AL LAGO;323;0323;DARFO BOARIO TERME;0;1.038
16206;3;SPIRANO;315;0315;BERGAMO;0;5.639
16207;3;STEZZANO;315;0315;BERGAMO;0;12.623
16208;3;STROZZA;315;0315;BERGAMO;0;1.066
16209;3;SUISIO;315;0315;BERGAMO;0;3.873
16210;3;TALEGGIO;319;0319;ZOGNO;0;603
16211;3;TAVERNOLA BERGAMASCA;317;0317;GRUMELLO DEL MONTE;0;2.140
16212;3;TELGATE;317;0317;GRUMELLO DEL MONTE;0;4.857
16213;3;TERNO D'ISOLA;315;0315;BERGAMO;0;7.665
16214;3;TORRE BOLDONE;315;0315;BERGAMO;0;8.333
16216;3;TORRE DE' ROVERI;315;0315;BERGAMO;0;2.310
16217;3;TORRE PALLAVICINA;330;0330;ORZINUOVI;0;1.114
16218;3;TRESCORE BALNEARIO;315;0315;BERGAMO;0;9.427
16219;3;TREVIGLIO;315;0315;BERGAMO;0;28.410
16220;3;TREVIOLO;315;0315;BERGAMO;0;10.302
16221;3;UBIALE CLANEZZO;319;0319;ZOGNO;0;1.399
16222;3;URGNANO;315;0315;BERGAMO;0;9.549
16223;3;VALBONDIONE;316;0316;CLUSONE;0;1.085
16224;3;VALBREMBO;315;0315;BERGAMO;0;3.886
16225;3;VALGOGLIO;316;0316;CLUSONE;0;607
16226;3;VALLEVE;319;0319;ZOGNO;0;136
16227;3;VALNEGRA;319;0319;ZOGNO;0;207
16228;3;VALSECCA;315;0315;BERGAMO;0;421
16229;3;VALTORTA;319;0319;ZOGNO;0;292
16230;3;VEDESETA;319;0319;ZOGNO;0;210
16232;3;VERDELLINO;315;0315;BERGAMO;0;7.654
16233;3;VERDELLO;315;0315;BERGAMO;0;7.748
16234;3;VERTOVA;314;0314;ALBINO;0;4.844
16235;3;VIADANICA;317;0317;GRUMELLO DEL MONTE;0;1.084
16236;3;VIGANO SAN MARTINO;323;0323;DARFO BOARIO TERME;0;1.252
16237;3;VIGOLO;317;0317;GRUMELLO DEL MONTE;0;607
16238;3;VILLA D'ADDA;315;0315;BERGAMO;0;4.735
16239;3;VILLA D'ALMÈ;315;0315;BERGAMO;0;6.811
16240;3;VILLA DI SERIO;315;0315;BERGAMO;0;6.620
16241;3;VILLA D'OGNA;316;0316;CLUSONE;0;1.971
16242;3;VILLONGO;317;0317;GRUMELLO DEL MONTE;0;7.619
16243;3;VILMINORE DI SCALVE;318;0318;VILMINORE DI SCALVE;1;1.491
16244;3;ZANDOBBIO;315;0315;BERGAMO;0;2.720
16245;3;ZANICA;315;0315;BERGAMO;0;8.193
16246;3;ZOGNO;319;0319;ZOGNO;1;9.054
16247;3;COSTA SERINA;319;0319;ZOGNO;0;973
16248;3;ALGUA;319;0319;ZOGNO;0;721
16249;3;CORNALBA;319;0319;ZOGNO;0;301
16250;3;MEDOLAGO;315;0315;BERGAMO;0;2.340
16251;3;SOLZA;315;0315;BERGAMO;0;1.961
17001;3;ACQUAFREDDA;343;0343;CASTEL GOFFREDO;0;1.579
17002;3;ADRO;322;0322;CHIARI;0;7.114
17003;3;AGNOSINE;333;0333;VESTONE;0;1.833
17004;3;ALFIANELLO;328;0328;MANERBIO;0;2.451
17005;3;ANFO;423;0423;STORO;0;472
17006;3;ANGOLO TERME;323;0323;DARFO BOARIO TERME;0;2.503
17007;3;ARTOGNE;323;0323;DARFO BOARIO TERME;0;3.571
17008;3;AZZANO MELLA;321;0321;BRESCIA;0;2.969
17009;3;BAGNOLO MELLA;328;0328;MANERBIO;0;12.692
17010;3;BAGOLINO;423;0423;STORO;0;3.940
17011;3;BARBARIGA;330;0330;ORZINUOVI;0;2.388
17012;3;BARGHE;333;0333;VESTONE;0;1.188
17013;3;BASSANO BRESCIANO;328;0328;MANERBIO;0;2.224
17014;3;BEDIZZOLE;324;0324;DESENZANO DEL GARDA;0;11.816
17015;3;BERLINGO;321;0321;BRESCIA;0;2.582
17016;3;BERZO DEMO;325;0325;EDOLO;0;1.720
17017;3;BERZO INFERIORE;320;0320;BRENO;0;2.456
17018;3;BIENNO;320;0320;BRENO;0;3.574
17019;3;BIONE;333;0333;VESTONE;0;1.471
17020;3;BORGO SAN GIACOMO;330;0330;ORZINUOVI;0;5.496
17021;3;BORGOSATOLLO;321;0321;BRESCIA;0;9.094
17022;3;BORNO;320;0320;BRENO;0;2.630
17023;3;BOTTICINO;321;0321;BRESCIA;0;10.788
17024;3;BOVEGNO;327;0327;LUMEZZANE;0;2.269
17025;3;BOVEZZO;321;0321;BRESCIA;0;7.483
17026;3;BRANDICO;321;0321;BRESCIA;0;1.611
17027;3;BRAONE;320;0320;BRENO;0;657
17028;3;BRENO;320;0320;BRENO;1;4.920
17029;3;BRESCIA;321;0321;BRESCIA;1;189.902
17030;3;BRIONE;327;0327;LUMEZZANE;0;685
17031;3;CAINO;321;0321;BRESCIA;0;2.079
17032;3;CALCINATO;324;0324;DESENZANO DEL GARDA;0;12.599
17033;3;CALVAGESE DELLA RIVIERA;324;0324;DESENZANO DEL GARDA;0;3.461
17034;3;CALVISANO;329;0329;MONTICHIARI;0;8.537
17035;3;CAPO DI PONTE;320;0320;BRENO;0;2.509
17036;3;CAPOVALLE;333;0333;VESTONE;0;388
17037;3;CAPRIANO DEL COLLE;321;0321;BRESCIA;0;4.553
17038;3;CAPRIOLO;322;0322;CHIARI;0;9.115
17039;3;CARPENEDOLO;329;0329;MONTICHIARI;0;12.649
17040;3;CASTEGNATO;321;0321;BRESCIA;0;8.031
17041;3;CASTELCOVATI;322;0322;CHIARI;0;6.593
17042;3;CASTEL MELLA;321;0321;BRESCIA;0;10.840
17043;3;CASTENEDOLO;321;0321;BRESCIA;0;11.160
17044;3;CASTO;333;0333;VESTONE;0;1.864
17045;3;CASTREZZATO;322;0322;CHIARI;0;7.083
17046;3;CAZZAGO SAN MARTINO;322;0322;CHIARI;0;10.959
17047;3;CEDEGOLO;325;0325;EDOLO;0;1.246
17048;3;CELLATICA;321;0321;BRESCIA;0;4.945
17049;3;CERVENO;320;0320;BRENO;0;663
17050;3;CETO;320;0320;BRENO;0;1.950
17051;3;CEVO;325;0325;EDOLO;0;930
17052;3;CHIARI;322;0322;CHIARI;1;18.391
17053;3;CIGOLE;328;0328;MANERBIO;0;1.619
17054;3;CIMBERGO;320;0320;BRENO;0;562
17055;3;CIVIDATE CAMUNO;320;0320;BRENO;0;2.762
17056;3;COCCAGLIO;322;0322;CHIARI;0;8.469
17057;3;COLLEBEATO;321;0321;BRESCIA;0;4.698
17058;3;COLLIO;327;0327;LUMEZZANE;0;2.227
17059;3;COLOGNE;322;0322;CHIARI;0;7.534
17060;3;COMEZZANO-CIZZAGO;322;0322;CHIARI;0;3.717
17061;3;CONCESIO;321;0321;BRESCIA;0;14.813
17062;3;CORTE FRANCA;322;0322;CHIARI;0;7.078
17063;3;CORTENO GOLGI;325;0325;EDOLO;0;2.015
17064;3;CORZANO;330;0330;ORZINUOVI;0;1.397
17065;3;DARFO BOARIO TERME;323;0323;DARFO BOARIO TERME;1;15.524
17066;3;DELLO;321;0321;BRESCIA;0;5.576
17067;3;DESENZANO DEL GARDA;324;0324;DESENZANO DEL GARDA;1;26.793
17068;3;EDOLO;325;0325;EDOLO;1;4.509
17069;3;ERBUSCO;322;0322;CHIARI;0;8.286
17070;3;ESINE;320;0320;BRENO;0;5.351
17071;3;FIESSE;342;0342;ASOLA;0;2.175
17072;3;FLERO;321;0321;BRESCIA;0;8.440
17073;3;GAMBARA;329;0329;MONTICHIARI;0;4.697
17074;3;GARDONE RIVIERA;332;0332;SALÒ;0;2.713
17075;3;GARDONE VAL TROMPIA;327;0327;LUMEZZANE;0;11.700
17076;3;GARGNANO;332;0332;SALÒ;0;3.033
17077;3;GAVARDO;332;0332;SALÒ;0;11.686
17078;3;GHEDI;329;0329;MONTICHIARI;0;18.321
17079;3;GIANICO;323;0323;DARFO BOARIO TERME;0;2.196
17080;3;GOTTOLENGO;329;0329;MONTICHIARI;0;5.238
17081;3;GUSSAGO;321;0321;BRESCIA;0;16.403
17082;3;IDRO;333;0333;VESTONE;0;1.892
17083;3;INCUDINE;325;0325;EDOLO;0;403
17084;3;IRMA;327;0327;LUMEZZANE;0;147
17085;3;ISEO;322;0322;CHIARI;0;9.100
17086;3;ISORELLA;329;0329;MONTICHIARI;0;4.091
17087;3;LAVENONE;333;0333;VESTONE;0;607
17088;3;LENO;328;0328;MANERBIO;0;14.364
17089;3;LIMONE SUL GARDA;326;0326;LIMONE SUL GARDA;1;1.151
17090;3;LODRINO;327;0327;LUMEZZANE;0;1.750
17091;3;LOGRATO;321;0321;BRESCIA;0;3.793
17092;3;LONATO DEL GARDA;324;0324;DESENZANO DEL GARDA;0;15.559
17093;3;LONGHENA;321;0321;BRESCIA;0;607
17094;3;LOSINE;320;0320;BRENO;0;591
17095;3;LOZIO;320;0320;BRENO;0;418
17096;3;LUMEZZANE;327;0327;LUMEZZANE;1;23.390
17097;3;MACLODIO;321;0321;BRESCIA;0;1.501
17098;3;MAGASA;333;0333;VESTONE;0;145
17099;3;MAIRANO;321;0321;BRESCIA;0;3.329
17100;3;MALEGNO;320;0320;BRENO;0;2.078
17101;3;MALONNO;325;0325;EDOLO;0;3.320
17102;3;MANERBA DEL GARDA;332;0332;SALÒ;0;4.902
17103;3;MANERBIO;328;0328;MANERBIO;1;12.869
17104;3;MARCHENO;327;0327;LUMEZZANE;0;4.359
17105;3;MARMENTINO;327;0327;LUMEZZANE;0;676
17106;3;MARONE;322;0322;CHIARI;0;3.293
17107;3;MAZZANO;321;0321;BRESCIA;0;11.487
17108;3;MILZANO;328;0328;MANERBIO;0;1.799
17109;3;MONIGA DEL GARDA;332;0332;SALÒ;0;2.436
17110;3;MONNO;325;0325;EDOLO;0;564
17111;3;MONTE ISOLA;322;0322;CHIARI;0;1.804
17112;3;MONTICELLI BRUSATI;321;0321;BRESCIA;0;4.401
17113;3;MONTICHIARI;329;0329;MONTICHIARI;1;23.734
17114;3;MONTIRONE;321;0321;BRESCIA;0;5.044
17115;3;MURA;333;0333;VESTONE;0;790
17116;3;MUSCOLINE;332;0332;SALÒ;0;2.547
17117;3;NAVE;321;0321;BRESCIA;0;10.957
17118;3;NIARDO;320;0320;BRENO;0;1.950
17119;3;NUVOLENTO;332;0332;SALÒ;0;4.011
17120;3;NUVOLERA;332;0332;SALÒ;0;4.535
17121;3;ODOLO;333;0333;VESTONE;0;2.086
17122;3;OFFLAGA;328;0328;MANERBIO;0;4.269
17123;3;OME;321;0321;BRESCIA;0;3.238
17124;3;ONO SAN PIETRO;320;0320;BRENO;0;1.002
17125;3;ORZINUOVI;330;0330;ORZINUOVI;1;12.343
17126;3;ORZIVECCHI;330;0330;ORZINUOVI;0;2.485
17127;3;OSPITALETTO;321;0321;BRESCIA;0;13.579
17128;3;OSSIMO;320;0320;BRENO;0;1.442
17129;3;PADENGHE SUL GARDA;324;0324;DESENZANO DEL GARDA;0;4.276
17130;3;PADERNO FRANCIACORTA;321;0321;BRESCIA;0;3.699
17131;3;PAISCO LOVENO;325;0325;EDOLO;0;198
17132;3;PAITONE;332;0332;SALÒ;0;2.091
17133;3;PALAZZOLO SULL'OGLIO;322;0322;CHIARI;0;19.472
17134;3;PARATICO;317;0317;GRUMELLO DEL MONTE;0;4.464
17135;3;PASPARDO;320;0320;BRENO;0;646
17136;3;PASSIRANO;321;0321;BRESCIA;0;7.114
17137;3;PAVONE DEL MELLA;328;0328;MANERBIO;0;2.838
17138;3;SAN PAOLO;330;0330;ORZINUOVI;0;4.504
17139;3;PERTICA ALTA;333;0333;VESTONE;0;599
17140;3;PERTICA BASSA;333;0333;VESTONE;0;686
17141;3;PEZZAZE;327;0327;LUMEZZANE;0;1.586
17142;3;PIAN CAMUNO;323;0323;DARFO BOARIO TERME;0;4.400
17143;3;PISOGNE;323;0323;DARFO BOARIO TERME;0;8.112
17144;3;POLAVENO;327;0327;LUMEZZANE;0;2.661
17145;3;POLPENAZZE DEL GARDA;332;0332;SALÒ;0;2.468
17146;3;POMPIANO;330;0330;ORZINUOVI;0;3.893
17147;3;PONCARALE;321;0321;BRESCIA;0;5.219
17148;3;PONTE DI LEGNO;331;0331;PONTE DI LEGNO;1;1.754
17149;3;PONTEVICO;328;0328;MANERBIO;0;7.121
17150;3;PONTOGLIO;322;0322;CHIARI;0;6.894
17151;3;POZZOLENGO;324;0324;DESENZANO DEL GARDA;0;3.438
17152;3;PRALBOINO;328;0328;MANERBIO;0;2.912
17153;3;PRESEGLIE;333;0333;VESTONE;0;1.577
17154;3;PRESTINE;320;0320;BRENO;0;384
17155;3;PREVALLE;332;0332;SALÒ;0;6.816
17156;3;PROVAGLIO D'ISEO;322;0322;CHIARI;0;7.136
17157;3;PROVAGLIO VAL SABBIA;333;0333;VESTONE;0;966
17158;3;PUEGNAGO SUL GARDA;332;0332;SALÒ;0;3.263
17159;3;QUINZANO D'OGLIO;330;0330;ORZINUOVI;0;6.390
17160;3;REMEDELLO;329;0329;MONTICHIARI;0;3.387
17161;3;REZZATO;321;0321;BRESCIA;0;12.933
17162;3;ROCCAFRANCA;330;0330;ORZINUOVI;0;4.767
17163;3;RODENGO SAIANO;321;0321;BRESCIA;0;8.795
17164;3;ROÈ VOLCIANO;332;0332;SALÒ;0;4.465
17165;3;RONCADELLE;321;0321;BRESCIA;0;9.265
17166;3;ROVATO;322;0322;CHIARI;0;17.562
17167;3;RUDIANO;322;0322;CHIARI;0;5.699
17168;3;SABBIO CHIESE;333;0333;VESTONE;0;3.831
17169;3;SALE MARASINO;322;0322;CHIARI;0;3.370
17170;3;SALÒ;332;0332;SALÒ;1;10.350
17171;3;SAN FELICE DEL BENACO;332;0332;SALÒ;0;3.403
17172;3;SAN GERVASIO BRESCIANO;328;0328;MANERBIO;0;2.469
17173;3;SAN ZENO NAVIGLIO;321;0321;BRESCIA;0;4.601
17174;3;SAREZZO;327;0327;LUMEZZANE;0;13.469
17175;3;SAVIORE DELL'ADAMELLO;325;0325;EDOLO;0;992
17176;3;SELLERO;320;0320;BRENO;0;1.506
17177;3;SENIGA;328;0328;MANERBIO;0;1.581
17178;3;SERLE;332;0332;SALÒ;0;3.092
17179;3;SIRMIONE;324;0324;DESENZANO DEL GARDA;0;7.438
17180;3;SOIANO DEL LAGO;332;0332;SALÒ;0;1.785
17181;3;SONICO;325;0325;EDOLO;0;1.270
17182;3;SULZANO;322;0322;CHIARI;0;1.892
17183;3;TAVERNOLE SUL MELLA;327;0327;LUMEZZANE;0;1.359
17184;3;TEMÙ;331;0331;PONTE DI LEGNO;0;1.083
17185;3;TIGNALE;326;0326;LIMONE SUL GARDA;0;1.298
17186;3;TORBOLE CASAGLIA;321;0321;BRESCIA;0;6.370
17187;3;TOSCOLANO-MADERNO;332;0332;SALÒ;0;7.994
17188;3;TRAVAGLIATO;321;0321;BRESCIA;0;13.447
17189;3;TREMOSINE SUL GARDA;326;0326;LIMONE SUL GARDA;0;2.125
17190;3;TRENZANO;322;0322;CHIARI;0;5.480
17191;3;TREVISO BRESCIANO;333;0333;VESTONE;0;566
17192;3;URAGO D'OGLIO;322;0322;CHIARI;0;3.877
17193;3;VALLIO TERME;332;0332;SALÒ;0;1.372
17194;3;VALVESTINO;333;0333;VESTONE;0;212
17195;3;VEROLANUOVA;330;0330;ORZINUOVI;0;8.133
17196;3;VEROLAVECCHIA;330;0330;ORZINUOVI;0;3.875
17197;3;VESTONE;333;0333;VESTONE;1;4.461
17198;3;VEZZA D'OGLIO;331;0331;PONTE DI LEGNO;0;1.476
17199;3;VILLA CARCINA;327;0327;LUMEZZANE;0;10.755
17200;3;VILLACHIARA;330;0330;ORZINUOVI;0;1.432
17201;3;VILLANUOVA SUL CLISI;332;0332;SALÒ;0;5.661
17202;3;VIONE;331;0331;PONTE DI LEGNO;0;723
17203;3;VISANO;329;0329;MONTICHIARI;0;1.933
17204;3;VOBARNO;332;0332;SALÒ;0;8.150
17205;3;ZONE;322;0322;CHIARI;0;1.091
17206;3;PIANCOGNO;320;0320;BRENO;0;4.679
18001;3;ALAGNA;335;0335;SANNAZZARO DE' BURGONDI;0;882
18002;3;ALBAREDO ARNABOLDI;336;0336;STRADELLA;0;225
18003;3;ALBONESE;337;0337;VIGEVANO;0;565
18004;3;ALBUZZANO;334;0334;PAVIA;0;3.355
18005;3;ARENA PO;336;0336;STRADELLA;0;1.625
18006;3;BADIA PAVESE;801;0801;CASTEL SAN GIOVANNI;0;402
18007;3;BAGNARIA;338;0338;VOGHERA;0;675
18008;3;BARBIANELLO;336;0336;STRADELLA;0;890
18009;3;BASCAPÈ;313;0313;MILANO;0;1.715
18010;3;BASTIDA DE' DOSSI;338;0338;VOGHERA;0;172
18011;3;BASTIDA PANCARANA;338;0338;VOGHERA;0;1.032
18012;3;BATTUDA;334;0334;PAVIA;0;582
18013;3;BELGIOIOSO;334;0334;PAVIA;0;6.287
18014;3;BEREGUARDO;334;0334;PAVIA;0;2.775
18015;3;BORGARELLO;334;0334;PAVIA;0;2.659
18016;3;BORGO PRIOLO;338;0338;VOGHERA;0;1.382
18017;3;BORGORATTO MORMOROLO;338;0338;VOGHERA;0;423
18018;3;BORGO SAN SIRO;337;0337;VIGEVANO;0;1.035
18019;3;BORNASCO;334;0334;PAVIA;0;2.589
18020;3;BOSNASCO;336;0336;STRADELLA;0;633
18021;3;BRALLO DI PREGOLA;338;0338;VOGHERA;0;689
18022;3;BREME;335;0335;SANNAZZARO DE' BURGONDI;0;853
18023;3;BRESSANA BOTTARONE;334;0334;PAVIA;0;3.535
18024;3;BRONI;336;0336;STRADELLA;0;9.073
18025;3;CALVIGNANO;338;0338;VOGHERA;0;128
18026;3;CAMPOSPINOSO;336;0336;STRADELLA;0;990
18027;3;CANDIA LOMELLINA;337;0337;VIGEVANO;0;1.636
18028;3;CANEVINO;336;0336;STRADELLA;0;112
18029;3;CANNETO PAVESE;336;0336;STRADELLA;0;1.423
18030;3;CARBONARA AL TICINO;334;0334;PAVIA;0;1.516
18031;3;CASANOVA LONATI;336;0336;STRADELLA;0;483
18032;3;CASATISMA;338;0338;VOGHERA;0;895
18033;3;CASEI GEROLA;338;0338;VOGHERA;0;2.500
18034;3;CASORATE PRIMO;313;0313;MILANO;0;8.480
18035;3;CASSOLNOVO;337;0337;VIGEVANO;0;6.940
18036;3;CASTANA;336;0336;STRADELLA;0;744
18037;3;CASTEGGIO;338;0338;VOGHERA;0;6.836
18038;3;CASTELLETTO DI BRANDUZZO;338;0338;VOGHERA;0;1.037
18039;3;CASTELLO D'AGOGNA;337;0337;VIGEVANO;0;1.091
18040;3;CASTELNOVETTO;337;0337;VIGEVANO;0;624
18041;3;CAVA MANARA;334;0334;PAVIA;0;6.586
18042;3;CECIMA;338;0338;VOGHERA;0;233
18043;3;CERANOVA;334;0334;PAVIA;0;1.894
18044;3;CERETTO LOMELLINA;337;0337;VIGEVANO;0;205
18045;3;CERGNAGO;337;0337;VIGEVANO;0;754
18046;3;CERTOSA DI PAVIA;334;0334;PAVIA;0;5.004
18047;3;CERVESINA;338;0338;VOGHERA;0;1.224
18048;3;CHIGNOLO PO;351;0351;LODI;0;3.992
18049;3;CIGOGNOLA;336;0336;STRADELLA;0;1.363
18050;3;CILAVEGNA;337;0337;VIGEVANO;0;5.656
18051;3;CODEVILLA;338;0338;VOGHERA;0;1.000
18052;3;CONFIENZA;337;0337;VIGEVANO;0;1.671
18053;3;COPIANO;334;0334;PAVIA;0;1.794
18054;3;CORANA;338;0338;VOGHERA;0;798
18055;3;CORNALE;338;0338;VOGHERA;0;723
18056;3;CORTEOLONA;334;0334;PAVIA;0;2.132
18057;3;CORVINO SAN QUIRICO;338;0338;VOGHERA;0;1.034
18058;3;COSTA DE' NOBILI;334;0334;PAVIA;0;351
18059;3;COZZO;337;0337;VIGEVANO;0;371
18060;3;CURA CARPIGNANO;334;0334;PAVIA;0;4.371
18061;3;DORNO;335;0335;SANNAZZARO DE' BURGONDI;0;4.584
18062;3;FERRERA ERBOGNONE;335;0335;SANNAZZARO DE' BURGONDI;0;1.121
18063;3;FILIGHERA;334;0334;PAVIA;0;849
18064;3;FORTUNAGO;338;0338;VOGHERA;0;383
18065;3;FRASCAROLO;130;0130;VALENZA;0;1.214
18066;3;GALLIAVOLA;335;0335;SANNAZZARO DE' BURGONDI;0;213
18067;3;GAMBARANA;335;0335;SANNAZZARO DE' BURGONDI;0;242
18068;3;GAMBOLÒ;337;0337;VIGEVANO;0;9.779
18069;3;GARLASCO;335;0335;SANNAZZARO DE' BURGONDI;0;9.791
18070;3;GENZONE;334;0334;PAVIA;0;358
18071;3;GERENZAGO;334;0334;PAVIA;0;1.386
18072;3;GIUSSAGO;334;0334;PAVIA;0;5.049
18073;3;GODIASCO SALICE TERME;338;0338;VOGHERA;0;3.130
18074;3;GOLFERENZO;336;0336;STRADELLA;0;206
18075;3;GRAVELLONA LOMELLINA;337;0337;VIGEVANO;0;2.688
18076;3;GROPELLO CAIROLI;335;0335;SANNAZZARO DE' BURGONDI;0;4.592
18077;3;INVERNO E MONTELEONE;334;0334;PAVIA;0;1.390
18078;3;LANDRIANO;313;0313;MILANO;0;5.917
18079;3;LANGOSCO;337;0337;VIGEVANO;0;436
18080;3;LARDIRAGO;334;0334;PAVIA;0;1.200
18081;3;LINAROLO;334;0334;PAVIA;0;2.754
18082;3;LIRIO;336;0336;STRADELLA;0;136
18083;3;LOMELLO;335;0335;SANNAZZARO DE' BURGONDI;0;2.295
18084;3;LUNGAVILLA;338;0338;VOGHERA;0;2.412
18085;3;MAGHERNO;334;0334;PAVIA;0;1.690
18086;3;MARCIGNAGO;334;0334;PAVIA;0;2.440
18087;3;MARZANO;334;0334;PAVIA;0;1.559
18088;3;MEDE;335;0335;SANNAZZARO DE' BURGONDI;0;6.912
18089;3;MENCONICO;338;0338;VOGHERA;0;378
18090;3;MEZZANA BIGLI;335;0335;SANNAZZARO DE' BURGONDI;0;1.108
18091;3;MEZZANA RABATTONE;334;0334;PAVIA;0;502
18092;3;MEZZANINO;336;0336;STRADELLA;0;1.494
18093;3;MIRADOLO TERME;351;0351;LODI;0;3.792
18094;3;MONTALTO PAVESE;338;0338;VOGHERA;0;924
18095;3;MONTEBELLO DELLA BATTAGLIA;338;0338;VOGHERA;0;1.689
18096;3;MONTECALVO VERSIGGIA;336;0336;STRADELLA;0;561
18097;3;MONTESCANO;336;0336;STRADELLA;0;383
18098;3;MONTESEGALE;338;0338;VOGHERA;0;307
18099;3;MONTICELLI PAVESE;801;0801;CASTEL SAN GIOVANNI;0;711
18100;3;MONTÙ BECCARIA;336;0336;STRADELLA;0;1.722
18101;3;MORNICO LOSANA;338;0338;VOGHERA;0;721
18102;3;MORTARA;337;0337;VIGEVANO;0;15.156
18103;3;NICORVO;337;0337;VIGEVANO;0;364
18104;3;OLEVANO DI LOMELLINA;337;0337;VIGEVANO;0;783
18105;3;OLIVA GESSI;338;0338;VOGHERA;0;173
18106;3;OTTOBIANO;335;0335;SANNAZZARO DE' BURGONDI;0;1.181
18107;3;PALESTRO;109;0109;VERCELLI;0;1.885
18108;3;PANCARANA;338;0338;VOGHERA;0;316
18109;3;PARONA;337;0337;VIGEVANO;0;1.987
18110;3;PAVIA;334;0334;PAVIA;1;68.280
18111;3;PIETRA DE' GIORGI;336;0336;STRADELLA;0;915
18112;3;PIEVE ALBIGNOLA;335;0335;SANNAZZARO DE' BURGONDI;0;916
18113;3;PIEVE DEL CAIRO;335;0335;SANNAZZARO DE' BURGONDI;0;2.108
18114;3;PIEVE PORTO MORONE;801;0801;CASTEL SAN GIOVANNI;0;2.788
18115;3;PINAROLO PO;334;0334;PAVIA;0;1.702
18116;3;PIZZALE;338;0338;VOGHERA;0;722
18117;3;PONTE NIZZA;338;0338;VOGHERA;0;811
18118;3;PORTALBERA;336;0336;STRADELLA;0;1.551
18119;3;REA;336;0336;STRADELLA;0;432
18120;3;REDAVALLE;336;0336;STRADELLA;0;1.056
18121;3;RETORBIDO;338;0338;VOGHERA;0;1.506
18122;3;RIVANAZZANO TERME;338;0338;VOGHERA;0;5.186
18123;3;ROBBIO;337;0337;VIGEVANO;0;6.164
18124;3;ROBECCO PAVESE;338;0338;VOGHERA;0;569
18125;3;ROCCA DE' GIORGI;336;0336;STRADELLA;0;79
18126;3;ROCCA SUSELLA;338;0338;VOGHERA;0;234
18127;3;ROGNANO;313;0313;MILANO;0;619
18128;3;ROMAGNESE;801;0801;CASTEL SAN GIOVANNI;0;744
18129;3;RONCARO;334;0334;PAVIA;0;1.385
18130;3;ROSASCO;337;0337;VIGEVANO;0;638
18131;3;ROVESCALA;336;0336;STRADELLA;0;917
18132;3;RUINO;336;0336;STRADELLA;0;745
18133;3;SAN CIPRIANO PO;336;0336;STRADELLA;0;516
18134;3;SAN DAMIANO AL COLLE;336;0336;STRADELLA;0;719
18135;3;SAN GENESIO ED UNITI;334;0334;PAVIA;0;3.788
18136;3;SAN GIORGIO DI LOMELLINA;335;0335;SANNAZZARO DE' BURGONDI;0;1.155
18137;3;SAN MARTINO SICCOMARIO;334;0334;PAVIA;0;5.738
18138;3;SANNAZZARO DE' BURGONDI;335;0335;SANNAZZARO DE' BURGONDI;1;5.644
18139;3;SANTA CRISTINA E BISSONE;334;0334;PAVIA;0;2.028
18140;3;SANTA GIULETTA;336;0336;STRADELLA;0;1.685
18141;3;SANT'ALESSIO CON VIALONE;334;0334;PAVIA;0;840
18142;3;SANTA MARGHERITA DI STAFFORA;338;0338;VOGHERA;0;513
18143;3;SANTA MARIA DELLA VERSA;336;0336;STRADELLA;0;2.476
18144;3;SANT'ANGELO LOMELLINA;337;0337;VIGEVANO;0;864
18145;3;SAN ZENONE AL PO;336;0336;STRADELLA;0;598
18146;3;SARTIRANA LOMELLINA;335;0335;SANNAZZARO DE' BURGONDI;0;1.760
18147;3;SCALDASOLE;335;0335;SANNAZZARO DE' BURGONDI;0;967
18148;3;SEMIANA;335;0335;SANNAZZARO DE' BURGONDI;0;257
18149;3;SILVANO PIETRA;338;0338;VOGHERA;0;680
18150;3;SIZIANO;313;0313;MILANO;0;5.807
18151;3;SOMMO;334;0334;PAVIA;0;1.146
18152;3;SPESSA;336;0336;STRADELLA;0;602
18153;3;STRADELLA;336;0336;STRADELLA;1;11.639
18154;3;SUARDI;130;0130;VALENZA;0;651
18155;3;TORRAZZA COSTE;338;0338;VOGHERA;0;1.693
18156;3;TORRE BERETTI E CASTELLARO;130;0130;VALENZA;0;588
18157;3;TORRE D'ARESE;334;0334;PAVIA;0;977
18158;3;TORRE DE' NEGRI;334;0334;PAVIA;0;347
18159;3;TORRE D'ISOLA;334;0334;PAVIA;0;2.395
18160;3;TORREVECCHIA PIA;313;0313;MILANO;0;3.427
18161;3;TORRICELLA VERZATE;338;0338;VOGHERA;0;837
18162;3;TRAVACÒ SICCOMARIO;334;0334;PAVIA;0;4.361
18163;3;TRIVOLZIO;334;0334;PAVIA;0;2.036
18164;3;TROMELLO;335;0335;SANNAZZARO DE' BURGONDI;0;3.828
18165;3;TROVO;334;0334;PAVIA;0;1.023
18166;3;VAL DI NIZZA;338;0338;VOGHERA;0;655
18167;3;VALEGGIO;335;0335;SANNAZZARO DE' BURGONDI;0;236
18168;3;VALLE LOMELLINA;335;0335;SANNAZZARO DE' BURGONDI;0;2.153
18169;3;VALLE SALIMBENE;334;0334;PAVIA;0;1.537
18170;3;VALVERDE;338;0338;VOGHERA;0;299
18171;3;VARZI;338;0338;VOGHERA;0;3.405
18172;3;VELEZZO LOMELLINA;335;0335;SANNAZZARO DE' BURGONDI;0;101
18173;3;VELLEZZO BELLINI;334;0334;PAVIA;0;3.066
18174;3;VERRETTO;338;0338;VOGHERA;0;386
18175;3;VERRUA PO;336;0336;STRADELLA;0;1.319
18176;3;VIDIGULFO;313;0313;MILANO;0;5.933
18177;3;VIGEVANO;337;0337;VIGEVANO;1;60.109
18178;3;VILLA BISCOSSI;335;0335;SANNAZZARO DE' BURGONDI;0;75
18179;3;VILLANOVA D'ARDENGHI;334;0334;PAVIA;0;770
18180;3;VILLANTERIO;334;0334;PAVIA;0;3.153
18181;3;VISTARINO;334;0334;PAVIA;0;1.546
18182;3;VOGHERA;338;0338;VOGHERA;1;38.174
18183;3;VOLPARA;336;0336;STRADELLA;0;133
18184;3;ZAVATTARELLO;801;0801;CASTEL SAN GIOVANNI;0;1.036
18185;3;ZECCONE;334;0334;PAVIA;0;1.696
18186;3;ZEME;337;0337;VIGEVANO;0;1.082
18187;3;ZENEVREDO;336;0336;STRADELLA;0;478
18188;3;ZERBO;334;0334;PAVIA;0;445
18189;3;ZERBOLÒ;334;0334;PAVIA;0;1.653
18190;3;ZINASCO;334;0334;PAVIA;0;3.223
19001;3;ACQUANEGRA CREMONESE;341;0341;CREMONA;0;1.302
19002;3;AGNADELLO;340;0340;CREMA;0;3.757
19003;3;ANNICCO;341;0341;CREMONA;0;2.075
19004;3;AZZANELLO;330;0330;ORZINUOVI;0;717
19005;3;BAGNOLO CREMASCO;340;0340;CREMA;0;4.788
19006;3;BONEMERSE;341;0341;CREMONA;0;1.485
19007;3;BORDOLANO;330;0330;ORZINUOVI;0;621
19008;3;CA' D'ANDREA;342;0342;ASOLA;0;480
19009;3;CALVATONE;342;0342;ASOLA;0;1.260
19010;3;CAMISANO;340;0340;CREMA;0;1.303
19011;3;CAMPAGNOLA CREMASCA;340;0340;CREMA;0;683
19012;3;CAPERGNANICA;340;0340;CREMA;0;2.095
19013;3;CAPPELLA CANTONE;340;0340;CREMA;0;577
19014;3;CAPPELLA DE' PICENARDI;341;0341;CREMONA;0;439
19015;3;CAPRALBA;340;0340;CREMA;0;2.452
19016;3;CASALBUTTANO ED UNITI;341;0341;CREMONA;0;4.103
19017;3;CASALE CREMASCO-VIDOLASCO;340;0340;CREMA;0;1.826
19018;3;CASALETTO CEREDANO;340;0340;CREMA;0;1.180
19019;3;CASALETTO DI SOPRA;340;0340;CREMA;0;548
19020;3;CASALETTO VAPRIO;340;0340;CREMA;0;1.761
19021;3;CASALMAGGIORE;339;0339;CASALMAGGIORE;1;15.111
19022;3;CASALMORANO;341;0341;CREMONA;0;1.680
19023;3;CASTELDIDONE;339;0339;CASALMAGGIORE;0;576
19024;3;CASTEL GABBIANO;340;0340;CREMA;0;455
19025;3;CASTELLEONE;340;0340;CREMA;0;9.506
19026;3;CASTELVERDE;341;0341;CREMONA;0;5.651
19027;3;CASTELVISCONTI;330;0330;ORZINUOVI;0;330
19028;3;CELLA DATI;341;0341;CREMONA;0;553
19029;3;CHIEVE;340;0340;CREMA;0;2.240
19030;3;CICOGNOLO;341;0341;CREMONA;0;955
19031;3;CINGIA DE' BOTTI;339;0339;CASALMAGGIORE;0;1.371
19032;3;CORTE DE' CORTESI CON CIGNONE;341;0341;CREMONA;0;1.123
19033;3;CORTE DE' FRATI;341;0341;CREMONA;0;1.423
19034;3;CREDERA RUBBIANO;340;0340;CREMA;0;1.645
19035;3;CREMA;340;0340;CREMA;1;33.091
19036;3;CREMONA;341;0341;CREMONA;1;69.589
19037;3;CREMOSANO;340;0340;CREMA;0;1.580
19038;3;CROTTA D'ADDA;341;0341;CREMONA;0;654
19039;3;CUMIGNANO SUL NAVIGLIO;330;0330;ORZINUOVI;0;447
19040;3;DEROVERE;341;0341;CREMONA;0;310
19041;3;DOVERA;340;0340;CREMA;0;3.865
19042;3;DRIZZONA;342;0342;ASOLA;0;552
19043;3;FIESCO;340;0340;CREMA;0;1.200
19044;3;FORMIGARA;340;0340;CREMA;0;1.116
19045;3;GABBIONETA-BINANUOVA;341;0341;CREMONA;0;899
19046;3;GADESCO-PIEVE DELMONA;341;0341;CREMONA;0;2.015
19047;3;GENIVOLTA;330;0330;ORZINUOVI;0;1.178
19048;3;GERRE DE' CAPRIOLI;341;0341;CREMONA;0;1.283
19049;3;GOMBITO;340;0340;CREMA;0;636
19050;3;GRONTARDO;341;0341;CREMONA;0;1.469
19051;3;GRUMELLO CREMONESE ED UNITI;341;0341;CREMONA;0;1.873
19052;3;GUSSOLA;339;0339;CASALMAGGIORE;0;2.873
19053;3;ISOLA DOVARESE;342;0342;ASOLA;0;1.231
19054;3;IZANO;340;0340;CREMA;0;2.068
19055;3;MADIGNANO;340;0340;CREMA;0;2.931
19056;3;MALAGNINO;341;0341;CREMONA;0;1.525
19057;3;MARTIGNANA DI PO;339;0339;CASALMAGGIORE;0;1.893
19058;3;MONTE CREMASCO;340;0340;CREMA;0;2.356
19059;3;MONTODINE;340;0340;CREMA;0;2.606
19060;3;MOSCAZZANO;340;0340;CREMA;0;822
19061;3;MOTTA BALUFFI;339;0339;CASALMAGGIORE;0;980
19062;3;OFFANENGO;340;0340;CREMA;0;5.869
19063;3;OLMENETA;341;0341;CREMONA;0;967
19064;3;OSTIANO;341;0341;CREMONA;0;3.020
19065;3;PADERNO PONCHIELLI;341;0341;CREMONA;0;1.480
19066;3;PALAZZO PIGNANO;340;0340;CREMA;0;3.848
19067;3;PANDINO;340;0340;CREMA;0;8.885
19068;3;PERSICO DOSIMO;341;0341;CREMONA;0;3.372
19069;3;PESCAROLO ED UNITI;341;0341;CREMONA;0;1.608
19070;3;PESSINA CREMONESE;341;0341;CREMONA;0;673
19071;3;PIADENA;342;0342;ASOLA;0;3.580
19072;3;PIANENGO;340;0340;CREMA;0;2.561
19073;3;PIERANICA;340;0340;CREMA;0;1.152
19074;3;PIEVE D'OLMI;341;0341;CREMONA;0;1.295
19075;3;PIEVE SAN GIACOMO;341;0341;CREMONA;0;1.624
19076;3;PIZZIGHETTONE;351;0351;LODI;0;6.703
19077;3;POZZAGLIO ED UNITI;341;0341;CREMONA;0;1.471
19078;3;QUINTANO;340;0340;CREMA;0;910
19079;3;RICENGO;340;0340;CREMA;0;1.770
19080;3;RIPALTA ARPINA;340;0340;CREMA;0;1.055
19081;3;RIPALTA CREMASCA;340;0340;CREMA;0;3.394
19082;3;RIPALTA GUERINA;340;0340;CREMA;0;535
19083;3;RIVAROLO DEL RE ED UNITI;339;0339;CASALMAGGIORE;0;2.077
19084;3;RIVOLTA D'ADDA;340;0340;CREMA;0;7.918
19085;3;ROBECCO D'OGLIO;328;0328;MANERBIO;0;2.438
19086;3;ROMANENGO;340;0340;CREMA;0;3.021
19087;3;SALVIROLA;340;0340;CREMA;0;1.169
19088;3;SAN BASSANO;340;0340;CREMA;0;2.207
19089;3;SAN DANIELE PO;341;0341;CREMONA;0;1.419
19090;3;SAN GIOVANNI IN CROCE;339;0339;CASALMAGGIORE;0;1.875
19091;3;SAN MARTINO DEL LAGO;339;0339;CASALMAGGIORE;0;473
19092;3;SCANDOLARA RAVARA;339;0339;CASALMAGGIORE;0;1.466
19093;3;SCANDOLARA RIPA D'OGLIO;341;0341;CREMONA;0;623
19094;3;SERGNANO;340;0340;CREMA;0;3.631
19095;3;SESTO ED UNITI;341;0341;CREMONA;0;3.075
19096;3;SOLAROLO RAINERIO;339;0339;CASALMAGGIORE;0;1.007
19097;3;SONCINO;330;0330;ORZINUOVI;0;7.699
19098;3;SORESINA;340;0340;CREMA;0;8.995
19099;3;SOSPIRO;341;0341;CREMONA;0;3.236
19100;3;SPINADESCO;341;0341;CREMONA;0;1.575
19101;3;SPINEDA;339;0339;CASALMAGGIORE;0;633
19102;3;SPINO D'ADDA;340;0340;CREMA;0;6.851
19103;3;STAGNO LOMBARDO;341;0341;CREMONA;0;1.570
19104;3;TICENGO;330;0330;ORZINUOVI;0;448
19105;3;TORLINO VIMERCATI;340;0340;CREMA;0;449
19106;3;TORNATA;339;0339;CASALMAGGIORE;0;491
19107;3;TORRE DE' PICENARDI;342;0342;ASOLA;0;1.769
19108;3;TORRICELLA DEL PIZZO;339;0339;CASALMAGGIORE;0;678
19109;3;TRESCORE CREMASCO;340;0340;CREMA;0;2.882
19110;3;TRIGOLO;340;0340;CREMA;0;1.760
19111;3;VAIANO CREMASCO;340;0340;CREMA;0;3.869
19112;3;VAILATE;340;0340;CREMA;0;4.460
19113;3;VESCOVATO;341;0341;CREMONA;0;3.991
19114;3;VOLONGO;342;0342;ASOLA;0;578
19115;3;VOLTIDO;339;0339;CASALMAGGIORE;0;405
20001;3;ACQUANEGRA SUL CHIESE;342;0342;ASOLA;0;2.996
20002;3;ASOLA;342;0342;ASOLA;1;10.077
20003;3;BAGNOLO SAN VITO;345;0345;MANTOVA;0;5.874
20004;3;BIGARELLO;345;0345;MANTOVA;0;2.083
20005;3;BORGOFORTE;345;0345;MANTOVA;0;3.487
20006;3;BORGOFRANCO SUL PO;346;0346;POGGIO RUSCO;0;790
20007;3;BOZZOLO;339;0339;CASALMAGGIORE;0;4.181
20008;3;CANNETO SULL'OGLIO;342;0342;ASOLA;0;4.511
20009;3;CARBONARA DI PO;347;0347;SERMIDE;0;1.333
20010;3;CASALMORO;342;0342;ASOLA;0;2.204
20011;3;CASALOLDO;343;0343;CASTEL GOFFREDO;0;2.621
20012;3;CASALROMANO;342;0342;ASOLA;0;1.551
20013;3;CASTELBELFORTE;345;0345;MANTOVA;0;3.069
20014;3;CASTEL D'ARIO;345;0345;MANTOVA;0;4.787
20015;3;CASTEL GOFFREDO;343;0343;CASTEL GOFFREDO;1;12.065
20016;3;CASTELLUCCHIO;345;0345;MANTOVA;0;5.205
20017;3;CASTIGLIONE DELLE STIVIERE;344;0344;CASTIGLIONE DELLE STIVIERE;1;22.052
20018;3;CAVRIANA;344;0344;CASTIGLIONE DELLE STIVIERE;0;3.911
20019;3;CERESARA;343;0343;CASTEL GOFFREDO;0;2.712
20020;3;COMMESSAGGIO;349;0349;VIADANA;0;1.169
20021;3;CURTATONE;345;0345;MANTOVA;0;14.570
20022;3;DOSOLO;349;0349;VIADANA;0;3.385
20023;3;FELONICA;347;0347;SERMIDE;0;1.464
20024;3;GAZOLDO DEGLI IPPOLITI;345;0345;MANTOVA;0;2.968
20025;3;GAZZUOLO;349;0349;VIADANA;0;2.392
20026;3;GOITO;345;0345;MANTOVA;0;10.289
20027;3;GONZAGA;348;0348;SUZZARA;0;9.138
20028;3;GUIDIZZOLO;344;0344;CASTIGLIONE DELLE STIVIERE;0;6.147
20029;3;MAGNACAVALLO;346;0346;POGGIO RUSCO;0;1.669
20030;3;MANTOVA;345;0345;MANTOVA;1;46.649
20031;3;MARCARIA;345;0345;MANTOVA;0;6.913
20032;3;MARIANA MANTOVANA;342;0342;ASOLA;0;729
20033;3;MARMIROLO;345;0345;MANTOVA;0;7.759
20034;3;MEDOLE;343;0343;CASTEL GOFFREDO;0;4.038
20035;3;MOGLIA;348;0348;SUZZARA;0;5.923
20036;3;MONZAMBANO;506;0506;PESCHIERA DEL GARDA;0;4.837
20037;3;MOTTEGGIANA;348;0348;SUZZARA;0;2.516
20038;3;OSTIGLIA;346;0346;POGGIO RUSCO;0;6.940
20039;3;PEGOGNAGA;348;0348;SUZZARA;0;7.244
20040;3;PIEVE DI CORIANO;346;0346;POGGIO RUSCO;0;1.041
20041;3;PIUBEGA;343;0343;CASTEL GOFFREDO;0;1.768
20042;3;POGGIO RUSCO;346;0346;POGGIO RUSCO;1;6.521
20043;3;POMPONESCO;349;0349;VIADANA;0;1.763
20044;3;PONTI SUL MINCIO;506;0506;PESCHIERA DEL GARDA;0;2.272
20045;3;PORTO MANTOVANO;345;0345;MANTOVA;0;15.918
20046;3;QUINGENTOLE;346;0346;POGGIO RUSCO;0;1.194
20047;3;QUISTELLO;346;0346;POGGIO RUSCO;0;5.722
20048;3;REDONDESCO;342;0342;ASOLA;0;1.335
20049;3;REVERE;346;0346;POGGIO RUSCO;0;2.545
20050;3;RIVAROLO MANTOVANO;339;0339;CASALMAGGIORE;0;2.608
20051;3;RODIGO;345;0345;MANTOVA;0;5.360
20052;3;RONCOFERRARO;345;0345;MANTOVA;0;7.201
20053;3;ROVERBELLA;345;0345;MANTOVA;0;8.500
20054;3;SABBIONETA;339;0339;CASALMAGGIORE;0;4.313
20055;3;SAN BENEDETTO PO;348;0348;SUZZARA;0;7.724
20056;3;SAN GIACOMO DELLE SEGNATE;346;0346;POGGIO RUSCO;0;1.779
20057;3;SAN GIORGIO DI MANTOVA;345;0345;MANTOVA;0;9.398
20058;3;SAN GIOVANNI DEL DOSSO;346;0346;POGGIO RUSCO;0;1.298
20059;3;SAN MARTINO DALL'ARGINE;339;0339;CASALMAGGIORE;0;1.811
20060;3;SCHIVENOGLIA;346;0346;POGGIO RUSCO;0;1.240
20061;3;SERMIDE;347;0347;SERMIDE;1;6.262
20062;3;SERRAVALLE A PO;346;0346;POGGIO RUSCO;0;1.593
20063;3;SOLFERINO;344;0344;CASTIGLIONE DELLE STIVIERE;0;2.531
20064;3;SUSTINENTE;345;0345;MANTOVA;0;2.240
20065;3;SUZZARA;348;0348;SUZZARA;1;20.545
20066;3;VIADANA;349;0349;VIADANA;1;19.157
20067;3;VILLA POMA;346;0346;POGGIO RUSCO;0;2.033
20068;3;VILLIMPENTA;502;0502;CEREA;0;2.205
20069;3;VIRGILIO;345;0345;MANTOVA;0;10.913
20070;3;VOLTA MANTOVANA;344;0344;CASTIGLIONE DELLE STIVIERE;0;7.298
97001;3;ABBADIA LARIANA;350;0350;LECCO;0;3.249
97002;3;AIRUNO;350;0350;LECCO;0;2.979
97003;3;ANNONE DI BRIANZA;350;0350;LECCO;0;2.292
97004;3;BALLABIO;350;0350;LECCO;0;4.018
97005;3;BARZAGO;350;0350;LECCO;0;2.577
97006;3;BARZANÒ;350;0350;LECCO;0;5.171
97007;3;BARZIO;350;0350;LECCO;0;1.297
97008;3;BELLANO;350;0350;LECCO;0;3.264
97009;3;BOSISIO PARINI;350;0350;LECCO;0;3.504
97010;3;BRIVIO;350;0350;LECCO;0;4.686
97011;3;BULCIAGO;350;0350;LECCO;0;2.948
97012;3;CALCO;350;0350;LECCO;0;5.113
97013;3;CALOLZIOCORTE;350;0350;LECCO;0;14.009
97014;3;CARENNO;350;0350;LECCO;0;1.496
97015;3;CASARGO;350;0350;LECCO;0;849
97016;3;CASATENOVO;313;0313;MILANO;0;12.664
97017;3;CASSAGO BRIANZA;350;0350;LECCO;0;4.406
97018;3;CASSINA VALSASSINA;350;0350;LECCO;0;470
97019;3;CASTELLO DI BRIANZA;350;0350;LECCO;0;2.475
97020;3;CERNUSCO LOMBARDONE;350;0350;LECCO;0;3.851
97021;3;CESANA BRIANZA;350;0350;LECCO;0;2.348
97022;3;CIVATE;350;0350;LECCO;0;4.019
97023;3;COLICO;309;0309;MORBEGNO;0;7.473
97024;3;COLLE BRIANZA;350;0350;LECCO;0;1.736
97025;3;CORTENOVA;350;0350;LECCO;0;1.265
97026;3;COSTA MASNAGA;350;0350;LECCO;0;4.751
97027;3;CRANDOLA VALSASSINA;350;0350;LECCO;0;273
97028;3;CREMELLA;350;0350;LECCO;0;1.762
97029;3;CREMENO;350;0350;LECCO;0;1.438
97030;3;DERVIO;309;0309;MORBEGNO;0;2.681
97031;3;DOLZAGO;350;0350;LECCO;0;2.307
97032;3;DORIO;309;0309;MORBEGNO;0;337
97033;3;ELLO;350;0350;LECCO;0;1.242
97034;3;ERVE;350;0350;LECCO;0;764
97035;3;ESINO LARIO;350;0350;LECCO;0;750
97036;3;GALBIATE;350;0350;LECCO;0;8.587
97037;3;GARBAGNATE MONASTERO;350;0350;LECCO;0;2.430
97038;3;GARLATE;350;0350;LECCO;0;2.617
97039;3;IMBERSAGO;350;0350;LECCO;0;2.408
97040;3;INTROBIO;350;0350;LECCO;0;2.003
97041;3;INTROZZO;309;0309;MORBEGNO;0;122
97042;3;LECCO;350;0350;LECCO;1;46.705
97043;3;LIERNA;350;0350;LECCO;0;2.232
97044;3;LOMAGNA;350;0350;LECCO;0;4.899
97045;3;MALGRATE;350;0350;LECCO;0;4.216
97046;3;MANDELLO DEL LARIO;350;0350;LECCO;0;10.578
97047;3;MARGNO;350;0350;LECCO;0;375
97048;3;MERATE;350;0350;LECCO;0;14.583
97049;3;MISSAGLIA;350;0350;LECCO;0;8.579
97050;3;MOGGIO;350;0350;LECCO;0;503
97051;3;MOLTENO;350;0350;LECCO;0;3.587
97052;3;MONTE MARENZO;350;0350;LECCO;0;1.971
97053;3;MONTEVECCHIA;350;0350;LECCO;0;2.480
97054;3;MONTICELLO BRIANZA;350;0350;LECCO;0;4.217
97055;3;MORTERONE;350;0350;LECCO;0;34
97056;3;NIBIONNO;350;0350;LECCO;0;3.630
97057;3;OGGIONO;350;0350;LECCO;0;8.750
97058;3;OLGIATE MOLGORA;350;0350;LECCO;0;6.190
97059;3;OLGINATE;350;0350;LECCO;0;7.102
97060;3;OLIVETO LARIO;305;0305;MENAGGIO;0;1.192
97061;3;OSNAGO;350;0350;LECCO;0;4.807
97062;3;PADERNO D'ADDA;350;0350;LECCO;0;3.881
97063;3;PAGNONA;350;0350;LECCO;0;402
97064;3;PARLASCO;350;0350;LECCO;0;141
97065;3;PASTURO;350;0350;LECCO;0;1.961
97066;3;PEREGO;350;0350;LECCO;0;1.765
97067;3;PERLEDO;350;0350;LECCO;0;1.025
97068;3;PESCATE;350;0350;LECCO;0;2.188
97069;3;PREMANA;350;0350;LECCO;0;2.288
97070;3;PRIMALUNA;350;0350;LECCO;0;2.187
97071;3;ROBBIATE;350;0350;LECCO;0;6.101
97072;3;ROGENO;350;0350;LECCO;0;3.197
97073;3;ROVAGNATE;350;0350;LECCO;0;2.911
97074;3;SANTA MARIA HOÈ;350;0350;LECCO;0;2.207
97075;3;SIRONE;350;0350;LECCO;0;2.391
97076;3;SIRTORI;350;0350;LECCO;0;2.920
97077;3;SUEGLIO;309;0309;MORBEGNO;0;147
97078;3;SUELLO;350;0350;LECCO;0;1.686
97079;3;TACENO;350;0350;LECCO;0;541
97080;3;TORRE DE' BUSI;350;0350;LECCO;0;2.007
97081;3;TREMENICO;309;0309;MORBEGNO;0;186
97082;3;VALGREGHENTINO;350;0350;LECCO;0;3.410
97083;3;VALMADRERA;350;0350;LECCO;0;11.612
97084;3;VARENNA;350;0350;LECCO;0;765
97085;3;VENDROGNO;350;0350;LECCO;0;319
97086;3;VERCURAGO;350;0350;LECCO;0;2.833
97087;3;VERDERIO INFERIORE;350;0350;LECCO;0;2.952
97088;3;VERDERIO SUPERIORE;350;0350;LECCO;0;2.707
97089;3;VESTRENO;309;0309;MORBEGNO;0;307
97090;3;VIGANÒ;350;0350;LECCO;0;2.012
98001;3;ABBADIA CERRETO;351;0351;LODI;0;297
98002;3;BERTONICO;351;0351;LODI;0;1.168
98003;3;BOFFALORA D'ADDA;351;0351;LODI;0;1.705
98004;3;BORGHETTO LODIGIANO;351;0351;LODI;0;4.379
98005;3;BORGO SAN GIOVANNI;351;0351;LODI;0;2.213
98006;3;BREMBIO;351;0351;LODI;0;2.647
98007;3;CAMAIRAGO;351;0351;LODI;0;667
98008;3;CASALETTO LODIGIANO;351;0351;LODI;0;2.779
98009;3;CASALMAIOCCO;313;0313;MILANO;0;3.069
98010;3;CASALPUSTERLENGO;351;0351;LODI;0;14.852
98011;3;CASELLE LANDI;351;0351;LODI;0;1.652
98012;3;CASELLE LURANI;351;0351;LODI;0;3.100
98013;3;CASTELNUOVO BOCCA D'ADDA;351;0351;LODI;0;1.700
98014;3;CASTIGLIONE D'ADDA;351;0351;LODI;0;4.818
98015;3;CASTIRAGA VIDARDO;351;0351;LODI;0;2.624
98016;3;CAVACURTA;351;0351;LODI;0;853
98017;3;CAVENAGO D'ADDA;351;0351;LODI;0;2.259
98018;3;CERVIGNANO D'ADDA;351;0351;LODI;0;2.119
98019;3;CODOGNO;351;0351;LODI;0;15.371
98020;3;COMAZZO;313;0313;MILANO;0;2.183
98021;3;CORNEGLIANO LAUDENSE;351;0351;LODI;0;2.838
98022;3;CORNO GIOVINE;351;0351;LODI;0;1.193
98023;3;CORNOVECCHIO;351;0351;LODI;0;226
98024;3;CORTE PALASIO;351;0351;LODI;0;1.550
98025;3;CRESPIATICA;340;0340;CREMA;0;2.137
98026;3;FOMBIO;351;0351;LODI;0;2.288
98027;3;GALGAGNANO;351;0351;LODI;0;1.208
98028;3;GRAFFIGNANA;351;0351;LODI;0;2.604
98029;3;GUARDAMIGLIO;351;0351;LODI;0;2.687
98030;3;LIVRAGA;351;0351;LODI;0;2.602
98031;3;LODI;351;0351;LODI;1;43.332
98032;3;LODI VECCHIO;351;0351;LODI;0;7.356
98033;3;MACCASTORNA;351;0351;LODI;0;60
98034;3;MAIRAGO;351;0351;LODI;0;1.397
98035;3;MALEO;351;0351;LODI;0;3.249
98036;3;MARUDO;351;0351;LODI;0;1.568
98037;3;MASSALENGO;351;0351;LODI;0;4.192
98038;3;MELETI;351;0351;LODI;0;466
98039;3;MERLINO;313;0313;MILANO;0;1.772
98040;3;MONTANASO LOMBARDO;351;0351;LODI;0;2.231
98041;3;MULAZZANO;313;0313;MILANO;0;5.733
98042;3;ORIO LITTA;351;0351;LODI;0;2.023
98043;3;OSPEDALETTO LODIGIANO;351;0351;LODI;0;1.853
98044;3;OSSAGO LODIGIANO;351;0351;LODI;0;1.412
98045;3;PIEVE FISSIRAGA;351;0351;LODI;0;1.604
98046;3;SALERANO SUL LAMBRO;351;0351;LODI;0;2.653
98047;3;SAN FIORANO;351;0351;LODI;0;1.804
98048;3;SAN MARTINO IN STRADA;351;0351;LODI;0;3.624
98049;3;SAN ROCCO AL PORTO;351;0351;LODI;0;3.464
98050;3;SANT'ANGELO LODIGIANO;351;0351;LODI;0;12.665
98051;3;SANTO STEFANO LODIGIANO;351;0351;LODI;0;1.902
98052;3;SECUGNAGO;351;0351;LODI;0;1.984
98053;3;SENNA LODIGIANA;351;0351;LODI;0;1.997
98054;3;SOMAGLIA;351;0351;LODI;0;3.661
98055;3;SORDIO;351;0351;LODI;0;3.149
98056;3;TAVAZZANO CON VILLAVESCO;351;0351;LODI;0;6.099
98057;3;TERRANOVA DEI PASSERINI;351;0351;LODI;0;906
98058;3;TURANO LODIGIANO;351;0351;LODI;0;1.538
98059;3;VALERA FRATTA;351;0351;LODI;0;1.669
98060;3;VILLANOVA DEL SILLARO;351;0351;LODI;0;1.732
98061;3;ZELO BUON PERSICO;313;0313;MILANO;0;6.872
108001;3;AGRATE BRIANZA;313;0313;MILANO;0;14.770
108002;3;AICURZIO;313;0313;MILANO;0;2.067
108003;3;ALBIATE;313;0313;MILANO;0;6.190
108004;3;ARCORE;313;0313;MILANO;0;17.285
108005;3;BARLASSINA;313;0313;MILANO;0;6.826
108006;3;BELLUSCO;313;0313;MILANO;0;7.212
108007;3;BERNAREGGIO;313;0313;MILANO;0;10.555
108008;3;BESANA IN BRIANZA;313;0313;MILANO;0;15.510
108009;3;BIASSONO;313;0313;MILANO;0;11.697
108010;3;BOVISIO-MASCIAGO;313;0313;MILANO;0;16.596
108011;3;BRIOSCO;313;0313;MILANO;0;5.966
108012;3;BRUGHERIO;313;0313;MILANO;0;33.170
108013;3;BURAGO DI MOLGORA;313;0313;MILANO;0;4.240
108014;3;CAMPARADA;313;0313;MILANO;0;2.074
108015;3;CARATE BRIANZA;313;0313;MILANO;0;17.684
108016;3;CARNATE;313;0313;MILANO;0;7.177
108017;3;CAVENAGO DI BRIANZA;313;0313;MILANO;0;6.883
108018;3;CERIANO LAGHETTO;313;0313;MILANO;0;6.324
108019;3;CESANO MADERNO;313;0313;MILANO;0;37.010
108020;3;COGLIATE;313;0313;MILANO;0;8.450
108021;3;CONCOREZZO;313;0313;MILANO;0;15.193
108022;3;CORREZZANA;313;0313;MILANO;0;2.657
108023;3;DESIO;313;0313;MILANO;0;40.397
108024;3;GIUSSANO;313;0313;MILANO;0;24.527
108025;3;LAZZATE;304;0304;COMO;0;7.603
108026;3;LESMO;313;0313;MILANO;0;8.094
108027;3;LIMBIATE;313;0313;MILANO;0;33.903
108028;3;LISSONE;313;0313;MILANO;0;42.220
108029;3;MACHERIO;313;0313;MILANO;0;7.130
108030;3;MEDA;313;0313;MILANO;0;23.073
108031;3;MEZZAGO;313;0313;MILANO;0;4.106
108032;3;MISINTO;304;0304;COMO;0;5.195
108033;3;MONZA;313;0313;MILANO;0;119.856
108034;3;MUGGIÒ;313;0313;MILANO;0;23.208
108035;3;NOVA MILANESE;313;0313;MILANO;0;22.315
108036;3;ORNAGO;313;0313;MILANO;0;4.702
108037;3;RENATE;313;0313;MILANO;0;4.177
108038;3;RONCO BRIANTINO;350;0350;LECCO;0;3.389
108039;3;SEREGNO;313;0313;MILANO;0;43.001
108040;3;SEVESO;313;0313;MILANO;0;22.733
108041;3;SOVICO;313;0313;MILANO;0;8.069
108042;3;SULBIATE;313;0313;MILANO;0;4.067
108043;3;TRIUGGIO;313;0313;MILANO;0;8.546
108044;3;USMATE VELATE;313;0313;MILANO;0;10.033
108045;3;VAREDO;313;0313;MILANO;0;12.773
108046;3;VEDANO AL LAMBRO;313;0313;MILANO;0;7.426
108047;3;VEDUGGIO CON COLZANO;313;0313;MILANO;0;4.434
108048;3;VERANO BRIANZA;313;0313;MILANO;0;9.275
108049;3;VILLASANTA;313;0313;MILANO;0;13.619
108050;3;VIMERCATE;313;0313;MILANO;0;25.309
108051;3;BUSNAGO;313;0313;MILANO;0;6.413
108052;3;CAPONAGO;313;0313;MILANO;0;5.226
108053;3;CORNATE D'ADDA;313;0313;MILANO;0;10.363
108054;3;LENTATE SUL SEVESO;304;0304;COMO;0;15.486
108055;3;RONCELLO;313;0313;MILANO;0;3.925
21001;4;ALDINO/ALDEIN;406;0406;EGNA/NEUMARKT;0;1.651
21002;4;ANDRIANO/ANDRIAN;402;0402;BOLZANO/BOZEN;0;1.035
21003;4;ANTERIVO/ALTREI;406;0406;EGNA/NEUMARKT;0;383
21004;4;APPIANO SULLA STRADA DEL VINO/EPPAN AN DER WEINSTRAßE;402;0402;BOLZANO/BOZEN;0;13.988
21005;4;AVELENGO/HAFLING;408;0408;MERANO/MERAN;0;739
21006;4;BADIA/ABTEI;401;0401;BADIA/ABTEI;1;3.360
21007;4;BARBIANO/BARBIAN;403;0403;BRESSANONE/BRIXEN;0;1.596
21008;4;BOLZANO/BOZEN;402;0402;BOLZANO/BOZEN;1;102.575
21009;4;BRAIES/PRAGS;409;0409;SAN CANDIDO/INNICHEN;0;672
21010;4;BRENNERO/BRENNER;412;0412;VIPITENO/STERZING;0;2.087
21011;4;BRESSANONE/BRIXEN;403;0403;BRESSANONE/BRIXEN;1;20.677
21012;4;BRONZOLO/BRANZOLL;402;0402;BOLZANO/BOZEN;0;2.628
21013;4;BRUNICO/BRUNECK;404;0404;BRUNICO/BRUNECK;1;15.397
21014;4;CAINES/KUENS;408;0408;MERANO/MERAN;0;413
21015;4;CALDARO SULLA STRADA DEL VINO/KALTERN AN DER WEINSTRAßE;402;0402;BOLZANO/BOZEN;0;7.660
21016;4;CAMPO DI TRENS/FREIENFELD;412;0412;VIPITENO/STERZING;0;2.671
21017;4;CAMPO TURES/SAND IN TAUFERS;404;0404;BRUNICO/BRUNECK;0;5.272
21018;4;CASTELBELLO-CIARDES/KASTELBELL-TSCHARS;411;0411;SILANDRO/SCHLANDERS;0;2.378
21019;4;CASTELROTTO/KASTELRUTH;405;0405;CASTELROTTO/KASTELRUTH;1;6.459
21020;4;CERMES/TSCHERMS;408;0408;MERANO/MERAN;0;1.411
21021;4;CHIENES/KIENS;404;0404;BRUNICO/BRUNECK;0;2.695
21022;4;CHIUSA/KLAUSEN;403;0403;BRESSANONE/BRIXEN;0;5.144
21023;4;CORNEDO ALL'ISARCO/KARNEID;402;0402;BOLZANO/BOZEN;0;3.312
21024;4;CORTACCIA SULLA STRADA DEL VINO/KURTATSCH AN DER WEINSTRAßE;406;0406;EGNA/NEUMARKT;0;2.228
21025;4;CORTINA SULLA STRADA DEL VINO/KURTINIG AN DER WEINSTRAßE;406;0406;EGNA/NEUMARKT;0;656
21026;4;CORVARA IN BADIA/CORVARA;401;0401;BADIA/ABTEI;0;1.320
21027;4;CURON VENOSTA/GRAUN IM VINSCHGAU;407;0407;MALLES VENOSTA/MALS;0;2.423
21028;4;DOBBIACO/TOBLACH;409;0409;SAN CANDIDO/INNICHEN;0;3.314
21029;4;EGNA/NEUMARKT;406;0406;EGNA/NEUMARKT;1;4.992
21030;4;FALZES/PFALZEN;404;0404;BRUNICO/BRUNECK;0;2.668
21031;4;FIÈ ALLO SCILIAR/VÖLS AM SCHLERN;405;0405;CASTELROTTO/KASTELRUTH;0;3.451
21032;4;FORTEZZA/FRANZENSFESTE;403;0403;BRESSANONE/BRIXEN;0;970
21033;4;FUNES/VILLNÖß;403;0403;BRESSANONE/BRIXEN;0;2.571
21034;4;GAIS/GAIS;404;0404;BRUNICO/BRUNECK;0;3.167
21035;4;GARGAZZONE/GARGAZON;408;0408;MERANO/MERAN;0;1.665
21036;4;GLORENZA/GLURNS;407;0407;MALLES VENOSTA/MALS;0;889
21037;4;LACES/LATSCH;411;0411;SILANDRO/SCHLANDERS;0;5.126
21038;4;LAGUNDO/ALGUND;408;0408;MERANO/MERAN;0;4.873
21039;4;LAION/LAJEN;405;0405;CASTELROTTO/KASTELRUTH;0;2.619
21040;4;LAIVES/LEIFERS;402;0402;BOLZANO/BOZEN;0;16.909
21041;4;LANA/LANA;408;0408;MERANO/MERAN;0;11.251
21042;4;LASA/LAAS;407;0407;MALLES VENOSTA/MALS;0;3.932
21043;4;LAUREGNO/LAUREIN;417;0417;CLES;0;344
21044;4;LUSON/LÜSEN;403;0403;BRESSANONE/BRIXEN;0;1.527
21045;4;MAGRÈ SULLA STRADA DEL VINO/MARGREID AN DER WEINSTRAßE;406;0406;EGNA/NEUMARKT;0;1.281
21046;4;MALLES VENOSTA/MALS;407;0407;MALLES VENOSTA/MALS;1;5.086
21047;4;MAREBBE/ENNEBERG;401;0401;BADIA/ABTEI;0;2.907
21048;4;MARLENGO/MARLING;408;0408;MERANO/MERAN;0;2.533
21049;4;MARTELLO/MARTELL;411;0411;SILANDRO/SCHLANDERS;0;879
21050;4;MELTINA/MÖLTEN;402;0402;BOLZANO/BOZEN;0;1.648
21051;4;MERANO/MERAN;408;0408;MERANO/MERAN;1;37.368
21052;4;MONGUELFO-TESIDO/WELSBERG-TAISTEN;409;0409;SAN CANDIDO/INNICHEN;0;2.797
21053;4;MONTAGNA/MONTAN;406;0406;EGNA/NEUMARKT;0;1.627
21054;4;MOSO IN PASSIRIA/MOOS IN PASSEIER;410;0410;SAN LEONARDO IN PASSIRIA/ST. LEONHARD IN PASSEIER;0;2.171
21055;4;NALLES/NALS;402;0402;BOLZANO/BOZEN;0;1.831
21056;4;NATURNO/NATURNS;411;0411;SILANDRO/SCHLANDERS;0;5.554
21057;4;NAZ-SCIAVES/NATZ-SCHABS;403;0403;BRESSANONE/BRIXEN;0;2.886
21058;4;NOVA LEVANTE/WELSCHNOFEN;402;0402;BOLZANO/BOZEN;0;1.903
21059;4;NOVA PONENTE/DEUTSCHNOFEN;402;0402;BOLZANO/BOZEN;0;3.898
21060;4;ORA/AUER;406;0406;EGNA/NEUMARKT;0;3.554
21061;4;ORTISEI/ST. ULRICH;405;0405;CASTELROTTO/KASTELRUTH;0;4.653
21062;4;PARCINES/PARTSCHINS;408;0408;MERANO/MERAN;0;3.536
21063;4;PERCA/PERCHA;404;0404;BRUNICO/BRUNECK;0;1.460
21064;4;PLAUS/PLAUS;411;0411;SILANDRO/SCHLANDERS;0;692
21065;4;PONTE GARDENA/WAIDBRUCK;403;0403;BRESSANONE/BRIXEN;0;195
21066;4;POSTAL/BURGSTALL;408;0408;MERANO/MERAN;0;1.763
21067;4;PRATO ALLO STELVIO/PRAD AM STILFSERJOCH;407;0407;MALLES VENOSTA/MALS;0;3.356
21068;4;PREDOI/PRETTAU;404;0404;BRUNICO/BRUNECK;0;604
21069;4;PROVES/PROVEIS;417;0417;CLES;0;267
21070;4;RACINES/RATSCHINGS;412;0412;VIPITENO/STERZING;0;4.389
21071;4;RASUN-ANTERSELVA/RASEN-ANTHOLZ;404;0404;BRUNICO/BRUNECK;0;2.869
21072;4;RENON/RITTEN;402;0402;BOLZANO/BOZEN;0;7.642
21073;4;RIFIANO/RIFFIAN;408;0408;MERANO/MERAN;0;1.333
21074;4;RIO DI PUSTERIA/MÜHLBACH;403;0403;BRESSANONE/BRIXEN;0;2.912
21075;4;RODENGO/RODENECK;403;0403;BRESSANONE/BRIXEN;0;1.195
21076;4;SALORNO/SALURN;406;0406;EGNA/NEUMARKT;0;3.533
21077;4;SAN CANDIDO/INNICHEN;409;0409;SAN CANDIDO/INNICHEN;1;3.204
21079;4;SAN GENESIO ATESINO/JENESIEN;402;0402;BOLZANO/BOZEN;0;2.937
21080;4;SAN LEONARDO IN PASSIRIA/ST. LEONHARD IN PASSEIER;410;0410;SAN LEONARDO IN PASSIRIA/ST. LEONHARD IN PASSEIER;1;3.508
21081;4;SAN LORENZO DI SEBATO/ST. LORENZEN;404;0404;BRUNICO/BRUNECK;0;3.767
21082;4;SAN MARTINO IN BADIA/ST. MARTIN IN THURN;401;0401;BADIA/ABTEI;0;1.729
21083;4;SAN MARTINO IN PASSIRIA/ST. MARTIN IN PASSEIER;410;0410;SAN LEONARDO IN PASSIRIA/ST. LEONHARD IN PASSEIER;0;3.136
21084;4;SAN PANCRAZIO/ST. PANKRAZ;408;0408;MERANO/MERAN;0;1.584
21085;4;SANTA CRISTINA VALGARDENA/ST. CHRISTINA IN GRÖDEN;405;0405;CASTELROTTO/KASTELRUTH;0;1.871
21086;4;SARENTINO/SARNTAL;402;0402;BOLZANO/BOZEN;0;6.890
21087;4;SCENA/SCHENNA;408;0408;MERANO/MERAN;0;2.838
21088;4;SELVA DEI MOLINI/MÜHLWALD;404;0404;BRUNICO/BRUNECK;0;1.473
21089;4;SELVA DI VAL GARDENA/WOLKENSTEIN IN GRÖDEN;405;0405;CASTELROTTO/KASTELRUTH;0;2.660
21091;4;SENALES/SCHNALS;411;0411;SILANDRO/SCHLANDERS;0;1.314
21092;4;SESTO/SEXTEN;409;0409;SAN CANDIDO/INNICHEN;0;1.937
21093;4;SILANDRO/SCHLANDERS;411;0411;SILANDRO/SCHLANDERS;1;5.947
21094;4;SLUDERNO/SCHLUDERNS;407;0407;MALLES VENOSTA/MALS;0;1.832
21095;4;STELVIO/STILFS;407;0407;MALLES VENOSTA/MALS;0;1.190
21096;4;TERENTO/TERENTEN;404;0404;BRUNICO/BRUNECK;0;1.733
21097;4;TERLANO/TERLAN;402;0402;BOLZANO/BOZEN;0;4.139
21098;4;TERMENO SULLA STRADA DEL VINO/TRAMIN AN DER WEINSTRAßE;406;0406;EGNA/NEUMARKT;0;3.305
21099;4;TESIMO/TISENS;408;0408;MERANO/MERAN;0;1.854
21100;4;TIRES/TIERS;402;0402;BOLZANO/BOZEN;0;967
21101;4;TIROLO/TIROL;408;0408;MERANO/MERAN;0;2.450
21102;4;TRODENA NEL PARCO NATURALE/TRUDEN IM NATURPARK;406;0406;EGNA/NEUMARKT;0;1.021
21103;4;TUBRE/TAUFERS IM MÜNSTERTAL;407;0407;MALLES VENOSTA/MALS;0;965
21104;4;ULTIMO/ULTEN;408;0408;MERANO/MERAN;0;2.920
21105;4;VADENA/PFATTEN;406;0406;EGNA/NEUMARKT;0;1.016
21106;4;VALDAORA/OLANG;404;0404;BRUNICO/BRUNECK;0;3.110
21107;4;VAL DI VIZZE/PFITSCH;412;0412;VIPITENO/STERZING;0;2.736
21108;4;VALLE AURINA/AHRNTAL;404;0404;BRUNICO/BRUNECK;0;5.910
21109;4;VALLE DI CASIES/GSIES;409;0409;SAN CANDIDO/INNICHEN;0;2.262
21110;4;VANDOIES/VINTL;403;0403;BRESSANONE/BRIXEN;0;3.251
21111;4;VARNA/VAHRN;403;0403;BRESSANONE/BRIXEN;0;4.253
21112;4;VERANO/VÖRAN;408;0408;MERANO/MERAN;0;929
21113;4;VILLABASSA/NIEDERDORF;409;0409;SAN CANDIDO/INNICHEN;0;1.479
21114;4;VILLANDRO/VILLANDERS;403;0403;BRESSANONE/BRIXEN;0;1.893
21115;4;VIPITENO/STERZING;412;0412;VIPITENO/STERZING;1;6.390
21116;4;VELTURNO/FELDTHURNS;403;0403;BRESSANONE/BRIXEN;0;2.742
21117;4;LA VALLE/WENGEN;401;0401;BADIA/ABTEI;0;1.299
21118;4;SENALE-SAN FELICE/UNSERE LIEBE FRAU IM WALDE-ST. FELIX;408;0408;MERANO/MERAN;0;782
22001;4;ALA;422;0422;ROVERETO;0;8.887
22002;4;ALBIANO;426;0426;TRENTO;0;1.508
22003;4;ALDENO;426;0426;TRENTO;0;3.036
22004;4;AMBLAR;417;0417;CLES;0;229
22005;4;ANDALO;424;0424;TIONE DI TRENTO;0;1.026
22006;4;ARCO;413;0413;ARCO;1;16.871
22007;4;AVIO;422;0422;ROVERETO;0;4.115
22009;4;BASELGA DI PINÈ;426;0426;TRENTO;0;4.928
22011;4;BEDOLLO;426;0426;TRENTO;0;1.479
22012;4;BERSONE;423;0423;STORO;0;289
22013;4;BESENELLO;422;0422;ROVERETO;0;2.511
22015;4;BIENO;414;0414;BORGO VALSUGANA;0;430
22017;4;BLEGGIO SUPERIORE;424;0424;TIONE DI TRENTO;0;1.600
22018;4;BOCENAGO;420;0420;PINZOLO;0;407
22019;4;BOLBENO;424;0424;TIONE DI TRENTO;0;362
22020;4;BONDO;424;0424;TIONE DI TRENTO;0;698
22021;4;BONDONE;423;0423;STORO;0;668
22022;4;BORGO VALSUGANA;414;0414;BORGO VALSUGANA;1;6.826
22023;4;BOSENTINO;426;0426;TRENTO;0;829
22024;4;BREGUZZO;424;0424;TIONE DI TRENTO;0;572
22025;4;BRENTONICO;422;0422;ROVERETO;0;3.882
22026;4;BRESIMO;417;0417;CLES;0;254
22027;4;BREZ;417;0417;CLES;0;706
22028;4;BRIONE;423;0423;STORO;0;140
22029;4;CADERZONE TERME;420;0420;PINZOLO;0;669
22030;4;CAGNÒ;417;0417;CLES;0;360
22031;4;CALAVINO;413;0413;ARCO;0;1.481
22032;4;CALCERANICA AL LAGO;426;0426;TRENTO;0;1.305
22033;4;CALDES;418;0418;MALÈ;0;1.090
22034;4;CALDONAZZO;426;0426;TRENTO;0;3.340
22035;4;CALLIANO;422;0422;ROVERETO;0;1.611
22036;4;CAMPITELLO DI FASSA;415;0415;CANAZEI;0;737
22037;4;CAMPODENNO;426;0426;TRENTO;0;1.498
22038;4;CANAL SAN BOVO;425;0425;TONADICO;0;1.592
22039;4;CANAZEI;415;0415;CANAZEI;1;1.907
22040;4;CAPRIANA;416;0416;CAVALESE;0;605
22041;4;CARANO;416;0416;CAVALESE;0;1.073
22042;4;CARISOLO;420;0420;PINZOLO;0;984
22043;4;CARZANO;414;0414;BORGO VALSUGANA;0;505
22045;4;CASTEL CONDINO;423;0423;STORO;0;238
22046;4;CASTELFONDO;417;0417;CLES;0;632
22047;4;CASTELLO-MOLINA DI FIEMME;416;0416;CAVALESE;0;2.267
22048;4;CASTELLO TESINO;414;0414;BORGO VALSUGANA;0;1.315
22049;4;CASTELNUOVO;414;0414;BORGO VALSUGANA;0;1.035
22050;4;CAVALESE;416;0416;CAVALESE;1;3.953
22051;4;CAVARENO;417;0417;CLES;0;1.037
22052;4;CAVEDAGO;424;0424;TIONE DI TRENTO;0;530
22053;4;CAVEDINE;413;0413;ARCO;0;2.916
22054;4;CAVIZZANA;418;0418;MALÈ;0;259
22055;4;CEMBRA;426;0426;TRENTO;0;1.848
22056;4;CENTA SAN NICOLÒ;426;0426;TRENTO;0;617
22057;4;CIMEGO;423;0423;STORO;0;409
22058;4;CIMONE;426;0426;TRENTO;0;685
22059;4;CINTE TESINO;414;0414;BORGO VALSUGANA;0;372
22060;4;CIS;417;0417;CLES;0;309
22061;4;CIVEZZANO;426;0426;TRENTO;0;3.904
22062;4;CLES;417;0417;CLES;1;6.769
22063;4;CLOZ;417;0417;CLES;0;729
22064;4;COMMEZZADURA;418;0418;MALÈ;0;993
22066;4;CONDINO;423;0423;STORO;0;1.534
22067;4;COREDO;417;0417;CLES;0;1.625
22068;4;CROVIANA;418;0418;MALÈ;0;693
22069;4;CUNEVO;417;0417;CLES;0;571
22070;4;DAIANO;416;0416;CAVALESE;0;692
22071;4;DAMBEL;417;0417;CLES;0;435
22072;4;DAONE;423;0423;STORO;0;597
22073;4;DARÈ;424;0424;TIONE DI TRENTO;0;254
22074;4;DENNO;417;0417;CLES;0;1.252
22075;4;DIMARO;418;0418;MALÈ;0;1.250
22076;4;DON;417;0417;CLES;0;249
22077;4;DORSINO;424;0424;TIONE DI TRENTO;0;426
22078;4;DRENA;413;0413;ARCO;0;551
22079;4;DRO;413;0413;ARCO;0;4.566
22080;4;FAEDO;426;0426;TRENTO;0;610
22081;4;FAI DELLA PAGANELLA;426;0426;TRENTO;0;898
22082;4;FAVER;426;0426;TRENTO;0;833
22083;4;FIAVÈ;424;0424;TIONE DI TRENTO;0;1.098
22084;4;FIERA DI PRIMIERO;425;0425;TONADICO;0;507
22085;4;FIEROZZO;426;0426;TRENTO;0;481
22086;4;FLAVON;417;0417;CLES;0;505
22087;4;FOLGARIA;422;0422;ROVERETO;0;3.130
22088;4;FONDO;417;0417;CLES;0;1.435
22089;4;FORNACE;426;0426;TRENTO;0;1.321
22090;4;FRASSILONGO;426;0426;TRENTO;0;321
22091;4;GARNIGA TERME;426;0426;TRENTO;0;381
22092;4;GIOVO;426;0426;TRENTO;0;2.465
22093;4;GIUSTINO;420;0420;PINZOLO;0;743
22094;4;GRAUNO;416;0416;CAVALESE;0;142
22095;4;GRIGNO;414;0414;BORGO VALSUGANA;0;2.271
22096;4;GRUMES;426;0426;TRENTO;0;438
22097;4;IMER;425;0425;TONADICO;0;1.183
22098;4;ISERA;422;0422;ROVERETO;0;2.625
22099;4;IVANO-FRACENA;414;0414;BORGO VALSUGANA;0;350
22100;4;LARDARO;424;0424;TIONE DI TRENTO;0;205
22101;4;LASINO;413;0413;ARCO;0;1.302
22102;4;LAVARONE;422;0422;ROVERETO;0;1.087
22103;4;LAVIS;426;0426;TRENTO;0;8.636
22104;4;LEVICO TERME;414;0414;BORGO VALSUGANA;0;7.516
22105;4;LISIGNAGO;426;0426;TRENTO;0;484
22106;4;LIVO;417;0417;CLES;0;887
22108;4;LONA-LASES;426;0426;TRENTO;0;876
22109;4;LUSERNA;422;0422;ROVERETO;0;279
22110;4;MALÈ;418;0418;MALÈ;1;2.135
22111;4;MALOSCO;417;0417;CLES;0;445
22112;4;MASSIMENO;420;0420;PINZOLO;0;124
22113;4;MAZZIN;415;0415;CANAZEI;0;494
22114;4;MEZZANA;418;0418;MALÈ;0;884
22115;4;MEZZANO;425;0425;TONADICO;0;1.615
22116;4;MEZZOCORONA;426;0426;TRENTO;0;5.161
22117;4;MEZZOLOMBARDO;426;0426;TRENTO;0;6.817
22118;4;MOENA;419;0419;MOENA;1;2.690
22120;4;MOLVENO;424;0424;TIONE DI TRENTO;0;1.110
22121;4;MONCLASSICO;418;0418;MALÈ;0;882
22122;4;MONTAGNE;424;0424;TIONE DI TRENTO;0;246
22123;4;MORI;422;0422;ROVERETO;0;9.456
22124;4;NAGO-TORBOLE;421;0421;RIVA DEL GARDA;0;2.728
22125;4;NANNO;417;0417;CLES;0;608
22126;4;NAVE SAN ROCCO;426;0426;TRENTO;0;1.391
22127;4;NOGAREDO;422;0422;ROVERETO;0;1.917
22128;4;NOMI;422;0422;ROVERETO;0;1.403
22129;4;NOVALEDO;414;0414;BORGO VALSUGANA;0;1.018
22130;4;OSPEDALETTO;414;0414;BORGO VALSUGANA;0;820
22131;4;OSSANA;418;0418;MALÈ;0;844
22132;4;PADERGNONE;413;0413;ARCO;0;732
22133;4;PALÙ DEL FERSINA;426;0426;TRENTO;0;169
22134;4;PANCHIÀ;416;0416;CAVALESE;0;771
22135;4;RONZO-CHIENIS;422;0422;ROVERETO;0;1.001
22136;4;PEIO;418;0418;MALÈ;0;1.891
22137;4;PELLIZZANO;418;0418;MALÈ;0;811
22138;4;PELUGO;424;0424;TIONE DI TRENTO;0;379
22139;4;PERGINE VALSUGANA;426;0426;TRENTO;0;20.446
22140;4;PIEVE DI BONO;423;0423;STORO;0;1.331
22142;4;PIEVE TESINO;414;0414;BORGO VALSUGANA;0;681
22143;4;PINZOLO;420;0420;PINZOLO;1;3.117
22144;4;POMAROLO;422;0422;ROVERETO;0;2.355
22145;4;POZZA DI FASSA;419;0419;MOENA;0;2.138
22146;4;PRASO;424;0424;TIONE DI TRENTO;0;334
22147;4;PREDAZZO;416;0416;CAVALESE;0;4.531
22148;4;PREORE;424;0424;TIONE DI TRENTO;0;390
22149;4;PREZZO;423;0423;STORO;0;210
22150;4;RABBI;418;0418;MALÈ;0;1.400
22151;4;RAGOLI;424;0424;TIONE DI TRENTO;0;760
22152;4;REVÒ;417;0417;CLES;0;1.265
22153;4;RIVA DEL GARDA;421;0421;RIVA DEL GARDA;1;15.838
22154;4;ROMALLO;417;0417;CLES;0;604
22155;4;ROMENO;417;0417;CLES;0;1.374
22156;4;RONCEGNO TERME;414;0414;BORGO VALSUGANA;0;2.814
22157;4;RONCHI VALSUGANA;414;0414;BORGO VALSUGANA;0;421
22158;4;RONCONE;424;0424;TIONE DI TRENTO;0;1.443
22159;4;RONZONE;417;0417;CLES;0;391
22160;4;ROVERÈ DELLA LUNA;406;0406;EGNA/NEUMARKT;0;1.573
22161;4;ROVERETO;422;0422;ROVERETO;1;37.754
22162;4;RUFFRÈ-MENDOLA;417;0417;CLES;0;416
22163;4;RUMO;417;0417;CLES;0;822
22164;4;SAGRON MIS;518;0518;AGORDO;0;183
22165;4;SAMONE;414;0414;BORGO VALSUGANA;0;544
22166;4;SAN LORENZO IN BANALE;424;0424;TIONE DI TRENTO;0;1.181
22167;4;SAN MICHELE ALL'ADIGE;426;0426;TRENTO;0;2.911
22168;4;SANT'ORSOLA TERME;426;0426;TRENTO;0;1.073
22169;4;SANZENO;417;0417;CLES;0;928
22170;4;SARNONICO;417;0417;CLES;0;749
22171;4;SCURELLE;414;0414;BORGO VALSUGANA;0;1.401
22172;4;SEGONZANO;426;0426;TRENTO;0;1.531
22173;4;SFRUZ;417;0417;CLES;0;323
22174;4;SIROR;425;0425;TONADICO;0;1.284
22175;4;SMARANO;417;0417;CLES;0;509
22176;4;SORAGA;419;0419;MOENA;0;736
22177;4;SOVER;416;0416;CAVALESE;0;882
22178;4;SPERA;414;0414;BORGO VALSUGANA;0;585
22179;4;SPIAZZO;420;0420;PINZOLO;0;1.315
22180;4;SPORMAGGIORE;426;0426;TRENTO;0;1.259
22181;4;SPORMINORE;426;0426;TRENTO;0;714
22182;4;STENICO;424;0424;TIONE DI TRENTO;0;1.137
22183;4;STORO;423;0423;STORO;1;4.655
22184;4;STREMBO;420;0420;PINZOLO;0;531
22185;4;STRIGNO;414;0414;BORGO VALSUGANA;0;1.459
22186;4;TAIO;417;0417;CLES;0;2.958
22187;4;TASSULLO;417;0417;CLES;0;1.920
22188;4;TELVE;414;0414;BORGO VALSUGANA;0;1.995
22189;4;TELVE DI SOPRA;414;0414;BORGO VALSUGANA;0;617
22190;4;TENNA;426;0426;TRENTO;0;955
22191;4;TENNO;421;0421;RIVA DEL GARDA;0;1.967
22192;4;TERLAGO;426;0426;TRENTO;0;1.883
22193;4;TERRAGNOLO;422;0422;ROVERETO;0;755
22194;4;TERRES;417;0417;CLES;0;307
22195;4;TERZOLAS;418;0418;MALÈ;0;606
22196;4;TESERO;416;0416;CAVALESE;0;2.868
22199;4;TIONE DI TRENTO;424;0424;TIONE DI TRENTO;1;3.608
22200;4;TON;426;0426;TRENTO;0;1.319
22201;4;TONADICO;425;0425;TONADICO;1;1.479
22202;4;TORCEGNO;414;0414;BORGO VALSUGANA;0;697
22203;4;TRAMBILENO;422;0422;ROVERETO;0;1.355
22204;4;TRANSACQUA;425;0425;TONADICO;0;2.136
22205;4;TRENTO;426;0426;TRENTO;1;114.198
22206;4;TRES;417;0417;CLES;0;718
22207;4;TUENNO;417;0417;CLES;0;2.374
22208;4;VALDA;426;0426;TRENTO;0;227
22209;4;VALFLORIANA;416;0416;CAVALESE;0;530
22210;4;VALLARSA;422;0422;ROVERETO;0;1.343
22211;4;VARENA;416;0416;CAVALESE;0;845
22212;4;VATTARO;426;0426;TRENTO;0;1.167
22213;4;VERMIGLIO;418;0418;MALÈ;0;1.869
22214;4;VERVÒ;417;0417;CLES;0;712
22215;4;VEZZANO;426;0426;TRENTO;0;2.183
22216;4;VIGNOLA-FALESINA;426;0426;TRENTO;0;162
22217;4;VIGO DI FASSA;419;0419;MOENA;0;1.207
22219;4;VIGOLO VATTARO;426;0426;TRENTO;0;2.189
22220;4;VIGO RENDENA;424;0424;TIONE DI TRENTO;0;501
22221;4;VILLA AGNEDO;414;0414;BORGO VALSUGANA;0;987
22222;4;VILLA LAGARINA;422;0422;ROVERETO;0;3.692
22223;4;VILLA RENDENA;424;0424;TIONE DI TRENTO;0;1.002
22224;4;VOLANO;422;0422;ROVERETO;0;3.125
22225;4;ZAMBANA;426;0426;TRENTO;0;1.620
22226;4;ZIANO DI FIEMME;416;0416;CAVALESE;0;1.679
22227;4;ZUCLO;424;0424;TIONE DI TRENTO;0;345
22228;4;COMANO TERME;424;0424;TIONE DI TRENTO;0;2.913
22229;4;LEDRO;421;0421;RIVA DEL GARDA;0;5.448
23001;5;AFFI;501;0501;BARDOLINO;0;2.297
23002;5;ALBAREDO D'ADIGE;507;0507;SAN BONIFACIO;0;5.232
23003;5;ANGIARI;504;0504;LEGNAGO;0;2.164
23004;5;ARCOLE;507;0507;SAN BONIFACIO;0;6.144
23005;5;BADIA CALAVENA;507;0507;SAN BONIFACIO;0;2.661
23006;5;BARDOLINO;501;0501;BARDOLINO;1;6.714
23007;5;BELFIORE;507;0507;SAN BONIFACIO;0;3.008
23008;5;BEVILACQUA;504;0504;LEGNAGO;0;1.787
23009;5;BONAVIGO;504;0504;LEGNAGO;0;2.024
23010;5;BOSCHI SANT'ANNA;504;0504;LEGNAGO;0;1.454
23011;5;BOSCO CHIESANUOVA;508;0508;VERONA;0;3.546
23012;5;BOVOLONE;503;0503;ISOLA DELLA SCALA;0;15.846
23013;5;BRENTINO BELLUNO;422;0422;ROVERETO;0;1.406
23014;5;BRENZONE SUL GARDA;505;0505;MALCESINE;0;2.496
23015;5;BUSSOLENGO;508;0508;VERONA;0;19.483
23016;5;BUTTAPIETRA;508;0508;VERONA;0;6.867
23017;5;CALDIERO;507;0507;SAN BONIFACIO;0;7.374
23018;5;CAPRINO VERONESE;501;0501;BARDOLINO;0;8.065
23019;5;CASALEONE;502;0502;CEREA;0;5.939
23020;5;CASTAGNARO;504;0504;LEGNAGO;0;3.930
23021;5;CASTEL D'AZZANO;508;0508;VERONA;0;11.739
23022;5;CASTELNUOVO DEL GARDA;506;0506;PESCHIERA DEL GARDA;0;12.199
23023;5;CAVAION VERONESE;501;0501;BARDOLINO;0;5.471
23024;5;CAZZANO DI TRAMIGNA;507;0507;SAN BONIFACIO;0;1.555
23025;5;CEREA;502;0502;CEREA;1;16.251
23026;5;CERRO VERONESE;508;0508;VERONA;0;2.434
23027;5;COLOGNA VENETA;507;0507;SAN BONIFACIO;0;8.607
23028;5;COLOGNOLA AI COLLI;507;0507;SAN BONIFACIO;0;8.141
23029;5;CONCAMARISE;502;0502;CEREA;0;1.078
23030;5;COSTERMANO;501;0501;BARDOLINO;0;3.586
23031;5;DOLCÈ;501;0501;BARDOLINO;0;2.573
23032;5;ERBÈ;503;0503;ISOLA DELLA SCALA;0;1.841
23033;5;ERBEZZO;508;0508;VERONA;0;767
23034;5;FERRARA DI MONTE BALDO;501;0501;BARDOLINO;0;221
23035;5;FUMANE;508;0508;VERONA;0;4.151
23036;5;GARDA;501;0501;BARDOLINO;0;3.978
23037;5;GAZZO VERONESE;502;0502;CEREA;0;5.477
23038;5;GREZZANA;508;0508;VERONA;0;10.827
23039;5;ILLASI;507;0507;SAN BONIFACIO;0;5.302
23040;5;ISOLA DELLA SCALA;503;0503;ISOLA DELLA SCALA;1;11.457
23041;5;ISOLA RIZZA;503;0503;ISOLA DELLA SCALA;0;3.255
23042;5;LAVAGNO;508;0508;VERONA;0;8.101
23043;5;LAZISE;506;0506;PESCHIERA DEL GARDA;0;6.695
23044;5;LEGNAGO;504;0504;LEGNAGO;1;24.992
23045;5;MALCESINE;505;0505;MALCESINE;1;3.685
23046;5;MARANO DI VALPOLICELLA;508;0508;VERONA;0;3.083
23047;5;MEZZANE DI SOTTO;508;0508;VERONA;0;2.463
23048;5;MINERBE;504;0504;LEGNAGO;0;4.667
23049;5;MONTECCHIA DI CROSARA;507;0507;SAN BONIFACIO;0;4.462
23050;5;MONTEFORTE D'ALPONE;507;0507;SAN BONIFACIO;0;8.410
23051;5;MOZZECANE;509;0509;VILLAFRANCA DI VERONA;0;7.005
23052;5;NEGRAR;508;0508;VERONA;0;16.935
23053;5;NOGARA;502;0502;CEREA;0;8.574
23054;5;NOGAROLE ROCCA;509;0509;VILLAFRANCA DI VERONA;0;3.455
23055;5;OPPEANO;503;0503;ISOLA DELLA SCALA;0;9.427
23056;5;PALÙ;503;0503;ISOLA DELLA SCALA;0;1.284
23057;5;PASTRENGO;506;0506;PESCHIERA DEL GARDA;0;2.893
23058;5;PESCANTINA;508;0508;VERONA;0;16.326
23059;5;PESCHIERA DEL GARDA;506;0506;PESCHIERA DEL GARDA;1;9.598
23060;5;POVEGLIANO VERONESE;509;0509;VILLAFRANCA DI VERONA;0;7.064
23061;5;PRESSANA;507;0507;SAN BONIFACIO;0;2.564
23062;5;RIVOLI VERONESE;501;0501;BARDOLINO;0;2.127
23063;5;RONCÀ;507;0507;SAN BONIFACIO;0;3.726
23064;5;RONCO ALL'ADIGE;507;0507;SAN BONIFACIO;0;6.179
23065;5;ROVERCHIARA;504;0504;LEGNAGO;0;2.740
23066;5;ROVEREDO DI GUÀ;507;0507;SAN BONIFACIO;0;1.541
23067;5;ROVERÈ VERONESE;508;0508;VERONA;0;2.127
23068;5;SALIZZOLE;503;0503;ISOLA DELLA SCALA;0;3.745
23069;5;SAN BONIFACIO;507;0507;SAN BONIFACIO;1;20.275
23070;5;SAN GIOVANNI ILARIONE;507;0507;SAN BONIFACIO;0;5.111
23071;5;SAN GIOVANNI LUPATOTO;508;0508;VERONA;0;24.148
23072;5;SANGUINETTO;502;0502;CEREA;0;4.140
23073;5;SAN MARTINO BUON ALBERGO;508;0508;VERONA;0;14.283
23074;5;SAN MAURO DI SALINE;507;0507;SAN BONIFACIO;0;553
23075;5;SAN PIETRO DI MORUBIO;503;0503;ISOLA DELLA SCALA;0;3.024
23076;5;SAN PIETRO IN CARIANO;508;0508;VERONA;0;12.930
23077;5;SANT'AMBROGIO DI VALPOLICELLA;508;0508;VERONA;0;11.422
23078;5;SANT'ANNA D'ALFAEDO;508;0508;VERONA;0;2.564
23079;5;SAN ZENO DI MONTAGNA;501;0501;BARDOLINO;0;1.367
23080;5;SELVA DI PROGNO;507;0507;SAN BONIFACIO;0;934
23081;5;SOAVE;507;0507;SAN BONIFACIO;0;6.908
23082;5;SOMMACAMPAGNA;509;0509;VILLAFRANCA DI VERONA;0;14.615
23083;5;SONA;508;0508;VERONA;0;17.030
23084;5;SORGÀ;502;0502;CEREA;0;3.112
23085;5;TERRAZZO;504;0504;LEGNAGO;0;2.290
23086;5;TORRI DEL BENACO;501;0501;BARDOLINO;0;2.802
23087;5;TREGNAGO;507;0507;SAN BONIFACIO;0;4.926
23088;5;TREVENZUOLO;503;0503;ISOLA DELLA SCALA;0;2.731
23089;5;VALEGGIO SUL MINCIO;509;0509;VILLAFRANCA DI VERONA;0;14.300
23090;5;VELO VERONESE;508;0508;VERONA;0;781
23091;5;VERONA;508;0508;VERONA;1;252.520
23092;5;VERONELLA;507;0507;SAN BONIFACIO;0;4.670
23093;5;VESTENANOVA;507;0507;SAN BONIFACIO;0;2.618
23094;5;VIGASIO;509;0509;VILLAFRANCA DI VERONA;0;9.438
23095;5;VILLA BARTOLOMEA;504;0504;LEGNAGO;0;5.841
23096;5;VILLAFRANCA DI VERONA;509;0509;VILLAFRANCA DI VERONA;1;32.747
23097;5;ZEVIO;508;0508;VERONA;0;14.413
23098;5;ZIMELLA;507;0507;SAN BONIFACIO;0;4.834
24001;5;AGUGLIARO;513;0513;NOVENTA VICENTINA;0;1.422
24002;5;ALBETTONE;513;0513;NOVENTA VICENTINA;0;2.066
24003;5;ALONTE;507;0507;SAN BONIFACIO;0;1.647
24004;5;ALTAVILLA VICENTINA;517;0517;VICENZA;0;11.760
24005;5;ALTISSIMO;510;0510;ARZIGNANO;0;2.266
24006;5;ARCUGNANO;517;0517;VICENZA;0;7.899
24007;5;ARSIERO;514;0514;SCHIO;0;3.303
24008;5;ARZIGNANO;510;0510;ARZIGNANO;1;25.589
24009;5;ASIAGO;511;0511;ASIAGO;1;6.391
24010;5;ASIGLIANO VENETO;513;0513;NOVENTA VICENTINA;0;877
24011;5;BARBARANO VICENTINO;513;0513;NOVENTA VICENTINA;0;4.576
24012;5;BASSANO DEL GRAPPA;512;0512;BASSANO DEL GRAPPA;1;42.984
24013;5;BOLZANO VICENTINO;517;0517;VICENZA;0;6.509
24014;5;BREGANZE;515;0515;THIENE;0;8.693
24015;5;BRENDOLA;510;0510;ARZIGNANO;0;6.722
24016;5;BRESSANVIDO;517;0517;VICENZA;0;3.108
24017;5;BROGLIANO;516;0516;VALDAGNO;0;3.900
24018;5;CALDOGNO;517;0517;VICENZA;0;11.221
24019;5;CALTRANO;515;0515;THIENE;0;2.607
24020;5;CALVENE;515;0515;THIENE;0;1.323
24021;5;CAMISANO VICENTINO;517;0517;VICENZA;0;10.624
24022;5;CAMPIGLIA DEI BERICI;513;0513;NOVENTA VICENTINA;0;1.791
24023;5;CAMPOLONGO SUL BRENTA;512;0512;BASSANO DEL GRAPPA;0;830
24024;5;CARRÈ;515;0515;THIENE;0;3.647
24025;5;CARTIGLIANO;512;0512;BASSANO DEL GRAPPA;0;3.802
24026;5;CASSOLA;512;0512;BASSANO DEL GRAPPA;0;14.128
24027;5;CASTEGNERO;513;0513;NOVENTA VICENTINA;0;2.857
24028;5;CASTELGOMBERTO;516;0516;VALDAGNO;0;6.098
24029;5;CHIAMPO;510;0510;ARZIGNANO;0;12.859
24030;5;CHIUPPANO;515;0515;THIENE;0;2.626
24031;5;CISMON DEL GRAPPA;512;0512;BASSANO DEL GRAPPA;0;964
24032;5;COGOLLO DEL CENGIO;514;0514;SCHIO;0;3.390
24033;5;CONCO;511;0511;ASIAGO;0;2.206
24034;5;CORNEDO VICENTINO;516;0516;VALDAGNO;0;11.939
24035;5;COSTABISSARA;517;0517;VICENZA;0;7.161
24036;5;CREAZZO;517;0517;VICENZA;0;11.038
24037;5;CRESPADORO;510;0510;ARZIGNANO;0;1.452
24038;5;DUEVILLE;517;0517;VICENZA;0;13.888
24039;5;ENEGO;512;0512;BASSANO DEL GRAPPA;0;1.825
24040;5;FARA VICENTINO;515;0515;THIENE;0;3.943
24041;5;FOZA;511;0511;ASIAGO;0;717
24042;5;GALLIO;511;0511;ASIAGO;0;2.413
24043;5;GAMBELLARA;510;0510;ARZIGNANO;0;3.319
24044;5;GAMBUGLIANO;517;0517;VICENZA;0;851
24045;5;GRANCONA;510;0510;ARZIGNANO;0;1.894
24046;5;GRISIGNANO DI ZOCCO;517;0517;VICENZA;0;4.292
24047;5;GRUMOLO DELLE ABBADESSE;517;0517;VICENZA;0;3.741
24048;5;ISOLA VICENTINA;517;0517;VICENZA;0;9.639
24049;5;LAGHI;514;0514;SCHIO;0;123
24050;5;LASTEBASSE;514;0514;SCHIO;0;229
24051;5;LONGARE;517;0517;VICENZA;0;5.654
24052;5;LONIGO;507;0507;SAN BONIFACIO;0;15.581
24053;5;LUGO DI VICENZA;515;0515;THIENE;0;3.739
24054;5;LUSIANA;515;0515;THIENE;0;2.740
24055;5;MALO;514;0514;SCHIO;0;14.641
24056;5;MARANO VICENTINO;514;0514;SCHIO;0;9.662
24057;5;MAROSTICA;512;0512;BASSANO DEL GRAPPA;0;13.783
24058;5;MASON VICENTINO;512;0512;BASSANO DEL GRAPPA;0;3.517
24059;5;MOLVENA;512;0512;BASSANO DEL GRAPPA;0;2.596
24060;5;MONTEBELLO VICENTINO;510;0510;ARZIGNANO;0;6.531
24061;5;MONTECCHIO MAGGIORE;510;0510;ARZIGNANO;0;23.315
24062;5;MONTECCHIO PRECALCINO;515;0515;THIENE;0;4.988
24063;5;MONTE DI MALO;514;0514;SCHIO;0;2.887
24064;5;MONTEGALDA;517;0517;VICENZA;0;3.343
24065;5;MONTEGALDELLA;517;0517;VICENZA;0;1.788
24066;5;MONTEVIALE;517;0517;VICENZA;0;2.600
24067;5;MONTICELLO CONTE OTTO;517;0517;VICENZA;0;9.156
24068;5;MONTORSO VICENTINO;510;0510;ARZIGNANO;0;3.179
24069;5;MOSSANO;513;0513;NOVENTA VICENTINA;0;1.776
24070;5;MUSSOLENTE;512;0512;BASSANO DEL GRAPPA;0;7.653
24071;5;NANTO;513;0513;NOVENTA VICENTINA;0;3.082
24072;5;NOGAROLE VICENTINO;510;0510;ARZIGNANO;0;1.136
24073;5;NOVE;512;0512;BASSANO DEL GRAPPA;0;5.069
24074;5;NOVENTA VICENTINA;513;0513;NOVENTA VICENTINA;1;8.810
24075;5;ORGIANO;513;0513;NOVENTA VICENTINA;0;3.151
24076;5;PEDEMONTE;514;0514;SCHIO;0;768
24077;5;PIANEZZE;512;0512;BASSANO DEL GRAPPA;0;2.060
24078;5;PIOVENE ROCCHETTE;514;0514;SCHIO;0;8.295
24079;5;POJANA MAGGIORE;513;0513;NOVENTA VICENTINA;0;4.459
24080;5;POSINA;514;0514;SCHIO;0;577
24081;5;POVE DEL GRAPPA;512;0512;BASSANO DEL GRAPPA;0;3.093
24082;5;POZZOLEONE;512;0512;BASSANO DEL GRAPPA;0;2.793
24083;5;QUINTO VICENTINO;517;0517;VICENZA;0;5.694
24084;5;RECOARO TERME;516;0516;VALDAGNO;0;6.764
24085;5;ROANA;511;0511;ASIAGO;0;4.317
24086;5;ROMANO D'EZZELINO;512;0512;BASSANO DEL GRAPPA;0;14.484
24087;5;ROSÀ;512;0512;BASSANO DEL GRAPPA;0;14.071
24088;5;ROSSANO VENETO;512;0512;BASSANO DEL GRAPPA;0;7.922
24089;5;ROTZO;511;0511;ASIAGO;0;638
24090;5;SALCEDO;515;0515;THIENE;0;1.038
24091;5;SANDRIGO;515;0515;THIENE;0;8.392
24092;5;SAN GERMANO DEI BERICI;513;0513;NOVENTA VICENTINA;0;1.153
24093;5;SAN NAZARIO;512;0512;BASSANO DEL GRAPPA;0;1.740
24094;5;SAN PIETRO MUSSOLINO;510;0510;ARZIGNANO;0;1.613
24095;5;SANTORSO;514;0514;SCHIO;0;5.746
24096;5;SAN VITO DI LEGUZZANO;514;0514;SCHIO;0;3.584
24097;5;SARCEDO;515;0515;THIENE;0;5.303
24098;5;SAREGO;510;0510;ARZIGNANO;0;6.641
24099;5;SCHIAVON;512;0512;BASSANO DEL GRAPPA;0;2.600
24100;5;SCHIO;514;0514;SCHIO;1;39.131
24101;5;SOLAGNA;512;0512;BASSANO DEL GRAPPA;0;1.895
24102;5;SOSSANO;513;0513;NOVENTA VICENTINA;0;4.401
24103;5;SOVIZZO;517;0517;VICENZA;0;7.034
24104;5;TEZZE SUL BRENTA;512;0512;BASSANO DEL GRAPPA;0;12.600
24105;5;THIENE;515;0515;THIENE;1;23.254
24106;5;TONEZZA DEL CIMONE;514;0514;SCHIO;0;577
24107;5;TORREBELVICINO;514;0514;SCHIO;0;5.989
24108;5;TORRI DI QUARTESOLO;517;0517;VICENZA;0;11.755
24110;5;TRISSINO;516;0516;VALDAGNO;0;8.620
24111;5;VALDAGNO;516;0516;VALDAGNO;1;26.575
24112;5;VALDASTICO;514;0514;SCHIO;0;1.389
24113;5;VALLI DEL PASUBIO;514;0514;SCHIO;0;3.345
24114;5;VALSTAGNA;512;0512;BASSANO DEL GRAPPA;0;1.851
24115;5;VELO D'ASTICO;514;0514;SCHIO;0;2.400
24116;5;VICENZA;517;0517;VICENZA;1;111.500
24117;5;VILLAGA;513;0513;NOVENTA VICENTINA;0;1.963
24118;5;VILLAVERLA;515;0515;THIENE;0;6.169
24119;5;ZANÈ;515;0515;THIENE;0;6.642
24120;5;ZERMEGHEDO;510;0510;ARZIGNANO;0;1.358
24121;5;ZOVENCEDO;510;0510;ARZIGNANO;0;796
24122;5;ZUGLIANO;515;0515;THIENE;0;6.690
25001;5;AGORDO;518;0518;AGORDO;1;4.249
25002;5;ALANO DI PIAVE;531;0531;VALDOBBIADENE;0;2.926
25003;5;ALLEGHE;518;0518;AGORDO;0;1.331
25004;5;ARSIÈ;522;0522;FELTRE;0;2.465
25005;5;AURONZO DI CADORE;519;0519;AURONZO DI CADORE;1;3.453
25006;5;BELLUNO;520;0520;BELLUNO;1;35.591
25007;5;BORCA DI CADORE;521;0521;CORTINA D'AMPEZZO;0;818
25008;5;CALALZO DI CADORE;524;0524;PIEVE DI CADORE;0;2.173
25009;5;CASTELLAVAZZO;523;0523;LONGARONE;0;1.610
25010;5;CENCENIGHE AGORDINO;518;0518;AGORDO;0;1.402
25011;5;CESIOMAGGIORE;522;0522;FELTRE;0;4.145
25012;5;CHIES D'ALPAGO;523;0523;LONGARONE;0;1.411
25013;5;CIBIANA DI CADORE;524;0524;PIEVE DI CADORE;0;423
25014;5;COLLE SANTA LUCIA;518;0518;AGORDO;0;391
25015;5;COMELICO SUPERIORE;519;0519;AURONZO DI CADORE;0;2.341
25016;5;CORTINA D'AMPEZZO;521;0521;CORTINA D'AMPEZZO;1;5.890
25017;5;DANTA DI CADORE;519;0519;AURONZO DI CADORE;0;514
25018;5;DOMEGGE DI CADORE;524;0524;PIEVE DI CADORE;0;2.575
25019;5;FALCADE;518;0518;AGORDO;0;2.055
25020;5;FARRA D'ALPAGO;523;0523;LONGARONE;0;2.709
25021;5;FELTRE;522;0522;FELTRE;1;20.525
25022;5;FONZASO;522;0522;FELTRE;0;3.322
25023;5;CANALE D'AGORDO;518;0518;AGORDO;0;1.172
25024;5;FORNO DI ZOLDO;523;0523;LONGARONE;0;2.465
25025;5;GOSALDO;518;0518;AGORDO;0;723
25026;5;LAMON;522;0522;FELTRE;0;3.046
25027;5;LA VALLE AGORDINA;518;0518;AGORDO;0;1.150
25028;5;LENTIAI;522;0522;FELTRE;0;2.979
25029;5;LIMANA;520;0520;BELLUNO;0;5.061
25030;5;LIVINALLONGO DEL COL DI LANA;401;0401;BADIA/ABTEI;0;1.384
25031;5;LONGARONE;523;0523;LONGARONE;1;3.945
25032;5;LORENZAGO DI CADORE;524;0524;PIEVE DI CADORE;0;567
25033;5;LOZZO DI CADORE;524;0524;PIEVE DI CADORE;0;1.497
25034;5;MEL;520;0520;BELLUNO;0;6.182
25035;5;OSPITALE DI CADORE;523;0523;LONGARONE;0;326
25036;5;PEDAVENA;522;0522;FELTRE;0;4.429
25037;5;PERAROLO DI CADORE;524;0524;PIEVE DI CADORE;0;383
25038;5;PIEVE D'ALPAGO;523;0523;LONGARONE;0;1.924
25039;5;PIEVE DI CADORE;524;0524;PIEVE DI CADORE;1;3.956
25040;5;PONTE NELLE ALPI;523;0523;LONGARONE;0;8.387
25041;5;PUOS D'ALPAGO;523;0523;LONGARONE;0;2.542
25042;5;QUERO;531;0531;VALDOBBIADENE;0;2.511
25043;5;RIVAMONTE AGORDINO;518;0518;AGORDO;0;666
25044;5;ROCCA PIETORE;518;0518;AGORDO;0;1.322
25045;5;SAN GREGORIO NELLE ALPI;520;0520;BELLUNO;0;1.607
25046;5;SAN NICOLÒ DI COMELICO;519;0519;AURONZO DI CADORE;0;405
25047;5;SAN PIETRO DI CADORE;519;0519;AURONZO DI CADORE;0;1.690
25048;5;SANTA GIUSTINA;520;0520;BELLUNO;0;6.767
25049;5;SAN TOMASO AGORDINO;518;0518;AGORDO;0;683
25050;5;SANTO STEFANO DI CADORE;519;0519;AURONZO DI CADORE;0;2.663
25051;5;SAN VITO DI CADORE;521;0521;CORTINA D'AMPEZZO;0;1.813
25052;5;SAPPADA;519;0519;AURONZO DI CADORE;0;1.306
25053;5;SEDICO;520;0520;BELLUNO;0;9.906
25054;5;SELVA DI CADORE;518;0518;AGORDO;0;517
25055;5;SEREN DEL GRAPPA;522;0522;FELTRE;0;2.557
25056;5;SOSPIROLO;520;0520;BELLUNO;0;3.213
25057;5;SOVERZENE;523;0523;LONGARONE;0;418
25058;5;SOVRAMONTE;522;0522;FELTRE;0;1.514
25059;5;TAIBON AGORDINO;518;0518;AGORDO;0;1.788
25060;5;TAMBRE;523;0523;LONGARONE;0;1.425
25061;5;TRICHIANA;520;0520;BELLUNO;0;4.832
25062;5;VALLADA AGORDINA;518;0518;AGORDO;0;514
25063;5;VALLE DI CADORE;524;0524;PIEVE DI CADORE;0;2.052
25064;5;VAS;531;0531;VALDOBBIADENE;0;827
25065;5;VIGO DI CADORE;524;0524;PIEVE DI CADORE;0;1.499
25066;5;VODO CADORE;521;0521;CORTINA D'AMPEZZO;0;891
25067;5;VOLTAGO AGORDINO;518;0518;AGORDO;0;914
25068;5;ZOLDO ALTO;523;0523;LONGARONE;0;999
25069;5;ZOPPÈ DI CADORE;523;0523;LONGARONE;0;265
26001;5;ALTIVOLE;527;0527;MONTEBELLUNA;0;6.720
26002;5;ARCADE;530;0530;TREVISO;0;4.366
26003;5;ASOLO;527;0527;MONTEBELLUNA;0;8.952
26004;5;BORSO DEL GRAPPA;512;0512;BASSANO DEL GRAPPA;0;5.913
26005;5;BREDA DI PIAVE;530;0530;TREVISO;0;7.750
26006;5;CAERANO DI SAN MARCO;527;0527;MONTEBELLUNA;0;7.941
26007;5;CAPPELLA MAGGIORE;532;0532;VITTORIO VENETO;0;4.677
26008;5;CARBONERA;530;0530;TREVISO;0;11.135
26009;5;CASALE SUL SILE;530;0530;TREVISO;0;12.722
26010;5;CASIER;530;0530;TREVISO;0;11.018
26011;5;CASTELCUCCO;531;0531;VALDOBBIADENE;0;2.189
26012;5;CASTELFRANCO VENETO;525;0525;CASTELFRANCO VENETO;1;32.894
26013;5;CASTELLO DI GODEGO;525;0525;CASTELFRANCO VENETO;0;7.013
26014;5;CAVASO DEL TOMBA;531;0531;VALDOBBIADENE;0;2.996
26015;5;CESSALTO;535;0535;SAN DONÀ DI PIAVE;0;3.834
26016;5;CHIARANO;528;0528;ODERZO;0;3.695
26017;5;CIMADOLMO;528;0528;ODERZO;0;3.413
26018;5;CISON DI VALMARINO;529;0529;PIEVE DI SOLIGO;0;2.711
26019;5;CODOGNÈ;526;0526;CONEGLIANO;0;5.311
26020;5;COLLE UMBERTO;532;0532;VITTORIO VENETO;0;5.177
26021;5;CONEGLIANO;526;0526;CONEGLIANO;1;34.428
26022;5;CORDIGNANO;532;0532;VITTORIO VENETO;0;7.096
26023;5;CORNUDA;531;0531;VALDOBBIADENE;0;6.217
26024;5;CRESPANO DEL GRAPPA;512;0512;BASSANO DEL GRAPPA;0;4.713
26025;5;CROCETTA DEL MONTELLO;531;0531;VALDOBBIADENE;0;6.029
26026;5;FARRA DI SOLIGO;529;0529;PIEVE DI SOLIGO;0;8.956
26027;5;FOLLINA;529;0529;PIEVE DI SOLIGO;0;3.939
26028;5;FONTANELLE;528;0528;ODERZO;0;5.804
26029;5;FONTE;512;0512;BASSANO DEL GRAPPA;0;6.019
26030;5;FREGONA;532;0532;VITTORIO VENETO;0;3.169
26031;5;GAIARINE;611;0611;PORDENONE;0;6.136
26032;5;GIAVERA DEL MONTELLO;527;0527;MONTEBELLUNA;0;5.144
26033;5;GODEGA DI SANT'URBANO;532;0532;VITTORIO VENETO;0;6.112
26034;5;GORGO AL MONTICANO;528;0528;ODERZO;0;4.182
26035;5;ISTRANA;530;0530;TREVISO;0;9.041
26036;5;LORIA;525;0525;CASTELFRANCO VENETO;0;9.097
26037;5;MANSUÈ;528;0528;ODERZO;0;4.974
26038;5;MARENO DI PIAVE;526;0526;CONEGLIANO;0;9.667
26039;5;MASER;527;0527;MONTEBELLUNA;0;4.962
26040;5;MASERADA SUL PIAVE;530;0530;TREVISO;0;9.293
26041;5;MEDUNA DI LIVENZA;611;0611;PORDENONE;0;2.947
26042;5;MIANE;529;0529;PIEVE DI SOLIGO;0;3.436
26043;5;MOGLIANO VENETO;536;0536;VENEZIA;0;27.608
26044;5;MONASTIER DI TREVISO;530;0530;TREVISO;0;4.087
26045;5;MONFUMO;531;0531;VALDOBBIADENE;0;1.442
26046;5;MONTEBELLUNA;527;0527;MONTEBELLUNA;1;30.765
26047;5;MORGANO;530;0530;TREVISO;0;4.362
26048;5;MORIAGO DELLA BATTAGLIA;529;0529;PIEVE DI SOLIGO;0;2.785
26049;5;MOTTA DI LIVENZA;528;0528;ODERZO;0;10.681
26050;5;NERVESA DELLA BATTAGLIA;527;0527;MONTEBELLUNA;0;6.854
26051;5;ODERZO;528;0528;ODERZO;1;20.068
26052;5;ORMELLE;528;0528;ODERZO;0;4.464
26053;5;ORSAGO;532;0532;VITTORIO VENETO;0;3.917
26054;5;PADERNO DEL GRAPPA;512;0512;BASSANO DEL GRAPPA;0;2.169
26055;5;PAESE;530;0530;TREVISO;0;21.432
26056;5;PEDEROBBA;531;0531;VALDOBBIADENE;0;7.573
26057;5;PIEVE DI SOLIGO;529;0529;PIEVE DI SOLIGO;1;12.057
26058;5;PONTE DI PIAVE;528;0528;ODERZO;0;8.312
26059;5;PONZANO VENETO;530;0530;TREVISO;0;12.194
26060;5;PORTOBUFFOLÈ;528;0528;ODERZO;0;790
26061;5;POSSAGNO;531;0531;VALDOBBIADENE;0;2.195
26062;5;POVEGLIANO;530;0530;TREVISO;0;5.052
26063;5;PREGANZIOL;530;0530;TREVISO;0;16.772
26064;5;QUINTO DI TREVISO;530;0530;TREVISO;0;9.745
26065;5;REFRONTOLO;529;0529;PIEVE DI SOLIGO;0;1.824
26066;5;RESANA;525;0525;CASTELFRANCO VENETO;0;9.290
26067;5;REVINE LAGO;532;0532;VITTORIO VENETO;0;2.241
26068;5;RIESE PIO X;525;0525;CASTELFRANCO VENETO;0;10.858
26069;5;RONCADE;530;0530;TREVISO;0;14.037
26070;5;SALGAREDA;528;0528;ODERZO;0;6.599
26071;5;SAN BIAGIO DI CALLALTA;530;0530;TREVISO;0;13.039
26072;5;SAN FIOR;526;0526;CONEGLIANO;0;6.813
26073;5;SAN PIETRO DI FELETTO;526;0526;CONEGLIANO;0;5.355
26074;5;SAN POLO DI PIAVE;528;0528;ODERZO;0;4.929
26075;5;SANTA LUCIA DI PIAVE;526;0526;CONEGLIANO;0;9.081
26076;5;SAN VENDEMIANO;526;0526;CONEGLIANO;0;10.080
26077;5;SAN ZENONE DEGLI EZZELINI;512;0512;BASSANO DEL GRAPPA;0;7.391
26078;5;SARMEDE;532;0532;VITTORIO VENETO;0;3.174
26079;5;SEGUSINO;531;0531;VALDOBBIADENE;0;1.941
26080;5;SERNAGLIA DELLA BATTAGLIA;529;0529;PIEVE DI SOLIGO;0;6.325
26081;5;SILEA;530;0530;TREVISO;0;9.923
26082;5;SPRESIANO;530;0530;TREVISO;0;11.659
26083;5;SUSEGANA;526;0526;CONEGLIANO;0;11.702
26084;5;TARZO;532;0532;VITTORIO VENETO;0;4.583
26085;5;TREVIGNANO;527;0527;MONTEBELLUNA;0;10.565
26086;5;TREVISO;530;0530;TREVISO;1;81.014
26087;5;VALDOBBIADENE;531;0531;VALDOBBIADENE;1;10.690
26088;5;VAZZOLA;526;0526;CONEGLIANO;0;7.009
26089;5;VEDELAGO;525;0525;CASTELFRANCO VENETO;0;16.434
26090;5;VIDOR;529;0529;PIEVE DI SOLIGO;0;3.769
26091;5;VILLORBA;530;0530;TREVISO;0;17.883
26092;5;VITTORIO VENETO;532;0532;VITTORIO VENETO;1;28.656
26093;5;VOLPAGO DEL MONTELLO;527;0527;MONTEBELLUNA;0;10.045
26094;5;ZENSON DI PIAVE;535;0535;SAN DONÀ DI PIAVE;0;1.783
26095;5;ZERO BRANCO;530;0530;TREVISO;0;10.986
27001;5;ANNONE VENETO;534;0534;PORTOGRUARO;0;3.976
27002;5;CAMPAGNA LUPIA;536;0536;VENEZIA;0;6.936
27003;5;CAMPOLONGO MAGGIORE;540;0540;PADOVA;0;10.342
27004;5;CAMPONOGARA;536;0536;VENEZIA;0;12.920
27005;5;CAORLE;534;0534;PORTOGRUARO;0;11.793
27006;5;CAVARZERE;541;0541;ADRIA;0;14.816
27007;5;CEGGIA;535;0535;SAN DONÀ DI PIAVE;0;6.213
27008;5;CHIOGGIA;536;0536;VENEZIA;0;49.735
27009;5;CINTO CAOMAGGIORE;534;0534;PORTOGRUARO;0;3.285
27010;5;CONA;541;0541;ADRIA;0;3.175
27011;5;CONCORDIA SAGITTARIA;534;0534;PORTOGRUARO;0;10.640
27012;5;DOLO;536;0536;VENEZIA;0;14.982
27013;5;ERACLEA;533;0533;JESOLO;0;12.689
27014;5;FIESSO D'ARTICO;540;0540;PADOVA;0;7.728
27015;5;FOSSALTA DI PIAVE;535;0535;SAN DONÀ DI PIAVE;0;4.214
27016;5;FOSSALTA DI PORTOGRUARO;534;0534;PORTOGRUARO;0;6.075
27017;5;FOSSÒ;540;0540;PADOVA;0;6.786
27018;5;GRUARO;534;0534;PORTOGRUARO;0;2.802
27019;5;JESOLO;533;0533;JESOLO;1;24.479
27020;5;MARCON;536;0536;VENEZIA;0;16.215
27021;5;MARTELLAGO;536;0536;VENEZIA;0;21.171
27022;5;MEOLO;535;0535;SAN DONÀ DI PIAVE;0;6.465
27023;5;MIRA;536;0536;VENEZIA;0;38.552
27024;5;MIRANO;536;0536;VENEZIA;0;26.456
27025;5;MUSILE DI PIAVE;535;0535;SAN DONÀ DI PIAVE;0;11.518
27026;5;NOALE;536;0536;VENEZIA;0;15.708
27027;5;NOVENTA DI PIAVE;535;0535;SAN DONÀ DI PIAVE;0;6.843
27028;5;PIANIGA;536;0536;VENEZIA;0;11.968
27029;5;PORTOGRUARO;534;0534;PORTOGRUARO;1;25.140
27030;5;PRAMAGGIORE;534;0534;PORTOGRUARO;0;4.640
27031;5;QUARTO D'ALTINO;536;0536;VENEZIA;0;8.199
27032;5;SALZANO;536;0536;VENEZIA;0;12.678
27033;5;SAN DONÀ DI PIAVE;535;0535;SAN DONÀ DI PIAVE;1;40.646
27034;5;SAN MICHELE AL TAGLIAMENTO;602;0602;LATISANA;0;12.028
27035;5;SANTA MARIA DI SALA;536;0536;VENEZIA;0;17.295
27036;5;SAN STINO DI LIVENZA;534;0534;PORTOGRUARO;0;13.042
27037;5;SCORZÈ;536;0536;VENEZIA;0;18.904
27038;5;SPINEA;536;0536;VENEZIA;0;26.862
27039;5;STRA;540;0540;PADOVA;0;7.566
27040;5;TEGLIO VENETO;534;0534;PORTOGRUARO;0;2.325
27041;5;TORRE DI MOSTO;535;0535;SAN DONÀ DI PIAVE;0;4.739
27042;5;VENEZIA;536;0536;VENEZIA;1;261.362
27043;5;VIGONOVO;540;0540;PADOVA;0;9.892
27044;5;CAVALLINO-TREPORTI;533;0533;JESOLO;0;13.162
28001;5;ABANO TERME;540;0540;PADOVA;0;19.349
28002;5;AGNA;538;0538;MONSELICE;0;3.400
28003;5;ALBIGNASEGO;540;0540;PADOVA;0;23.464
28004;5;ANGUILLARA VENETA;538;0538;MONSELICE;0;4.594
28005;5;ARQUÀ PETRARCA;538;0538;MONSELICE;0;1.847
28006;5;ARRE;540;0540;PADOVA;0;2.191
28007;5;ARZERGRANDE;540;0540;PADOVA;0;4.682
28008;5;BAGNOLI DI SOPRA;538;0538;MONSELICE;0;3.626
28009;5;BAONE;538;0538;MONSELICE;0;3.108
28010;5;BARBONA;542;0542;BADIA POLESINE;0;733
28011;5;BATTAGLIA TERME;540;0540;PADOVA;0;3.933
28012;5;BOARA PISANI;543;0543;ROVIGO;0;2.611
28013;5;BORGORICCO;540;0540;PADOVA;0;8.478
28014;5;BOVOLENTA;540;0540;PADOVA;0;3.349
28015;5;BRUGINE;540;0540;PADOVA;0;6.812
28016;5;CADONEGHE;540;0540;PADOVA;0;15.964
28017;5;CAMPODARSEGO;540;0540;PADOVA;0;14.169
28018;5;CAMPODORO;540;0540;PADOVA;0;2.725
28019;5;CAMPOSAMPIERO;540;0540;PADOVA;0;12.019
28020;5;CAMPO SAN MARTINO;537;0537;CITTADELLA;0;5.724
28021;5;CANDIANA;540;0540;PADOVA;0;2.468
28022;5;CARCERI;538;0538;MONSELICE;0;1.600
28023;5;CARMIGNANO DI BRENTA;537;0537;CITTADELLA;0;7.540
28026;5;CARTURA;540;0540;PADOVA;0;4.623
28027;5;CASALE DI SCODOSIA;539;0539;MONTAGNANA;0;4.866
28028;5;CASALSERUGO;540;0540;PADOVA;0;5.452
28029;5;CASTELBALDO;542;0542;BADIA POLESINE;0;1.625
28030;5;CERVARESE SANTA CROCE;540;0540;PADOVA;0;5.698
28031;5;CINTO EUGANEO;538;0538;MONSELICE;0;2.023
28032;5;CITTADELLA;537;0537;CITTADELLA;1;19.956
28033;5;CODEVIGO;540;0540;PADOVA;0;6.453
28034;5;CONSELVE;540;0540;PADOVA;0;10.293
28035;5;CORREZZOLA;540;0540;PADOVA;0;5.488
28036;5;CURTAROLO;537;0537;CITTADELLA;0;7.175
28037;5;ESTE;538;0538;MONSELICE;0;16.576
28038;5;FONTANIVA;537;0537;CITTADELLA;0;8.168
28039;5;GALLIERA VENETA;537;0537;CITTADELLA;0;7.042
28040;5;GALZIGNANO TERME;540;0540;PADOVA;0;4.416
28041;5;GAZZO;517;0517;VICENZA;0;4.291
28042;5;GRANTORTO;537;0537;CITTADELLA;0;4.661
28043;5;GRANZE;538;0538;MONSELICE;0;2.022
28044;5;LEGNARO;540;0540;PADOVA;0;8.544
28045;5;LIMENA;540;0540;PADOVA;0;7.699
28046;5;LOREGGIA;525;0525;CASTELFRANCO VENETO;0;7.297
28047;5;LOZZO ATESTINO;513;0513;NOVENTA VICENTINA;0;3.179
28048;5;MASERÀ DI PADOVA;540;0540;PADOVA;0;9.045
28049;5;MASI;542;0542;BADIA POLESINE;0;1.782
28050;5;MASSANZAGO;536;0536;VENEZIA;0;5.872
28051;5;MEGLIADINO SAN FIDENZIO;539;0539;MONTAGNANA;0;1.952
28052;5;MEGLIADINO SAN VITALE;539;0539;MONTAGNANA;0;1.977
28053;5;MERLARA;539;0539;MONTAGNANA;0;2.831
28054;5;MESTRINO;540;0540;PADOVA;0;10.961
28055;5;MONSELICE;538;0538;MONSELICE;1;17.451
28056;5;MONTAGNANA;539;0539;MONTAGNANA;1;9.421
28057;5;MONTEGROTTO TERME;540;0540;PADOVA;0;11.074
28058;5;NOVENTA PADOVANA;540;0540;PADOVA;0;10.881
28059;5;OSPEDALETTO EUGANEO;538;0538;MONSELICE;0;5.876
28060;5;PADOVA;540;0540;PADOVA;1;206.192
28061;5;PERNUMIA;538;0538;MONSELICE;0;3.915
28062;5;PIACENZA D'ADIGE;542;0542;BADIA POLESINE;0;1.379
28063;5;PIAZZOLA SUL BRENTA;537;0537;CITTADELLA;0;11.130
28064;5;PIOMBINO DESE;525;0525;CASTELFRANCO VENETO;0;9.276
28065;5;PIOVE DI SACCO;540;0540;PADOVA;0;19.067
28066;5;POLVERARA;540;0540;PADOVA;0;3.104
28067;5;PONSO;538;0538;MONSELICE;0;2.449
28068;5;PONTELONGO;540;0540;PADOVA;0;3.902
28069;5;PONTE SAN NICOLÒ;540;0540;PADOVA;0;13.237
28070;5;POZZONOVO;538;0538;MONSELICE;0;3.653
28071;5;ROVOLON;540;0540;PADOVA;0;4.777
28072;5;RUBANO;540;0540;PADOVA;0;15.669
28073;5;SACCOLONGO;540;0540;PADOVA;0;4.934
28074;5;SALETTO;539;0539;MONTAGNANA;0;2.730
28075;5;SAN GIORGIO DELLE PERTICHE;540;0540;PADOVA;0;9.979
28076;5;SAN GIORGIO IN BOSCO;537;0537;CITTADELLA;0;6.244
28077;5;SAN MARTINO DI LUPARI;537;0537;CITTADELLA;0;13.052
28078;5;SAN PIETRO IN GU;537;0537;CITTADELLA;0;4.576
28079;5;SAN PIETRO VIMINARIO;538;0538;MONSELICE;0;3.003
28080;5;SANTA GIUSTINA IN COLLE;537;0537;CITTADELLA;0;7.131
28081;5;SANTA MARGHERITA D'ADIGE;539;0539;MONTAGNANA;0;2.299
28082;5;SANT'ANGELO DI PIOVE DI SACCO;540;0540;PADOVA;0;7.211
28083;5;SANT'ELENA;538;0538;MONSELICE;0;2.430
28084;5;SANT'URBANO;538;0538;MONSELICE;0;2.162
28085;5;SAONARA;540;0540;PADOVA;0;10.043
28086;5;SELVAZZANO DENTRO;540;0540;PADOVA;0;22.145
28087;5;SOLESINO;538;0538;MONSELICE;0;7.180
28088;5;STANGHELLA;538;0538;MONSELICE;0;4.331
28089;5;TEOLO;540;0540;PADOVA;0;8.866
28090;5;TERRASSA PADOVANA;540;0540;PADOVA;0;2.625
28091;5;TOMBOLO;537;0537;CITTADELLA;0;8.227
28092;5;TORREGLIA;540;0540;PADOVA;0;6.206
28093;5;TREBASELEGHE;536;0536;VENEZIA;0;12.579
28094;5;TRIBANO;538;0538;MONSELICE;0;4.431
28095;5;URBANA;539;0539;MONTAGNANA;0;2.186
28096;5;VEGGIANO;540;0540;PADOVA;0;4.543
28097;5;VESCOVANA;538;0538;MONSELICE;0;1.717
28098;5;VIGHIZZOLO D'ESTE;538;0538;MONSELICE;0;935
28099;5;VIGODARZERE;540;0540;PADOVA;0;12.885
28100;5;VIGONZA;540;0540;PADOVA;0;21.993
28101;5;VILLA DEL CONTE;537;0537;CITTADELLA;0;5.504
28102;5;VILLA ESTENSE;538;0538;MONSELICE;0;2.322
28103;5;VILLAFRANCA PADOVANA;540;0540;PADOVA;0;9.797
28104;5;VILLANOVA DI CAMPOSAMPIERO;540;0540;PADOVA;0;5.929
28105;5;VO';513;0513;NOVENTA VICENTINA;0;3.417
28106;5;DUE CARRARE;540;0540;PADOVA;0;8.943
29001;5;ADRIA;541;0541;ADRIA;1;20.233
29002;5;ARIANO NEL POLESINE;541;0541;ADRIA;0;4.554
29003;5;ARQUÀ POLESINE;543;0543;ROVIGO;0;2.811
29004;5;BADIA POLESINE;542;0542;BADIA POLESINE;1;10.536
29005;5;BAGNOLO DI PO;542;0542;BADIA POLESINE;0;1.374
29006;5;BERGANTINO;347;0347;SERMIDE;0;2.626
29007;5;BOSARO;543;0543;ROVIGO;0;1.508
29008;5;CALTO;347;0347;SERMIDE;0;819
29009;5;CANARO;825;0825;FERRARA;0;2.853
29010;5;CANDA;542;0542;BADIA POLESINE;0;1.007
29011;5;CASTELGUGLIELMO;542;0542;BADIA POLESINE;0;1.646
29012;5;CASTELMASSA;347;0347;SERMIDE;0;4.291
29013;5;CASTELNOVO BARIANO;347;0347;SERMIDE;0;2.931
29014;5;CENESELLI;347;0347;SERMIDE;0;1.813
29015;5;CEREGNANO;543;0543;ROVIGO;0;3.691
29017;5;CORBOLA;541;0541;ADRIA;0;2.514
29018;5;COSTA DI ROVIGO;543;0543;ROVIGO;0;2.683
29019;5;CRESPINO;543;0543;ROVIGO;0;1.970
29021;5;FICAROLO;347;0347;SERMIDE;0;2.609
29022;5;FIESSO UMBERTIANO;825;0825;FERRARA;0;4.275
29023;5;FRASSINELLE POLESINE;543;0543;ROVIGO;0;1.529
29024;5;FRATTA POLESINE;542;0542;BADIA POLESINE;0;2.782
29025;5;GAIBA;347;0347;SERMIDE;0;1.094
29026;5;GAVELLO;543;0543;ROVIGO;0;1.605
29027;5;GIACCIANO CON BARUCHELLA;542;0542;BADIA POLESINE;0;2.182
29028;5;GUARDA VENETA;543;0543;ROVIGO;0;1.185
29029;5;LENDINARA;542;0542;BADIA POLESINE;0;12.024
29030;5;LOREO;541;0541;ADRIA;0;3.568
29031;5;LUSIA;542;0542;BADIA POLESINE;0;3.595
29032;5;MELARA;347;0347;SERMIDE;0;1.870
29033;5;OCCHIOBELLO;825;0825;FERRARA;0;11.351
29034;5;PAPOZZE;541;0541;ADRIA;0;1.645
29035;5;PETTORAZZA GRIMANI;541;0541;ADRIA;0;1.669
29036;5;PINCARA;542;0542;BADIA POLESINE;0;1.262
29037;5;POLESELLA;543;0543;ROVIGO;0;4.079
29038;5;PONTECCHIO POLESINE;543;0543;ROVIGO;0;2.078
29039;5;PORTO TOLLE;541;0541;ADRIA;0;10.058
29040;5;ROSOLINA;541;0541;ADRIA;0;6.481
29041;5;ROVIGO;543;0543;ROVIGO;1;50.164
29042;5;SALARA;347;0347;SERMIDE;0;1.214
29043;5;SAN BELLINO;542;0542;BADIA POLESINE;0;1.156
29044;5;SAN MARTINO DI VENEZZE;543;0543;ROVIGO;0;4.035
29045;5;STIENTA;825;0825;FERRARA;0;3.329
29046;5;TAGLIO DI PO;541;0541;ADRIA;0;8.495
29047;5;TRECENTA;542;0542;BADIA POLESINE;0;2.956
29048;5;VILLADOSE;543;0543;ROVIGO;0;5.188
29049;5;VILLAMARZANA;543;0543;ROVIGO;0;1.202
29050;5;VILLANOVA DEL GHEBBO;542;0542;BADIA POLESINE;0;2.164
29051;5;VILLANOVA MARCHESANA;543;0543;ROVIGO;0;1.000
29052;5;PORTO VIRO;541;0541;ADRIA;0;14.645
30001;6;AIELLO DEL FRIULI;603;0603;SAN GIORGIO DI NOGARO;0;2.272
30002;6;AMARO;605;0605;TOLMEZZO;0;841
30003;6;AMPEZZO;605;0605;TOLMEZZO;0;1.030
30004;6;AQUILEIA;603;0603;SAN GIORGIO DI NOGARO;0;3.441
30005;6;ARTA TERME;605;0605;TOLMEZZO;0;2.243
30006;6;ARTEGNA;606;0606;UDINE;0;2.877
30007;6;ATTIMIS;606;0606;UDINE;0;1.861
30008;6;BAGNARIA ARSA;603;0603;SAN GIORGIO DI NOGARO;0;3.577
30009;6;BASILIANO;606;0606;UDINE;0;5.353
30010;6;BERTIOLO;606;0606;UDINE;0;2.577
30011;6;BICINICCO;603;0603;SAN GIORGIO DI NOGARO;0;1.922
30012;6;BORDANO;606;0606;UDINE;0;789
30013;6;BUJA;606;0606;UDINE;0;6.627
30014;6;BUTTRIO;606;0606;UDINE;0;4.039
30015;6;CAMINO AL TAGLIAMENTO;606;0606;UDINE;0;1.660
30016;6;CAMPOFORMIDO;606;0606;UDINE;0;7.679
30018;6;CARLINO;603;0603;SAN GIORGIO DI NOGARO;0;2.790
30019;6;CASSACCO;606;0606;UDINE;0;2.911
30020;6;CASTIONS DI STRADA;603;0603;SAN GIORGIO DI NOGARO;0;3.866
30021;6;CAVAZZO CARNICO;605;0605;TOLMEZZO;0;1.087
30022;6;CERCIVENTO;605;0605;TOLMEZZO;0;696
30023;6;CERVIGNANO DEL FRIULI;603;0603;SAN GIORGIO DI NOGARO;0;13.409
30024;6;CHIOPRIS-VISCONE;601;0601;CIVIDALE DEL FRIULI;0;620
30025;6;CHIUSAFORTE;604;0604;TARVISIO;0;703
30026;6;CIVIDALE DEL FRIULI;601;0601;CIVIDALE DEL FRIULI;1;11.378
30027;6;CODROIPO;606;0606;UDINE;0;15.806
30028;6;COLLOREDO DI MONTE ALBANO;606;0606;UDINE;0;2.231
30029;6;COMEGLIANS;605;0605;TOLMEZZO;0;532
30030;6;CORNO DI ROSAZZO;601;0601;CIVIDALE DEL FRIULI;0;3.269
30031;6;COSEANO;606;0606;UDINE;0;2.247
30032;6;DIGNANO;606;0606;UDINE;0;2.389
30033;6;DOGNA;604;0604;TARVISIO;0;192
30034;6;DRENCHIA;601;0601;CIVIDALE DEL FRIULI;0;134
30035;6;ENEMONZO;605;0605;TOLMEZZO;0;1.351
30036;6;FAEDIS;601;0601;CIVIDALE DEL FRIULI;0;3.014
30037;6;FAGAGNA;606;0606;UDINE;0;6.279
30038;6;FIUMICELLO;603;0603;SAN GIORGIO DI NOGARO;0;5.021
30039;6;FLAIBANO;606;0606;UDINE;0;1.197
30040;6;FORNI AVOLTRI;605;0605;TOLMEZZO;0;642
30041;6;FORNI DI SOPRA;605;0605;TOLMEZZO;0;1.027
30042;6;FORNI DI SOTTO;605;0605;TOLMEZZO;0;620
30043;6;GEMONA DEL FRIULI;606;0606;UDINE;0;11.141
30044;6;GONARS;603;0603;SAN GIORGIO DI NOGARO;0;4.790
30045;6;GRIMACCO;601;0601;CIVIDALE DEL FRIULI;0;374
30046;6;LATISANA;602;0602;LATISANA;1;13.647
30047;6;LAUCO;605;0605;TOLMEZZO;0;784
30048;6;LESTIZZA;606;0606;UDINE;0;3.885
30049;6;LIGNANO SABBIADORO;602;0602;LATISANA;0;6.447
30050;6;LIGOSULLO;605;0605;TOLMEZZO;0;142
30051;6;LUSEVERA;606;0606;UDINE;0;700
30052;6;MAGNANO IN RIVIERA;606;0606;UDINE;0;2.366
30053;6;MAJANO;606;0606;UDINE;0;6.051
30054;6;MALBORGHETTO VALBRUNA;604;0604;TARVISIO;0;969
30055;6;MANZANO;601;0601;CIVIDALE DEL FRIULI;0;6.581
30056;6;MARANO LAGUNARE;603;0603;SAN GIORGIO DI NOGARO;0;1.963
30057;6;MARTIGNACCO;606;0606;UDINE;0;6.796
30058;6;MERETO DI TOMBA;606;0606;UDINE;0;2.709
30059;6;MOGGIO UDINESE;605;0605;TOLMEZZO;0;1.814
30060;6;MOIMACCO;601;0601;CIVIDALE DEL FRIULI;0;1.648
30061;6;MONTENARS;606;0606;UDINE;0;558
30062;6;MORTEGLIANO;606;0606;UDINE;0;5.045
30063;6;MORUZZO;606;0606;UDINE;0;2.391
30064;6;MUZZANA DEL TURGNANO;602;0602;LATISANA;0;2.641
30065;6;NIMIS;606;0606;UDINE;0;2.778
30066;6;OSOPPO;606;0606;UDINE;0;3.006
30067;6;OVARO;605;0605;TOLMEZZO;0;2.010
30068;6;PAGNACCO;606;0606;UDINE;0;5.044
30069;6;PALAZZOLO DELLO STELLA;602;0602;LATISANA;0;3.008
30070;6;PALMANOVA;603;0603;SAN GIORGIO DI NOGARO;0;5.409
30071;6;PALUZZA;605;0605;TOLMEZZO;0;2.372
30072;6;PASIAN DI PRATO;606;0606;UDINE;0;9.375
30073;6;PAULARO;605;0605;TOLMEZZO;0;2.737
30074;6;PAVIA DI UDINE;606;0606;UDINE;0;5.698
30075;6;POCENIA;602;0602;LATISANA;0;2.595
30076;6;PONTEBBA;604;0604;TARVISIO;0;1.503
30077;6;PORPETTO;603;0603;SAN GIORGIO DI NOGARO;0;2.650
30078;6;POVOLETTO;606;0606;UDINE;0;5.572
30079;6;POZZUOLO DEL FRIULI;606;0606;UDINE;0;6.880
30080;6;PRADAMANO;606;0606;UDINE;0;3.536
30081;6;PRATO CARNICO;605;0605;TOLMEZZO;0;927
30082;6;PRECENICCO;602;0602;LATISANA;0;1.484
30083;6;PREMARIACCO;601;0601;CIVIDALE DEL FRIULI;0;4.187
30084;6;PREONE;605;0605;TOLMEZZO;0;266
30085;6;PREPOTTO;601;0601;CIVIDALE DEL FRIULI;0;809
30086;6;PULFERO;601;0601;CIVIDALE DEL FRIULI;0;1.033
30087;6;RAGOGNA;606;0606;UDINE;0;3.023
30088;6;RAVASCLETTO;605;0605;TOLMEZZO;0;560
30089;6;RAVEO;605;0605;TOLMEZZO;0;508
30090;6;REANA DEL ROJALE;606;0606;UDINE;0;5.032
30091;6;REMANZACCO;606;0606;UDINE;0;6.066
30092;6;RESIA;605;0605;TOLMEZZO;0;1.091
30093;6;RESIUTTA;605;0605;TOLMEZZO;0;315
30094;6;RIGOLATO;605;0605;TOLMEZZO;0;502
30095;6;RIVE D'ARCANO;606;0606;UDINE;0;2.479
30096;6;RIVIGNANO;602;0602;LATISANA;0;4.449
30097;6;RONCHIS;602;0602;LATISANA;0;2.054
30098;6;RUDA;603;0603;SAN GIORGIO DI NOGARO;0;2.995
30099;6;SAN DANIELE DEL FRIULI;606;0606;UDINE;0;8.072
30100;6;SAN GIORGIO DI NOGARO;603;0603;SAN GIORGIO DI NOGARO;1;7.681
30101;6;SAN GIOVANNI AL NATISONE;601;0601;CIVIDALE DEL FRIULI;0;6.117
30102;6;SAN LEONARDO;601;0601;CIVIDALE DEL FRIULI;0;1.161
30103;6;SAN PIETRO AL NATISONE;601;0601;CIVIDALE DEL FRIULI;0;2.223
30104;6;SANTA MARIA LA LONGA;603;0603;SAN GIORGIO DI NOGARO;0;2.417
30105;6;SAN VITO AL TORRE;603;0603;SAN GIORGIO DI NOGARO;0;1.333
30106;6;SAN VITO DI FAGAGNA;606;0606;UDINE;0;1.682
30107;6;SAURIS;605;0605;TOLMEZZO;0;419
30108;6;SAVOGNA;601;0601;CIVIDALE DEL FRIULI;0;482
30109;6;SEDEGLIANO;606;0606;UDINE;0;3.937
30110;6;SOCCHIEVE;605;0605;TOLMEZZO;0;941
30111;6;STREGNA;601;0601;CIVIDALE DEL FRIULI;0;398
30112;6;SUTRIO;605;0605;TOLMEZZO;0;1.371
30113;6;TAIPANA;606;0606;UDINE;0;679
30114;6;TALMASSONS;606;0606;UDINE;0;4.144
30116;6;TARCENTO;606;0606;UDINE;0;9.095
30117;6;TARVISIO;604;0604;TARVISIO;1;4.577
30118;6;TAVAGNACCO;606;0606;UDINE;0;14.262
30119;6;TEOR;602;0602;LATISANA;0;1.954
30120;6;TERZO D'AQUILEIA;603;0603;SAN GIORGIO DI NOGARO;0;2.881
30121;6;TOLMEZZO;605;0605;TOLMEZZO;1;10.570
30122;6;TORREANO;601;0601;CIVIDALE DEL FRIULI;0;2.213
30123;6;TORVISCOSA;603;0603;SAN GIORGIO DI NOGARO;0;2.969
30124;6;TRASAGHIS;606;0606;UDINE;0;2.298
30125;6;TREPPO CARNICO;605;0605;TOLMEZZO;0;642
30126;6;TREPPO GRANDE;606;0606;UDINE;0;1.741
30127;6;TRICESIMO;606;0606;UDINE;0;7.609
30128;6;TRIVIGNANO UDINESE;603;0603;SAN GIORGIO DI NOGARO;0;1.689
30129;6;UDINE;606;0606;UDINE;1;98.287
30130;6;VARMO;606;0606;UDINE;0;2.830
30131;6;VENZONE;605;0605;TOLMEZZO;0;2.230
30132;6;VERZEGNIS;605;0605;TOLMEZZO;0;906
30133;6;VILLA SANTINA;605;0605;TOLMEZZO;0;2.222
30134;6;VILLA VICENTINA;603;0603;SAN GIORGIO DI NOGARO;0;1.387
30135;6;VISCO;603;0603;SAN GIORGIO DI NOGARO;0;775
30136;6;ZUGLIO;605;0605;TOLMEZZO;0;606
30137;6;FORGARIA NEL FRIULI;606;0606;UDINE;0;1.826
30138;6;CAMPOLONGO TAPOGLIANO;603;0603;SAN GIORGIO DI NOGARO;0;1.210
31001;6;CAPRIVA DEL FRIULI;607;0607;GORIZIA;0;1.731
31002;6;CORMONS;607;0607;GORIZIA;0;7.543
31003;6;DOBERDÒ DEL LAGO;608;0608;MONFALCONE;0;1.441
31004;6;DOLEGNA DEL COLLIO;601;0601;CIVIDALE DEL FRIULI;0;390
31005;6;FARRA D'ISONZO;607;0607;GORIZIA;0;1.752
31006;6;FOGLIANO REDIPUGLIA;608;0608;MONFALCONE;0;3.052
31007;6;GORIZIA;607;0607;GORIZIA;1;35.212
31008;6;GRADISCA D'ISONZO;607;0607;GORIZIA;0;6.528
31009;6;GRADO;603;0603;SAN GIORGIO DI NOGARO;0;8.462
31010;6;MARIANO DEL FRIULI;607;0607;GORIZIA;0;1.600
31011;6;MEDEA;607;0607;GORIZIA;0;970
31012;6;MONFALCONE;608;0608;MONFALCONE;1;27.041
31013;6;MORARO;607;0607;GORIZIA;0;767
31014;6;MOSSA;607;0607;GORIZIA;0;1.659
31015;6;ROMANS D'ISONZO;607;0607;GORIZIA;0;3.702
31016;6;RONCHI DEI LEGIONARI;608;0608;MONFALCONE;0;11.960
31017;6;SAGRADO;607;0607;GORIZIA;0;2.236
31018;6;SAN CANZIAN D'ISONZO;608;0608;MONFALCONE;0;6.309
31019;6;SAN FLORIANO DEL COLLIO;607;0607;GORIZIA;0;798
31020;6;SAN LORENZO ISONTINO;607;0607;GORIZIA;0;1.548
31021;6;SAN PIER D'ISONZO;608;0608;MONFALCONE;0;2.019
31022;6;SAVOGNA D'ISONZO;607;0607;GORIZIA;0;1.727
31023;6;STARANZANO;608;0608;MONFALCONE;0;7.199
31024;6;TURRIACO;608;0608;MONFALCONE;0;2.780
31025;6;VILLESSE;607;0607;GORIZIA;0;1.717
32001;6;DUINO-AURISINA;609;0609;TRIESTE;0;8.586
32002;6;MONRUPINO;609;0609;TRIESTE;0;881
32003;6;MUGGIA;609;0609;TRIESTE;0;13.022
32004;6;SAN DORLIGO DELLA VALLE - DOLINA;609;0609;TRIESTE;0;5.912
32005;6;SGONICO;609;0609;TRIESTE;0;2.077
32006;6;TRIESTE;609;0609;TRIESTE;1;202.123
93001;6;ANDREIS;610;0610;MANIAGO;0;282
93002;6;ARBA;610;0610;MANIAGO;0;1.309
93003;6;ARZENE;611;0611;PORDENONE;0;1.777
93004;6;AVIANO;611;0611;PORDENONE;0;9.025
93005;6;AZZANO DECIMO;611;0611;PORDENONE;0;15.554
93006;6;BARCIS;610;0610;MANIAGO;0;261
93007;6;BRUGNERA;611;0611;PORDENONE;0;9.254
93008;6;BUDOIA;611;0611;PORDENONE;0;2.552
93009;6;CANEVA;611;0611;PORDENONE;0;6.504
93010;6;CASARSA DELLA DELIZIA;611;0611;PORDENONE;0;8.440
93011;6;CASTELNOVO DEL FRIULI;610;0610;MANIAGO;0;913
93012;6;CAVASSO NUOVO;610;0610;MANIAGO;0;1.606
93013;6;CHIONS;611;0611;PORDENONE;0;5.188
93014;6;CIMOLAIS;523;0523;LONGARONE;0;421
93015;6;CLAUT;523;0523;LONGARONE;0;1.005
93016;6;CLAUZETTO;610;0610;MANIAGO;0;390
93017;6;CORDENONS;611;0611;PORDENONE;0;18.203
93018;6;CORDOVADO;611;0611;PORDENONE;0;2.748
93019;6;ERTO E CASSO;523;0523;LONGARONE;0;387
93020;6;FANNA;610;0610;MANIAGO;0;1.556
93021;6;FIUME VENETO;611;0611;PORDENONE;0;11.486
93022;6;FONTANAFREDDA;611;0611;PORDENONE;0;11.537
93024;6;FRISANCO;610;0610;MANIAGO;0;645
93025;6;MANIAGO;610;0610;MANIAGO;1;11.818
93026;6;MEDUNO;610;0610;MANIAGO;0;1.674
93027;6;MONTEREALE VALCELLINA;610;0610;MANIAGO;0;4.517
93028;6;MORSANO AL TAGLIAMENTO;611;0611;PORDENONE;0;2.865
93029;6;PASIANO DI PORDENONE;611;0611;PORDENONE;0;7.843
93030;6;PINZANO AL TAGLIAMENTO;610;0610;MANIAGO;0;1.567
93031;6;POLCENIGO;611;0611;PORDENONE;0;3.176
93032;6;PORCIA;611;0611;PORDENONE;0;15.251
93033;6;PORDENONE;611;0611;PORDENONE;1;50.583
93034;6;PRATA DI PORDENONE;611;0611;PORDENONE;0;8.451
93035;6;PRAVISDOMINI;534;0534;PORTOGRUARO;0;3.471
93036;6;ROVEREDO IN PIANO;611;0611;PORDENONE;0;5.779
93037;6;SACILE;611;0611;PORDENONE;0;19.897
93038;6;SAN GIORGIO DELLA RICHINVELDA;611;0611;PORDENONE;0;4.530
93039;6;SAN MARTINO AL TAGLIAMENTO;611;0611;PORDENONE;0;1.496
93040;6;SAN QUIRINO;611;0611;PORDENONE;0;4.274
93041;6;SAN VITO AL TAGLIAMENTO;611;0611;PORDENONE;0;15.011
93042;6;SEQUALS;610;0610;MANIAGO;0;2.221
93043;6;SESTO AL REGHENA;611;0611;PORDENONE;0;6.319
93044;6;SPILIMBERGO;610;0610;MANIAGO;0;11.902
93045;6;TRAMONTI DI SOPRA;610;0610;MANIAGO;0;358
93046;6;TRAMONTI DI SOTTO;610;0610;MANIAGO;0;410
93047;6;TRAVESIO;610;0610;MANIAGO;0;1.814
93048;6;VALVASONE;611;0611;PORDENONE;0;2.190
93049;6;VITO D'ASIO;610;0610;MANIAGO;0;818
93050;6;VIVARO;610;0610;MANIAGO;0;1.399
93051;6;ZOPPOLA;611;0611;PORDENONE;0;8.419
93052;6;VAJONT;610;0610;MANIAGO;0;1.715
8001;7;AIROLE;704;0704;VENTIMIGLIA;0;461
8002;7;APRICALE;704;0704;VENTIMIGLIA;0;625
8003;7;AQUILA D'ARROSCIA;702;0702;IMPERIA;0;176
8004;7;ARMO;702;0702;IMPERIA;0;124
8005;7;AURIGO;702;0702;IMPERIA;0;346
8006;7;BADALUCCO;703;0703;SANREMO;0;1.190
8007;7;BAJARDO;703;0703;SANREMO;0;312
8008;7;BORDIGHERA;704;0704;VENTIMIGLIA;0;10.416
8009;7;BORGHETTO D'ARROSCIA;702;0702;IMPERIA;0;463
8010;7;BORGOMARO;702;0702;IMPERIA;0;873
8011;7;CAMPOROSSO;704;0704;VENTIMIGLIA;0;5.419
8012;7;CARAVONICA;702;0702;IMPERIA;0;303
8013;7;CARPASIO;703;0703;SANREMO;0;153
8014;7;CASTELLARO;703;0703;SANREMO;0;1.233
8015;7;CASTEL VITTORIO;704;0704;VENTIMIGLIA;0;329
8016;7;CERIANA;703;0703;SANREMO;0;1.253
8017;7;CERVO;701;0701;DIANO MARINA;0;1.128
8018;7;CESIO;702;0702;IMPERIA;0;286
8019;7;CHIUSANICO;702;0702;IMPERIA;0;603
8020;7;CHIUSAVECCHIA;702;0702;IMPERIA;0;565
8021;7;CIPRESSA;702;0702;IMPERIA;0;1.271
8022;7;CIVEZZA;702;0702;IMPERIA;0;640
8023;7;COSIO D'ARROSCIA;702;0702;IMPERIA;0;248
8024;7;COSTARAINERA;702;0702;IMPERIA;0;803
8025;7;DIANO ARENTINO;701;0701;DIANO MARINA;0;678
8026;7;DIANO CASTELLO;701;0701;DIANO MARINA;0;2.257
8027;7;DIANO MARINA;701;0701;DIANO MARINA;1;6.004
8028;7;DIANO SAN PIETRO;701;0701;DIANO MARINA;0;1.101
8029;7;DOLCEACQUA;704;0704;VENTIMIGLIA;0;1.990
8030;7;DOLCEDO;702;0702;IMPERIA;0;1.451
8031;7;IMPERIA;702;0702;IMPERIA;1;42.322
8032;7;ISOLABONA;704;0704;VENTIMIGLIA;0;678
8033;7;LUCINASCO;702;0702;IMPERIA;0;280
8034;7;MENDATICA;702;0702;IMPERIA;0;205
8035;7;MOLINI DI TRIORA;703;0703;SANREMO;0;626
8036;7;MONTALTO LIGURE;703;0703;SANREMO;0;364
8037;7;MONTEGROSSO PIAN LATTE;702;0702;IMPERIA;0;121
8038;7;OLIVETTA SAN MICHELE;704;0704;VENTIMIGLIA;0;225
8039;7;OSPEDALETTI;703;0703;SANREMO;0;3.386
8040;7;PERINALDO;704;0704;VENTIMIGLIA;0;912
8041;7;PIETRABRUNA;702;0702;IMPERIA;0;541
8042;7;PIEVE DI TECO;702;0702;IMPERIA;0;1.400
8043;7;PIGNA;704;0704;VENTIMIGLIA;0;894
8044;7;POMPEIANA;703;0703;SANREMO;0;809
8045;7;PONTEDASSIO;702;0702;IMPERIA;0;2.356
8046;7;PORNASSIO;702;0702;IMPERIA;0;584
8047;7;PRELÀ;702;0702;IMPERIA;0;500
8048;7;RANZO;705;0705;ALBENGA;0;556
8049;7;REZZO;702;0702;IMPERIA;0;371
8050;7;RIVA LIGURE;703;0703;SANREMO;0;2.861
8051;7;ROCCHETTA NERVINA;704;0704;VENTIMIGLIA;0;272
8052;7;SAN BARTOLOMEO AL MARE;701;0701;DIANO MARINA;0;3.127
8053;7;SAN BIAGIO DELLA CIMA;704;0704;VENTIMIGLIA;0;1.278
8054;7;SAN LORENZO AL MARE;702;0702;IMPERIA;0;1.373
8055;7;SANREMO;703;0703;SANREMO;1;54.137
8056;7;SANTO STEFANO AL MARE;703;0703;SANREMO;0;2.239
8057;7;SEBORGA;704;0704;VENTIMIGLIA;0;323
8058;7;SOLDANO;704;0704;VENTIMIGLIA;0;985
8059;7;TAGGIA;703;0703;SANREMO;0;14.032
8060;7;TERZORIO;703;0703;SANREMO;0;232
8061;7;TRIORA;703;0703;SANREMO;0;374
8062;7;VALLEBONA;704;0704;VENTIMIGLIA;0;1.332
8063;7;VALLECROSIA;704;0704;VENTIMIGLIA;0;7.032
8064;7;VASIA;702;0702;IMPERIA;0;424
8065;7;VENTIMIGLIA;704;0704;VENTIMIGLIA;1;23.926
8066;7;VESSALICO;702;0702;IMPERIA;0;287
8067;7;VILLA FARALDI;701;0701;DIANO MARINA;0;437
9001;7;ALASSIO;705;0705;ALBENGA;0;11.026
9002;7;ALBENGA;705;0705;ALBENGA;1;23.576
9003;7;ALBISSOLA MARINA;708;0708;SAVONA;0;5.564
9004;7;ALBISOLA SUPERIORE;708;0708;SAVONA;0;10.407
9005;7;ALTARE;706;0706;CAIRO MONTENOTTE;0;2.127
9006;7;ANDORA;705;0705;ALBENGA;0;7.470
9007;7;ARNASCO;705;0705;ALBENGA;0;630
9008;7;BALESTRINO;707;0707;FINALE LIGURE;0;597
9009;7;BARDINETO;706;0706;CAIRO MONTENOTTE;0;697
9010;7;BERGEGGI;708;0708;SAVONA;0;1.126
9011;7;BOISSANO;707;0707;FINALE LIGURE;0;2.437
9012;7;BORGHETTO SANTO SPIRITO;707;0707;FINALE LIGURE;0;5.154
9013;7;BORGIO VEREZZI;707;0707;FINALE LIGURE;0;2.327
9014;7;BORMIDA;706;0706;CAIRO MONTENOTTE;0;401
9015;7;CAIRO MONTENOTTE;706;0706;CAIRO MONTENOTTE;1;13.237
9016;7;CALICE LIGURE;707;0707;FINALE LIGURE;0;1.683
9017;7;CALIZZANO;706;0706;CAIRO MONTENOTTE;0;1.550
9018;7;CARCARE;706;0706;CAIRO MONTENOTTE;0;5.605
9019;7;CASANOVA LERRONE;705;0705;ALBENGA;0;744
9020;7;CASTELBIANCO;705;0705;ALBENGA;0;321
9021;7;CASTELVECCHIO DI ROCCA BARBENA;705;0705;ALBENGA;0;172
9022;7;CELLE LIGURE;708;0708;SAVONA;0;5.353
9023;7;CENGIO;706;0706;CAIRO MONTENOTTE;0;3.678
9024;7;CERIALE;705;0705;ALBENGA;0;5.815
9025;7;CISANO SUL NEVA;705;0705;ALBENGA;0;1.964
9026;7;COSSERIA;706;0706;CAIRO MONTENOTTE;0;1.080
9027;7;DEGO;706;0706;CAIRO MONTENOTTE;0;2.003
9028;7;ERLI;705;0705;ALBENGA;0;256
9029;7;FINALE LIGURE;707;0707;FINALE LIGURE;1;11.724
9030;7;GARLENDA;705;0705;ALBENGA;0;1.214
9031;7;GIUSTENICE;707;0707;FINALE LIGURE;0;946
9032;7;GIUSVALLA;706;0706;CAIRO MONTENOTTE;0;460
9033;7;LAIGUEGLIA;705;0705;ALBENGA;0;1.800
9034;7;LOANO;707;0707;FINALE LIGURE;0;11.563
9035;7;MAGLIOLO;707;0707;FINALE LIGURE;0;917
9036;7;MALLARE;706;0706;CAIRO MONTENOTTE;0;1.200
9037;7;MASSIMINO;114;0114;CEVA;0;121
9038;7;MILLESIMO;706;0706;CAIRO MONTENOTTE;0;3.426
9039;7;MIOGLIA;708;0708;SAVONA;0;539
9040;7;MURIALDO;706;0706;CAIRO MONTENOTTE;0;838
9041;7;NASINO;705;0705;ALBENGA;0;222
9042;7;NOLI;708;0708;SAVONA;0;2.801
9043;7;ONZO;705;0705;ALBENGA;0;234
9044;7;ORCO FEGLINO;707;0707;FINALE LIGURE;0;895
9045;7;ORTOVERO;705;0705;ALBENGA;0;1.583
9046;7;OSIGLIA;706;0706;CAIRO MONTENOTTE;0;469
9047;7;PALLARE;706;0706;CAIRO MONTENOTTE;0;957
9048;7;PIANA CRIXIA;706;0706;CAIRO MONTENOTTE;0;857
9049;7;PIETRA LIGURE;707;0707;FINALE LIGURE;0;8.880
9050;7;PLODIO;706;0706;CAIRO MONTENOTTE;0;648
9051;7;PONTINVREA;708;0708;SAVONA;0;846
9052;7;QUILIANO;708;0708;SAVONA;0;7.336
9053;7;RIALTO;707;0707;FINALE LIGURE;0;564
9054;7;ROCCAVIGNALE;706;0706;CAIRO MONTENOTTE;0;746
9055;7;SASSELLO;708;0708;SAVONA;0;1.882
9056;7;SAVONA;708;0708;SAVONA;1;60.661
9057;7;SPOTORNO;708;0708;SAVONA;0;3.886
9058;7;STELLA;708;0708;SAVONA;0;3.066
9059;7;STELLANELLO;705;0705;ALBENGA;0;858
9060;7;TESTICO;705;0705;ALBENGA;0;212
9061;7;TOIRANO;707;0707;FINALE LIGURE;0;2.669
9062;7;TOVO SAN GIACOMO;707;0707;FINALE LIGURE;0;2.489
9063;7;URBE;708;0708;SAVONA;0;769
9064;7;VADO LIGURE;708;0708;SAVONA;0;8.232
9065;7;VARAZZE;708;0708;SAVONA;0;13.461
9066;7;VENDONE;705;0705;ALBENGA;0;403
9067;7;VEZZI PORTIO;708;0708;SAVONA;0;810
9068;7;VILLANOVA D'ALBENGA;705;0705;ALBENGA;0;2.522
9069;7;ZUCCARELLO;705;0705;ALBENGA;0;322
10001;7;ARENZANO;710;0710;GENOVA;0;11.584
10002;7;AVEGNO;711;0711;RAPALLO;0;2.539
10003;7;BARGAGLI;710;0710;GENOVA;0;2.810
10004;7;BOGLIASCO;710;0710;GENOVA;0;4.486
10005;7;BORZONASCA;709;0709;CHIAVARI;0;2.124
10006;7;BUSALLA;710;0710;GENOVA;0;5.741
10007;7;CAMOGLI;711;0711;RAPALLO;0;5.481
10008;7;CAMPO LIGURE;128;0128;OVADA;0;3.045
10009;7;CAMPOMORONE;710;0710;GENOVA;0;7.306
10010;7;CARASCO;709;0709;CHIAVARI;0;3.649
10011;7;CASARZA LIGURE;712;0712;SESTRI LEVANTE;0;6.708
10012;7;CASELLA;710;0710;GENOVA;0;3.232
10013;7;CASTIGLIONE CHIAVARESE;712;0712;SESTRI LEVANTE;0;1.642
10014;7;CERANESI;710;0710;GENOVA;0;4.006
10015;7;CHIAVARI;709;0709;CHIAVARI;1;27.338
10016;7;CICAGNA;709;0709;CHIAVARI;0;2.566
10017;7;COGOLETO;710;0710;GENOVA;0;9.145
10018;7;COGORNO;709;0709;CHIAVARI;0;5.641
10019;7;COREGLIA LIGURE;709;0709;CHIAVARI;0;274
10020;7;CROCEFIESCHI;710;0710;GENOVA;0;561
10021;7;DAVAGNA;710;0710;GENOVA;0;1.927
10022;7;FASCIA;710;0710;GENOVA;0;100
10023;7;FAVALE DI MALVARO;709;0709;CHIAVARI;0;504
10024;7;FONTANIGORDA;710;0710;GENOVA;0;274
10025;7;GENOVA;710;0710;GENOVA;1;586.180
10026;7;GORRETO;803;0803;PIACENZA;0;107
10027;7;ISOLA DEL CANTONE;127;0127;NOVI LIGURE;0;1.535
10028;7;LAVAGNA;709;0709;CHIAVARI;0;12.579
10029;7;LEIVI;709;0709;CHIAVARI;0;2.349
10030;7;LORSICA;709;0709;CHIAVARI;0;519
10031;7;LUMARZO;710;0710;GENOVA;0;1.594
10032;7;MASONE;128;0128;OVADA;0;3.758
10033;7;MELE;710;0710;GENOVA;0;2.687
10034;7;MEZZANEGO;709;0709;CHIAVARI;0;1.624
10035;7;MIGNANEGO;710;0710;GENOVA;0;3.756
10036;7;MOCONESI;709;0709;CHIAVARI;0;2.695
10037;7;MONEGLIA;712;0712;SESTRI LEVANTE;0;2.890
10038;7;MONTEBRUNO;710;0710;GENOVA;0;217
10039;7;MONTOGGIO;710;0710;GENOVA;0;2.062
10040;7;NE;709;0709;CHIAVARI;0;2.361
10041;7;NEIRONE;709;0709;CHIAVARI;0;984
10042;7;ORERO;709;0709;CHIAVARI;0;604
10043;7;PIEVE LIGURE;710;0710;GENOVA;0;2.582
10044;7;PORTOFINO;711;0711;RAPALLO;0;453
10045;7;PROPATA;710;0710;GENOVA;0;161
10046;7;RAPALLO;711;0711;RAPALLO;1;29.226
10047;7;RECCO;711;0711;RAPALLO;0;10.106
10048;7;REZZOAGLIO;709;0709;CHIAVARI;0;1.080
10049;7;RONCO SCRIVIA;710;0710;GENOVA;0;4.558
10050;7;RONDANINA;710;0710;GENOVA;0;69
10051;7;ROSSIGLIONE;128;0128;OVADA;0;2.932
10052;7;ROVEGNO;710;0710;GENOVA;0;568
10053;7;SAN COLOMBANO CERTENOLI;709;0709;CHIAVARI;0;2.687
10054;7;SANTA MARGHERITA LIGURE;711;0711;RAPALLO;0;9.709
10055;7;SANT'OLCESE;710;0710;GENOVA;0;5.911
10056;7;SANTO STEFANO D'AVETO;709;0709;CHIAVARI;0;1.217
10057;7;SAVIGNONE;710;0710;GENOVA;0;3.226
10058;7;SERRA RICCÒ;710;0710;GENOVA;0;7.931
10059;7;SESTRI LEVANTE;712;0712;SESTRI LEVANTE;1;18.172
10060;7;SORI;710;0710;GENOVA;0;4.404
10061;7;TIGLIETO;128;0128;OVADA;0;580
10062;7;TORRIGLIA;710;0710;GENOVA;0;2.392
10063;7;TRIBOGNA;709;0709;CHIAVARI;0;620
10064;7;USCIO;711;0711;RAPALLO;0;2.275
10065;7;VALBREVENNA;710;0710;GENOVA;0;812
10066;7;VOBBIA;710;0710;GENOVA;0;463
10067;7;ZOAGLI;711;0711;RAPALLO;0;2.516
11001;7;AMEGLIA;713;0713;LA SPEZIA;0;4.484
11002;7;ARCOLA;713;0713;LA SPEZIA;0;10.316
11003;7;BEVERINO;713;0713;LA SPEZIA;0;2.403
11004;7;BOLANO;713;0713;LA SPEZIA;0;7.759
11005;7;BONASSOLA;714;0714;LEVANTO;0;995
11006;7;BORGHETTO DI VARA;713;0713;LA SPEZIA;0;1.008
11007;7;BRUGNATO;713;0713;LA SPEZIA;0;1.266
11008;7;CALICE AL CORNOVIGLIO;713;0713;LA SPEZIA;0;1.146
11009;7;CARRO;712;0712;SESTRI LEVANTE;0;580
11010;7;CARRODANO;714;0714;LEVANTO;0;521
11011;7;CASTELNUOVO MAGRA;713;0713;LA SPEZIA;0;8.269
11012;7;DEIVA MARINA;712;0712;SESTRI LEVANTE;0;1.438
11013;7;FOLLO;713;0713;LA SPEZIA;0;6.337
11014;7;FRAMURA;712;0712;SESTRI LEVANTE;0;683
11015;7;LA SPEZIA;713;0713;LA SPEZIA;1;92.659
11016;7;LERICI;713;0713;LA SPEZIA;0;10.090
11017;7;LEVANTO;714;0714;LEVANTO;1;5.509
11018;7;MAISSANA;712;0712;SESTRI LEVANTE;0;659
11019;7;MONTEROSSO AL MARE;714;0714;LEVANTO;0;1.481
11020;7;ORTONOVO;901;0901;CARRARA;0;8.405
11021;7;PIGNONE;714;0714;LEVANTO;0;599
11022;7;PORTOVENERE;713;0713;LA SPEZIA;0;3.702
11023;7;RICCÒ DEL GOLFO DI SPEZIA;713;0713;LA SPEZIA;0;3.537
11024;7;RIOMAGGIORE;713;0713;LA SPEZIA;0;1.669
11025;7;ROCCHETTA DI VARA;713;0713;LA SPEZIA;0;785
11026;7;SANTO STEFANO DI MAGRA;713;0713;LA SPEZIA;0;8.790
11027;7;SARZANA;713;0713;LA SPEZIA;0;21.829
11028;7;SESTA GODANO;713;0713;LA SPEZIA;0;1.452
11029;7;VARESE LIGURE;712;0712;SESTRI LEVANTE;0;2.103
11030;7;VERNAZZA;713;0713;LA SPEZIA;0;941
11031;7;VEZZANO LIGURE;713;0713;LA SPEZIA;0;7.391
11032;7;ZIGNAGO;713;0713;LA SPEZIA;0;524
33001;8;AGAZZANO;803;0803;PIACENZA;0;2.070
33002;8;ALSENO;802;0802;FIORENZUOLA D'ARDA;0;4.823
33003;8;BESENZONE;802;0802;FIORENZUOLA D'ARDA;0;976
33004;8;BETTOLA;803;0803;PIACENZA;0;2.999
33005;8;BOBBIO;803;0803;PIACENZA;0;3.711
33006;8;BORGONOVO VAL TIDONE;801;0801;CASTEL SAN GIOVANNI;0;7.631
33007;8;CADEO;802;0802;FIORENZUOLA D'ARDA;0;6.052
33008;8;CALENDASCO;803;0803;PIACENZA;0;2.448
33009;8;CAMINATA;801;0801;CASTEL SAN GIOVANNI;0;276
33010;8;CAORSO;803;0803;PIACENZA;0;4.830
33011;8;CARPANETO PIACENTINO;802;0802;FIORENZUOLA D'ARDA;0;7.537
33012;8;CASTELL'ARQUATO;802;0802;FIORENZUOLA D'ARDA;0;4.712
33013;8;CASTEL SAN GIOVANNI;801;0801;CASTEL SAN GIOVANNI;1;13.629
33014;8;CASTELVETRO PIACENTINO;341;0341;CREMONA;0;5.584
33015;8;CERIGNALE;803;0803;PIACENZA;0;155
33016;8;COLI;803;0803;PIACENZA;0;955
33017;8;CORTE BRUGNATELLA;803;0803;PIACENZA;0;671
33018;8;CORTEMAGGIORE;802;0802;FIORENZUOLA D'ARDA;0;4.456
33019;8;FARINI;803;0803;PIACENZA;0;1.455
33020;8;FERRIERE;803;0803;PIACENZA;0;1.425
33021;8;FIORENZUOLA D'ARDA;802;0802;FIORENZUOLA D'ARDA;1;14.886
33022;8;GAZZOLA;803;0803;PIACENZA;0;1.999
33023;8;GOSSOLENGO;803;0803;PIACENZA;0;5.431
33024;8;GRAGNANO TREBBIENSE;803;0803;PIACENZA;0;4.386
33025;8;GROPPARELLO;802;0802;FIORENZUOLA D'ARDA;0;2.324
33026;8;LUGAGNANO VAL D'ARDA;802;0802;FIORENZUOLA D'ARDA;0;4.155
33027;8;MONTICELLI D'ONGINA;341;0341;CREMONA;0;5.428
33028;8;MORFASSO;802;0802;FIORENZUOLA D'ARDA;0;1.105
33029;8;NIBBIANO;801;0801;CASTEL SAN GIOVANNI;0;2.263
33030;8;OTTONE;803;0803;PIACENZA;0;570
33031;8;PECORARA;801;0801;CASTEL SAN GIOVANNI;0;810
33032;8;PIACENZA;803;0803;PIACENZA;1;100.311
33033;8;PIANELLO VAL TIDONE;801;0801;CASTEL SAN GIOVANNI;0;2.290
33034;8;PIOZZANO;803;0803;PIACENZA;0;642
33035;8;PODENZANO;803;0803;PIACENZA;0;8.990
33036;8;PONTE DELL'OLIO;803;0803;PIACENZA;0;4.936
33037;8;PONTENURE;803;0803;PIACENZA;0;6.373
33038;8;RIVERGARO;803;0803;PIACENZA;0;6.853
33039;8;ROTTOFRENO;803;0803;PIACENZA;0;11.641
33040;8;SAN GIORGIO PIACENTINO;803;0803;PIACENZA;0;5.818
33041;8;SAN PIETRO IN CERRO;802;0802;FIORENZUOLA D'ARDA;0;926
33042;8;SARMATO;801;0801;CASTEL SAN GIOVANNI;0;2.919
33043;8;TRAVO;803;0803;PIACENZA;0;1.993
33044;8;VERNASCA;802;0802;FIORENZUOLA D'ARDA;0;2.241
33045;8;VIGOLZONE;803;0803;PIACENZA;0;4.268
33046;8;VILLANOVA SULL'ARDA;805;0805;FIDENZA;0;1.936
33047;8;ZERBA;338;0338;VOGHERA;0;92
33048;8;ZIANO PIACENTINO;801;0801;CASTEL SAN GIOVANNI;0;2.635
34001;8;ALBARETO;804;0804;BORGO VAL DI TARO;0;2.165
34002;8;BARDI;804;0804;BORGO VAL DI TARO;0;2.337
34003;8;BEDONIA;804;0804;BORGO VAL DI TARO;0;3.617
34004;8;BERCETO;804;0804;BORGO VAL DI TARO;0;2.144
34005;8;BORE;807;0807;PARMA;0;799
34006;8;BORGO VAL DI TARO;804;0804;BORGO VAL DI TARO;1;7.275
34007;8;BUSSETO;805;0805;FIDENZA;0;7.043
34008;8;CALESTANO;807;0807;PARMA;0;2.033
34009;8;COLLECCHIO;807;0807;PARMA;0;13.893
34010;8;COLORNO;807;0807;PARMA;0;8.920
34011;8;COMPIANO;804;0804;BORGO VAL DI TARO;0;1.122
34012;8;CORNIGLIO;806;0806;LANGHIRANO;0;1.997
34013;8;FELINO;807;0807;PARMA;0;8.621
34014;8;FIDENZA;805;0805;FIDENZA;1;25.521
34015;8;FONTANELLATO;805;0805;FIDENZA;0;6.963
34016;8;FONTEVIVO;807;0807;PARMA;0;5.428
34017;8;FORNOVO DI TARO;807;0807;PARMA;0;6.192
34018;8;LANGHIRANO;806;0806;LANGHIRANO;1;9.784
34019;8;LESIGNANO DE' BAGNI;806;0806;LANGHIRANO;0;4.759
34020;8;MEDESANO;807;0807;PARMA;0;10.663
34021;8;MEZZANI;807;0807;PARMA;0;3.382
34022;8;MONCHIO DELLE CORTI;806;0806;LANGHIRANO;0;985
34023;8;MONTECHIARUGOLO;807;0807;PARMA;0;10.482
34024;8;NEVIANO DEGLI ARDUINI;806;0806;LANGHIRANO;0;3.691
34025;8;NOCETO;807;0807;PARMA;0;12.705
34026;8;PALANZANO;806;0806;LANGHIRANO;0;1.165
34027;8;PARMA;807;0807;PARMA;1;175.895
34028;8;PELLEGRINO PARMENSE;805;0805;FIDENZA;0;1.066
34029;8;POLESINE PARMENSE;805;0805;FIDENZA;0;1.507
34030;8;ROCCABIANCA;805;0805;FIDENZA;0;3.069
34031;8;SALA BAGANZA;807;0807;PARMA;0;5.392
34032;8;SALSOMAGGIORE TERME;805;0805;FIDENZA;0;19.505
34033;8;SAN SECONDO PARMENSE;807;0807;PARMA;0;5.519
34034;8;SISSA;807;0807;PARMA;0;4.259
34035;8;SOLIGNANO;807;0807;PARMA;0;1.809
34036;8;SORAGNA;805;0805;FIDENZA;0;4.872
34037;8;SORBOLO;807;0807;PARMA;0;9.602
34038;8;TERENZO;807;0807;PARMA;0;1.195
34039;8;TIZZANO VAL PARMA;806;0806;LANGHIRANO;0;2.113
34040;8;TORNOLO;804;0804;BORGO VAL DI TARO;0;1.102
34041;8;TORRILE;807;0807;PARMA;0;7.458
34042;8;TRAVERSETOLO;807;0807;PARMA;0;9.275
34043;8;TRECASALI;807;0807;PARMA;0;3.732
34044;8;VALMOZZOLA;804;0804;BORGO VAL DI TARO;0;567
34045;8;VARANO DE' MELEGARI;807;0807;PARMA;0;2.689
34046;8;VARSI;807;0807;PARMA;0;1.281
34048;8;ZIBELLO;805;0805;FIDENZA;0;1.841
35001;8;ALBINEA;811;0811;REGGIO NELL'EMILIA;0;8.755
35002;8;BAGNOLO IN PIANO;811;0811;REGGIO NELL'EMILIA;0;9.386
35003;8;BAISO;818;0818;SASSUOLO;0;3.403
35004;8;BIBBIANO;811;0811;REGGIO NELL'EMILIA;0;9.965
35005;8;BORETTO;349;0349;VIADANA;0;5.263
35006;8;BRESCELLO;807;0807;PARMA;0;5.546
35007;8;BUSANA;808;0808;CASTELNOVO NE' MONTI;0;1.285
35008;8;CADELBOSCO DI SOPRA;811;0811;REGGIO NELL'EMILIA;0;10.409
35009;8;CAMPAGNOLA EMILIA;809;0809;CORREGGIO;0;5.493
35010;8;CAMPEGINE;811;0811;REGGIO NELL'EMILIA;0;5.114
35011;8;CARPINETI;808;0808;CASTELNOVO NE' MONTI;0;4.178
35012;8;CASALGRANDE;818;0818;SASSUOLO;0;18.635
35013;8;CASINA;808;0808;CASTELNOVO NE' MONTI;0;4.534
35014;8;CASTELLARANO;818;0818;SASSUOLO;0;14.838
35015;8;CASTELNOVO DI SOTTO;811;0811;REGGIO NELL'EMILIA;0;8.594
35016;8;CASTELNOVO NE' MONTI;808;0808;CASTELNOVO NE' MONTI;1;10.481
35017;8;CAVRIAGO;811;0811;REGGIO NELL'EMILIA;0;9.698
35018;8;CANOSSA;811;0811;REGGIO NELL'EMILIA;0;3.785
35019;8;COLLAGNA;808;0808;CASTELNOVO NE' MONTI;0;971
35020;8;CORREGGIO;809;0809;CORREGGIO;1;24.825
35021;8;FABBRICO;809;0809;CORREGGIO;0;6.696
35022;8;GATTATICO;811;0811;REGGIO NELL'EMILIA;0;5.899
35023;8;GUALTIERI;810;0810;GUASTALLA;0;6.639
35024;8;GUASTALLA;810;0810;GUASTALLA;1;14.786
35025;8;LIGONCHIO;808;0808;CASTELNOVO NE' MONTI;0;861
35026;8;LUZZARA;810;0810;GUASTALLA;0;9.169
35027;8;MONTECCHIO EMILIA;811;0811;REGGIO NELL'EMILIA;0;10.201
35028;8;NOVELLARA;809;0809;CORREGGIO;0;13.455
35029;8;POVIGLIO;811;0811;REGGIO NELL'EMILIA;0;7.045
35030;8;QUATTRO CASTELLA;811;0811;REGGIO NELL'EMILIA;0;12.909
35031;8;RAMISETO;808;0808;CASTELNOVO NE' MONTI;0;1.290
35032;8;REGGIOLO;810;0810;GUASTALLA;0;9.217
35033;8;REGGIO NELL'EMILIA;811;0811;REGGIO NELL'EMILIA;1;162.082
35034;8;RIO SALICETO;809;0809;CORREGGIO;0;6.092
35035;8;ROLO;809;0809;CORREGGIO;0;4.038
35036;8;RUBIERA;811;0811;REGGIO NELL'EMILIA;0;14.421
35037;8;SAN MARTINO IN RIO;809;0809;CORREGGIO;0;7.773
35038;8;SAN POLO D'ENZA;811;0811;REGGIO NELL'EMILIA;0;5.949
35039;8;SANT'ILARIO D'ENZA;811;0811;REGGIO NELL'EMILIA;0;10.939
35040;8;SCANDIANO;811;0811;REGGIO NELL'EMILIA;0;24.792
35041;8;TOANO;808;0808;CASTELNOVO NE' MONTI;0;4.458
35042;8;VETTO;808;0808;CASTELNOVO NE' MONTI;0;1.956
35043;8;VEZZANO SUL CROSTOLO;811;0811;REGGIO NELL'EMILIA;0;4.214
35044;8;VIANO;811;0811;REGGIO NELL'EMILIA;0;3.377
35045;8;VILLA MINOZZO;808;0808;CASTELNOVO NE' MONTI;0;3.900
36001;8;BASTIGLIA;815;0815;MODENA;0;3.985
36002;8;BOMPORTO;815;0815;MODENA;0;9.761
36003;8;CAMPOGALLIANO;815;0815;MODENA;0;8.514
36004;8;CAMPOSANTO;814;0814;MIRANDOLA;0;3.171
36005;8;CARPI;812;0812;CARPI;1;67.268
36006;8;CASTELFRANCO EMILIA;815;0815;MODENA;0;31.656
36007;8;CASTELNUOVO RANGONE;815;0815;MODENA;0;14.116
36008;8;CASTELVETRO DI MODENA;819;0819;VIGNOLA;0;11.012
36009;8;CAVEZZO;814;0814;MIRANDOLA;0;7.196
36010;8;CONCORDIA SULLA SECCHIA;814;0814;MIRANDOLA;0;8.968
36011;8;FANANO;813;0813;FANANO;1;3.028
36012;8;FINALE EMILIA;814;0814;MIRANDOLA;0;15.713
36013;8;FIORANO MODENESE;818;0818;SASSUOLO;0;16.945
36014;8;FIUMALBO;817;0817;PIEVEPELAGO;0;1.304
36015;8;FORMIGINE;818;0818;SASSUOLO;0;33.667
36016;8;FRASSINORO;817;0817;PIEVEPELAGO;0;1.997
36017;8;GUIGLIA;819;0819;VIGNOLA;0;3.999
36018;8;LAMA MOCOGNO;816;0816;PAVULLO NEL FRIGNANO;0;2.844
36019;8;MARANELLO;818;0818;SASSUOLO;0;16.622
36020;8;MARANO SUL PANARO;819;0819;VIGNOLA;0;4.787
36021;8;MEDOLLA;814;0814;MIRANDOLA;0;6.322
36022;8;MIRANDOLA;814;0814;MIRANDOLA;1;23.960
36023;8;MODENA;815;0815;MODENA;1;179.149
36024;8;MONTECRETO;813;0813;FANANO;0;1.000
36025;8;MONTEFIORINO;818;0818;SASSUOLO;0;2.253
36026;8;MONTESE;821;0821;GAGGIO MONTANO;0;3.357
36027;8;NONANTOLA;815;0815;MODENA;0;15.179
36028;8;NOVI DI MODENA;812;0812;CARPI;0;10.972
36029;8;PALAGANO;818;0818;SASSUOLO;0;2.354
36030;8;PAVULLO NEL FRIGNANO;816;0816;PAVULLO NEL FRIGNANO;1;17.198
36031;8;PIEVEPELAGO;817;0817;PIEVEPELAGO;1;2.241
36032;8;POLINAGO;816;0816;PAVULLO NEL FRIGNANO;0;1.742
36033;8;PRIGNANO SULLA SECCHIA;818;0818;SASSUOLO;0;3.773
36034;8;RAVARINO;815;0815;MODENA;0;6.165
36035;8;RIOLUNATO;817;0817;PIEVEPELAGO;0;759
36036;8;SAN CESARIO SUL PANARO;815;0815;MODENA;0;6.117
36037;8;SAN FELICE SUL PANARO;814;0814;MIRANDOLA;0;11.026
36038;8;SAN POSSIDONIO;814;0814;MIRANDOLA;0;3.621
36039;8;SAN PROSPERO;814;0814;MIRANDOLA;0;5.841
36040;8;SASSUOLO;818;0818;SASSUOLO;1;39.885
36041;8;SAVIGNANO SUL PANARO;819;0819;VIGNOLA;0;9.276
36042;8;SERRAMAZZONI;816;0816;PAVULLO NEL FRIGNANO;0;8.014
36043;8;SESTOLA;813;0813;FANANO;0;2.602
36044;8;SOLIERA;812;0812;CARPI;0;15.061
36045;8;SPILAMBERTO;819;0819;VIGNOLA;0;12.130
36046;8;VIGNOLA;819;0819;VIGNOLA;1;24.344
36047;8;ZOCCA;819;0819;VIGNOLA;0;4.883
37001;8;ANZOLA DELL'EMILIA;820;0820;BOLOGNA;0;11.851
37002;8;ARGELATO;820;0820;BOLOGNA;0;9.656
37003;8;BARICELLA;820;0820;BOLOGNA;0;6.763
37004;8;BAZZANO;819;0819;VIGNOLA;0;6.723
37005;8;BENTIVOGLIO;820;0820;BOLOGNA;0;5.358
37006;8;BOLOGNA;820;0820;BOLOGNA;1;371.337
37007;8;BORGO TOSSIGNANO;822;0822;IMOLA;0;3.302
37008;8;BUDRIO;820;0820;BOLOGNA;0;18.008
37009;8;CALDERARA DI RENO;820;0820;BOLOGNA;0;13.148
37010;8;CAMUGNANO;821;0821;GAGGIO MONTANO;0;2.000
37011;8;CASALECCHIO DI RENO;820;0820;BOLOGNA;0;35.173
37012;8;CASALFIUMANESE;822;0822;IMOLA;0;3.461
37013;8;CASTEL D'AIANO;821;0821;GAGGIO MONTANO;0;1.951
37014;8;CASTEL DEL RIO;822;0822;IMOLA;0;1.230
37015;8;CASTEL DI CASIO;821;0821;GAGGIO MONTANO;0;3.479
37016;8;CASTEL GUELFO DI BOLOGNA;822;0822;IMOLA;0;4.277
37017;8;CASTELLO D'ARGILE;820;0820;BOLOGNA;0;6.458
37018;8;CASTELLO DI SERRAVALLE;819;0819;VIGNOLA;0;4.866
37019;8;CASTEL MAGGIORE;820;0820;BOLOGNA;0;17.507
37020;8;CASTEL SAN PIETRO TERME;822;0822;IMOLA;0;20.468
37021;8;CASTENASO;820;0820;BOLOGNA;0;14.352
37022;8;CASTIGLIONE DEI PEPOLI;820;0820;BOLOGNA;0;5.870
37023;8;CRESPELLANO;820;0820;BOLOGNA;0;9.829
37024;8;CREVALCORE;820;0820;BOLOGNA;0;13.527
37025;8;DOZZA;822;0822;IMOLA;0;6.440
37026;8;FONTANELICE;822;0822;IMOLA;0;1.927
37027;8;GAGGIO MONTANO;821;0821;GAGGIO MONTANO;1;5.066
37028;8;GALLIERA;820;0820;BOLOGNA;0;5.462
37029;8;GRANAGLIONE;821;0821;GAGGIO MONTANO;0;2.232
37030;8;GRANAROLO DELL'EMILIA;820;0820;BOLOGNA;0;10.766
37031;8;GRIZZANA MORANDI;821;0821;GAGGIO MONTANO;0;3.982
37032;8;IMOLA;822;0822;IMOLA;1;67.892
37033;8;LIZZANO IN BELVEDERE;821;0821;GAGGIO MONTANO;0;2.309
37034;8;LOIANO;820;0820;BOLOGNA;0;4.434
37035;8;MALALBERGO;820;0820;BOLOGNA;0;8.771
37036;8;MARZABOTTO;820;0820;BOLOGNA;0;6.684
37037;8;MEDICINA;820;0820;BOLOGNA;0;16.526
37038;8;MINERBIO;820;0820;BOLOGNA;0;8.674
37039;8;MOLINELLA;820;0820;BOLOGNA;0;15.651
37040;8;MONGHIDORO;820;0820;BOLOGNA;0;3.806
37041;8;MONTERENZIO;820;0820;BOLOGNA;0;5.853
37042;8;MONTE SAN PIETRO;820;0820;BOLOGNA;0;10.820
37043;8;MONTEVEGLIO;819;0819;VIGNOLA;0;5.282
37044;8;MONZUNO;820;0820;BOLOGNA;0;6.133
37045;8;MORDANO;822;0822;IMOLA;0;4.644
37046;8;OZZANO DELL'EMILIA;820;0820;BOLOGNA;0;12.870
37047;8;PIANORO;820;0820;BOLOGNA;0;16.890
37048;8;PIEVE DI CENTO;820;0820;BOLOGNA;0;6.895
37049;8;PORRETTA TERME;821;0821;GAGGIO MONTANO;0;4.735
37050;8;SALA BOLOGNESE;820;0820;BOLOGNA;0;8.245
37051;8;SAN BENEDETTO VAL DI SAMBRO;820;0820;BOLOGNA;0;4.393
37052;8;SAN GIORGIO DI PIANO;820;0820;BOLOGNA;0;8.201
37053;8;SAN GIOVANNI IN PERSICETO;820;0820;BOLOGNA;0;26.992
37054;8;SAN LAZZARO DI SAVENA;820;0820;BOLOGNA;0;31.091
37055;8;SAN PIETRO IN CASALE;820;0820;BOLOGNA;0;11.736
37056;8;SANT'AGATA BOLOGNESE;820;0820;BOLOGNA;0;7.140
37057;8;SASSO MARCONI;820;0820;BOLOGNA;0;14.545
37058;8;SAVIGNO;820;0820;BOLOGNA;0;2.727
37059;8;VERGATO;821;0821;GAGGIO MONTANO;0;7.642
37060;8;ZOLA PREDOSA;820;0820;BOLOGNA;0;18.193
38001;8;ARGENTA;828;0828;LUGO;0;22.133
38002;8;BERRA;824;0824;COPPARO;0;5.160
38003;8;BONDENO;825;0825;FERRARA;0;15.116
38004;8;CENTO;820;0820;BOLOGNA;0;34.723
38005;8;CODIGORO;823;0823;COMACCHIO;0;12.389
38006;8;COMACCHIO;823;0823;COMACCHIO;1;22.648
38007;8;COPPARO;824;0824;COPPARO;1;17.017
38008;8;FERRARA;825;0825;FERRARA;1;132.545
38009;8;FORMIGNANA;824;0824;COPPARO;0;2.803
38010;8;JOLANDA DI SAVOIA;824;0824;COPPARO;0;3.003
38011;8;LAGOSANTO;823;0823;COMACCHIO;0;4.952
38012;8;MASI TORELLO;825;0825;FERRARA;0;2.368
38013;8;MASSA FISCAGLIA;823;0823;COMACCHIO;0;3.596
38014;8;MESOLA;826;0826;GORO;0;7.140
38015;8;MIGLIARINO;823;0823;COMACCHIO;0;3.695
38016;8;MIRABELLO;825;0825;FERRARA;0;3.503
38017;8;OSTELLATO;823;0823;COMACCHIO;0;6.453
38018;8;POGGIO RENATICO;825;0825;FERRARA;0;9.674
38019;8;PORTOMAGGIORE;825;0825;FERRARA;0;12.185
38020;8;RO;824;0824;COPPARO;0;3.348
38021;8;SANT'AGOSTINO;825;0825;FERRARA;0;7.068
38022;8;VIGARANO MAINARDA;825;0825;FERRARA;0;7.431
38023;8;VOGHIERA;825;0825;FERRARA;0;3.847
38024;8;TRESIGALLO;824;0824;COPPARO;0;4.561
38025;8;GORO;826;0826;GORO;1;3.895
38026;8;MIGLIARO;823;0823;COMACCHIO;0;2.228
39001;8;ALFONSINE;828;0828;LUGO;0;12.245
39002;8;BAGNACAVALLO;828;0828;LUGO;0;16.715
39003;8;BAGNARA DI ROMAGNA;822;0822;IMOLA;0;2.348
39004;8;BRISIGHELLA;827;0827;FAENZA;0;7.664
39005;8;CASOLA VALSENIO;827;0827;FAENZA;0;2.724
39006;8;CASTEL BOLOGNESE;827;0827;FAENZA;0;9.519
39007;8;CERVIA;829;0829;RAVENNA;0;28.896
39008;8;CONSELICE;828;0828;LUGO;0;9.837
39009;8;COTIGNOLA;828;0828;LUGO;0;7.384
39010;8;FAENZA;827;0827;FAENZA;1;57.748
39011;8;FUSIGNANO;828;0828;LUGO;0;8.259
39012;8;LUGO;828;0828;LUGO;1;32.062
39013;8;MASSA LOMBARDA;828;0828;LUGO;0;10.449
39014;8;RAVENNA;829;0829;RAVENNA;1;153.740
39015;8;RIOLO TERME;827;0827;FAENZA;0;5.777
39016;8;RUSSI;829;0829;RAVENNA;0;12.083
39017;8;SANT'AGATA SUL SANTERNO;828;0828;LUGO;0;2.822
39018;8;SOLAROLO;827;0827;FAENZA;0;4.489
40001;8;BAGNO DI ROMAGNA;830;0830;BAGNO DI ROMAGNA;1;6.138
40003;8;BERTINORO;833;0833;FORLÌ;0;10.798
40004;8;BORGHI;838;0838;RIMINI;0;2.718
40005;8;CASTROCARO TERME E TERRA DEL SOLE;833;0833;FORLÌ;0;6.512
40007;8;CESENA;831;0831;CESENA;1;95.990
40008;8;CESENATICO;832;0832;CESENATICO;1;25.412
40009;8;CIVITELLA DI ROMAGNA;835;0835;SANTA SOFIA;0;3.792
40011;8;DOVADOLA;833;0833;FORLÌ;0;1.661
40012;8;FORLÌ;833;0833;FORLÌ;1;116.434
40013;8;FORLIMPOPOLI;833;0833;FORLÌ;0;12.982
40014;8;GALEATA;835;0835;SANTA SOFIA;0;2.516
40015;8;GAMBETTOLA;831;0831;CESENA;0;10.238
40016;8;GATTEO;832;0832;CESENATICO;0;8.910
40018;8;LONGIANO;831;0831;CESENA;0;6.837
40019;8;MELDOLA;833;0833;FORLÌ;0;10.000
40020;8;MERCATO SARACENO;831;0831;CESENA;0;6.997
40022;8;MODIGLIANA;834;0834;MODIGLIANA;1;4.726
40028;8;MONTIANO;831;0831;CESENA;0;1.701
40031;8;PORTICO E SAN BENEDETTO;833;0833;FORLÌ;0;769
40032;8;PREDAPPIO;833;0833;FORLÌ;0;6.519
40033;8;PREMILCUORE;835;0835;SANTA SOFIA;0;803
40036;8;ROCCA SAN CASCIANO;833;0833;FORLÌ;0;2.000
40037;8;RONCOFREDDO;831;0831;CESENA;0;3.395
40041;8;SAN MAURO PASCOLI;832;0832;CESENATICO;0;11.090
40043;8;SANTA SOFIA;835;0835;SANTA SOFIA;1;4.193
40044;8;SARSINA;831;0831;CESENA;0;3.602
40045;8;SAVIGNANO SUL RUBICONE;832;0832;CESENATICO;0;17.521
40046;8;SOGLIANO AL RUBICONE;831;0831;CESENA;0;3.251
40049;8;TREDOZIO;834;0834;MODIGLIANA;0;1.259
40050;8;VERGHERETO;830;0830;BAGNO DI ROMAGNA;0;1.974
99001;8;BELLARIA-IGEA MARINA;832;0832;CESENATICO;0;18.591
99002;8;CATTOLICA;836;0836;CATTOLICA;1;16.550
99003;8;CORIANO;838;0838;RIMINI;0;10.028
99004;8;GEMMANO;837;0837;RICCIONE;0;1.152
99005;8;MISANO ADRIATICO;837;0837;RICCIONE;0;12.252
99006;8;MONDAINO;836;0836;CATTOLICA;0;1.441
99007;8;MONTE COLOMBO;837;0837;RICCIONE;0;3.355
99008;8;MONTEFIORE CONCA;836;0836;CATTOLICA;0;2.195
99009;8;MONTEGRIDOLFO;1104;1104;PESARO;0;1.029
99010;8;MONTESCUDO;838;0838;RIMINI;0;3.251
99011;8;MORCIANO DI ROMAGNA;836;0836;CATTOLICA;0;6.892
99012;8;POGGIO BERNI;838;0838;RIMINI;0;3.365
99013;8;RICCIONE;837;0837;RICCIONE;1;34.536
99014;8;RIMINI;838;0838;RIMINI;1;139.601
99015;8;SALUDECIO;836;0836;CATTOLICA;0;3.028
99016;8;SAN CLEMENTE;837;0837;RICCIONE;0;5.234
99017;8;SAN GIOVANNI IN MARIGNANO;836;0836;CATTOLICA;0;8.973
99018;8;SANTARCANGELO DI ROMAGNA;838;0838;RIMINI;0;20.839
99019;8;TORRIANA;838;0838;RIMINI;0;1.595
99020;8;VERUCCHIO;838;0838;RIMINI;0;9.960
99021;8;CASTELDELCI;839;0839;NOVAFELTRIA;0;445
99022;8;MAIOLO;839;0839;NOVAFELTRIA;0;848
99023;8;NOVAFELTRIA;839;0839;NOVAFELTRIA;1;7.282
99024;8;PENNABILLI;839;0839;NOVAFELTRIA;0;3.017
99025;8;SAN LEO;839;0839;NOVAFELTRIA;0;2.970
99026;8;SANT'AGATA FELTRIA;839;0839;NOVAFELTRIA;0;2.280
99027;8;TALAMELLO;839;0839;NOVAFELTRIA;0;1.060
45001;9;AULLA;713;0713;LA SPEZIA;0;11.284
45002;9;BAGNONE;903;0903;PONTREMOLI;0;1.926
45003;9;CARRARA;901;0901;CARRARA;1;64.689
45004;9;CASOLA IN LUNIGIANA;713;0713;LA SPEZIA;0;1.003
45005;9;COMANO;713;0713;LA SPEZIA;0;755
45006;9;FILATTIERA;903;0903;PONTREMOLI;0;2.361
45007;9;FIVIZZANO;713;0713;LA SPEZIA;0;8.267
45008;9;FOSDINOVO;713;0713;LA SPEZIA;0;4.971
45009;9;LICCIANA NARDI;713;0713;LA SPEZIA;0;4.955
45010;9;MASSA;902;0902;MASSA;1;68.856
45011;9;MONTIGNOSO;902;0902;MASSA;0;10.226
45012;9;MULAZZO;903;0903;PONTREMOLI;0;2.566
45013;9;PODENZANA;713;0713;LA SPEZIA;0;2.142
45014;9;PONTREMOLI;903;0903;PONTREMOLI;1;7.633
45015;9;TRESANA;713;0713;LA SPEZIA;0;2.085
45016;9;VILLAFRANCA IN LUNIGIANA;903;0903;PONTREMOLI;0;4.730
45017;9;ZERI;903;0903;PONTREMOLI;0;1.201
46001;9;ALTOPASCIO;909;0909;MONTECATINI-TERME;0;15.072
46002;9;BAGNI DI LUCCA;904;0904;BARGA;0;6.207
46003;9;BARGA;904;0904;BARGA;1;10.125
46004;9;BORGO A MOZZANO;904;0904;BARGA;0;7.227
46005;9;CAMAIORE;908;0908;VIAREGGIO;0;32.083
46006;9;CAMPORGIANO;905;0905;CASTELNUOVO DI GARFAGNANA;0;2.285
46007;9;CAPANNORI;906;0906;LUCCA;0;44.898
46008;9;CAREGGINE;905;0905;CASTELNUOVO DI GARFAGNANA;0;584
46009;9;CASTELNUOVO DI GARFAGNANA;905;0905;CASTELNUOVO DI GARFAGNANA;1;6.059
46010;9;CASTIGLIONE DI GARFAGNANA;905;0905;CASTELNUOVO DI GARFAGNANA;0;1.860
46011;9;COREGLIA ANTELMINELLI;904;0904;BARGA;0;5.232
46012;9;FABBRICHE DI VALLICO;904;0904;BARGA;0;492
46013;9;FORTE DEI MARMI;907;0907;PIETRASANTA;0;7.660
46014;9;FOSCIANDORA;905;0905;CASTELNUOVO DI GARFAGNANA;0;621
46015;9;GALLICANO;904;0904;BARGA;0;3.882
46016;9;GIUNCUGNANO;905;0905;CASTELNUOVO DI GARFAGNANA;0;469
46017;9;LUCCA;906;0906;LUCCA;1;87.200
46018;9;MASSAROSA;908;0908;VIAREGGIO;0;22.330
46019;9;MINUCCIANO;905;0905;CASTELNUOVO DI GARFAGNANA;0;2.221
46020;9;MOLAZZANA;904;0904;BARGA;0;1.127
46021;9;MONTECARLO;906;0906;LUCCA;0;4.454
46022;9;PESCAGLIA;906;0906;LUCCA;0;3.645
46023;9;PIAZZA AL SERCHIO;905;0905;CASTELNUOVO DI GARFAGNANA;0;2.458
46024;9;PIETRASANTA;907;0907;PIETRASANTA;1;24.179
46025;9;PIEVE FOSCIANA;905;0905;CASTELNUOVO DI GARFAGNANA;0;2.418
46026;9;PORCARI;906;0906;LUCCA;0;8.604
46027;9;SAN ROMANO IN GARFAGNANA;905;0905;CASTELNUOVO DI GARFAGNANA;0;1.459
46028;9;SERAVEZZA;907;0907;PIETRASANTA;0;13.238
46029;9;SILLANO;905;0905;CASTELNUOVO DI GARFAGNANA;0;681
46030;9;STAZZEMA;907;0907;PIETRASANTA;0;3.318
46031;9;VAGLI SOTTO;905;0905;CASTELNUOVO DI GARFAGNANA;0;991
46032;9;VERGEMOLI;904;0904;BARGA;0;328
46033;9;VIAREGGIO;908;0908;VIAREGGIO;1;61.857
46034;9;VILLA BASILICA;909;0909;MONTECATINI-TERME;0;1.700
46035;9;VILLA COLLEMANDINA;905;0905;CASTELNUOVO DI GARFAGNANA;0;1.363
47001;9;ABETONE;817;0817;PIEVEPELAGO;0;687
47002;9;AGLIANA;948;0948;PRATO;0;16.792
47003;9;BUGGIANO;909;0909;MONTECATINI-TERME;0;8.735
47004;9;CUTIGLIANO;911;0911;SAN MARCELLO PISTOIESE;0;1.561
47005;9;LAMPORECCHIO;909;0909;MONTECATINI-TERME;0;7.583
47006;9;LARCIANO;909;0909;MONTECATINI-TERME;0;6.418
47007;9;MARLIANA;910;0910;PISTOIA;0;3.201
47008;9;MASSA E COZZILE;909;0909;MONTECATINI-TERME;0;7.786
47009;9;MONSUMMANO TERME;909;0909;MONTECATINI-TERME;0;20.767
47010;9;MONTALE;948;0948;PRATO;0;10.682
47011;9;MONTECATINI-TERME;909;0909;MONTECATINI-TERME;1;19.674
47012;9;PESCIA;909;0909;MONTECATINI-TERME;0;19.435
47013;9;PIEVE A NIEVOLE;909;0909;MONTECATINI-TERME;0;9.460
47014;9;PISTOIA;910;0910;PISTOIA;1;89.101
47015;9;PITEGLIO;911;0911;SAN MARCELLO PISTOIESE;0;1.797
47016;9;PONTE BUGGIANESE;909;0909;MONTECATINI-TERME;0;8.771
47017;9;QUARRATA;910;0910;PISTOIA;0;25.378
47018;9;SAMBUCA PISTOIESE;821;0821;GAGGIO MONTANO;0;1.680
47019;9;SAN MARCELLO PISTOIESE;911;0911;SAN MARCELLO PISTOIESE;1;6.672
47020;9;SERRAVALLE PISTOIESE;910;0910;PISTOIA;0;11.517
47021;9;UZZANO;909;0909;MONTECATINI-TERME;0;5.690
47022;9;CHIESINA UZZANESE;909;0909;MONTECATINI-TERME;0;4.479
48001;9;BAGNO A RIPOLI;915;0915;FIRENZE;0;25.403
48002;9;BARBERINO DI MUGELLO;912;0912;BORGO SAN LORENZO;0;10.461
48003;9;BARBERINO VAL D'ELSA;938;0938;POGGIBONSI;0;4.351
48004;9;BORGO SAN LORENZO;912;0912;BORGO SAN LORENZO;1;17.854
48005;9;CALENZANO;915;0915;FIRENZE;0;16.637
48006;9;CAMPI BISENZIO;915;0915;FIRENZE;0;42.929
48008;9;CAPRAIA E LIMITE;914;0914;EMPOLI;0;7.298
48010;9;CASTELFIORENTINO;913;0913;CASTELFIORENTINO;1;17.489
48011;9;CERRETO GUIDI;914;0914;EMPOLI;0;10.364
48012;9;CERTALDO;913;0913;CASTELFIORENTINO;0;15.935
48013;9;DICOMANO;912;0912;BORGO SAN LORENZO;0;5.670
48014;9;EMPOLI;914;0914;EMPOLI;1;46.541
48015;9;FIESOLE;915;0915;FIRENZE;0;13.990
48016;9;FIGLINE VALDARNO;932;0932;MONTEVARCHI;0;16.800
48017;9;FIRENZE;915;0915;FIRENZE;1;358.079
48018;9;FIRENZUOLA;916;0916;FIRENZUOLA;1;4.828
48019;9;FUCECCHIO;927;0927;SAN MINIATO;0;22.785
48020;9;GAMBASSI TERME;913;0913;CASTELFIORENTINO;0;4.900
48021;9;GREVE IN CHIANTI;915;0915;FIRENZE;0;13.886
48022;9;IMPRUNETA;915;0915;FIRENZE;0;14.667
48023;9;INCISA IN VAL D'ARNO;932;0932;MONTEVARCHI;0;6.324
48024;9;LASTRA A SIGNA;915;0915;FIRENZE;0;18.960
48025;9;LONDA;915;0915;FIRENZE;0;1.827
48026;9;MARRADI;827;0827;FAENZA;0;3.257
48027;9;MONTAIONE;913;0913;CASTELFIORENTINO;0;3.776
48028;9;MONTELUPO FIORENTINO;914;0914;EMPOLI;0;13.653
48030;9;MONTESPERTOLI;914;0914;EMPOLI;0;13.195
48031;9;PALAZZUOLO SUL SENIO;916;0916;FIRENZUOLA;0;1.188
48032;9;PELAGO;915;0915;FIRENZE;0;7.509
48033;9;PONTASSIEVE;915;0915;FIRENZE;0;20.529
48035;9;REGGELLO;932;0932;MONTEVARCHI;0;16.076
48036;9;RIGNANO SULL'ARNO;915;0915;FIRENZE;0;8.600
48037;9;RUFINA;915;0915;FIRENZE;0;7.382
48038;9;SAN CASCIANO IN VAL DI PESA;915;0915;FIRENZE;0;16.883
48039;9;SAN GODENZO;912;0912;BORGO SAN LORENZO;0;1.231
48040;9;SAN PIERO A SIEVE;912;0912;BORGO SAN LORENZO;0;4.240
48041;9;SCANDICCI;915;0915;FIRENZE;0;49.765
48042;9;SCARPERIA;912;0912;BORGO SAN LORENZO;0;7.728
48043;9;SESTO FIORENTINO;915;0915;FIRENZE;0;47.742
48044;9;SIGNA;915;0915;FIRENZE;0;17.451
48045;9;TAVARNELLE VAL DI PESA;938;0938;POGGIBONSI;0;7.675
48046;9;VAGLIA;915;0915;FIRENZE;0;5.065
48049;9;VICCHIO;912;0912;BORGO SAN LORENZO;0;8.117
48050;9;VINCI;914;0914;EMPOLI;0;14.105
49001;9;BIBBONA;918;0918;CECINA;0;3.209
49002;9;CAMPIGLIA MARITTIMA;921;0921;PIOMBINO;0;13.220
49003;9;CAMPO NELL'ELBA;922;0922;PORTOFERRAIO;0;4.553
49004;9;CAPOLIVERI;922;0922;PORTOFERRAIO;0;3.763
49005;9;CAPRAIA ISOLA;919;0919;LIVORNO;0;394
49006;9;CASTAGNETO CARDUCCI;917;0917;CASTAGNETO CARDUCCI;1;8.462
49007;9;CECINA;918;0918;CECINA;1;27.992
49008;9;COLLESALVETTI;919;0919;LIVORNO;0;16.707
49009;9;LIVORNO;919;0919;LIVORNO;1;157.052
49010;9;MARCIANA;920;0920;MARCIANA MARINA;0;2.208
49011;9;MARCIANA MARINA;920;0920;MARCIANA MARINA;1;1.946
49012;9;PIOMBINO;921;0921;PIOMBINO;1;34.419
49013;9;PORTO AZZURRO;922;0922;PORTOFERRAIO;0;3.826
49014;9;PORTOFERRAIO;922;0922;PORTOFERRAIO;1;11.641
49015;9;RIO MARINA;922;0922;PORTOFERRAIO;0;2.235
49016;9;RIO NELL'ELBA;922;0922;PORTOFERRAIO;0;1.170
49017;9;ROSIGNANO MARITTIMO;923;0923;ROSIGNANO MARITTIMO;1;31.752
49018;9;SAN VINCENZO;921;0921;PIOMBINO;0;7.023
49019;9;SASSETTA;917;0917;CASTAGNETO CARDUCCI;0;533
49020;9;SUVERETO;921;0921;PIOMBINO;0;3.142
50001;9;BIENTINA;926;0926;PONTEDERA;0;7.766
50002;9;BUTI;926;0926;PONTEDERA;0;5.773
50003;9;CALCI;924;0924;PISA;0;6.409
50004;9;CALCINAIA;926;0926;PONTEDERA;0;11.684
50005;9;CAPANNOLI;926;0926;PONTEDERA;0;6.213
50006;9;CASALE MARITTIMO;918;0918;CECINA;0;1.084
50007;9;CASCIANA TERME;926;0926;PONTEDERA;0;3.628
50008;9;CASCINA;924;0924;PISA;0;43.833
50009;9;CASTELFRANCO DI SOTTO;927;0927;SAN MINIATO;0;12.904
50010;9;CASTELLINA MARITTIMA;923;0923;ROSIGNANO MARITTIMO;0;1.985
50011;9;CASTELNUOVO DI VAL DI CECINA;925;0925;POMARANCE;0;2.290
50012;9;CHIANNI;926;0926;PONTEDERA;0;1.457
50013;9;CRESPINA;926;0926;PONTEDERA;0;4.124
50014;9;FAUGLIA;919;0919;LIVORNO;0;3.592
50015;9;GUARDISTALLO;918;0918;CECINA;0;1.254
50016;9;LAJATICO;926;0926;PONTEDERA;0;1.376
50017;9;LARI;926;0926;PONTEDERA;0;8.738
50018;9;LORENZANA;919;0919;LIVORNO;0;1.201
50019;9;MONTECATINI VAL DI CECINA;928;0928;VOLTERRA;0;1.820
50020;9;MONTESCUDAIO;918;0918;CECINA;0;1.958
50021;9;MONTEVERDI MARITTIMO;925;0925;POMARANCE;0;778
50022;9;MONTOPOLI IN VAL D'ARNO;927;0927;SAN MINIATO;0;11.167
50023;9;ORCIANO PISANO;923;0923;ROSIGNANO MARITTIMO;0;635
50024;9;PALAIA;926;0926;PONTEDERA;0;4.572
50025;9;PECCIOLI;926;0926;PONTEDERA;0;4.939
50026;9;PISA;924;0924;PISA;1;85.858
50027;9;POMARANCE;925;0925;POMARANCE;1;5.845
50028;9;PONSACCO;926;0926;PONTEDERA;0;15.237
50029;9;PONTEDERA;926;0926;PONTEDERA;1;28.061
50030;9;RIPARBELLA;918;0918;CECINA;0;1.631
50031;9;SAN GIULIANO TERME;924;0924;PISA;0;31.103
50032;9;SAN MINIATO;927;0927;SAN MINIATO;1;27.585
50033;9;SANTA CROCE SULL'ARNO;927;0927;SAN MINIATO;0;14.061
50034;9;SANTA LUCE;923;0923;ROSIGNANO MARITTIMO;0;1.737
50035;9;SANTA MARIA A MONTE;927;0927;SAN MINIATO;0;12.847
50036;9;TERRICCIOLA;926;0926;PONTEDERA;0;4.511
50037;9;VECCHIANO;924;0924;PISA;0;12.366
50038;9;VICOPISANO;926;0926;PONTEDERA;0;8.479
50039;9;VOLTERRA;928;0928;VOLTERRA;1;10.689
51001;9;ANGHIARI;933;0933;SANSEPOLCRO;0;5.672
51002;9;AREZZO;929;0929;AREZZO;1;98.144
51003;9;BADIA TEDALDA;839;0839;NOVAFELTRIA;0;1.091
51004;9;BIBBIENA;930;0930;BIBBIENA;1;12.284
51005;9;BUCINE;932;0932;MONTEVARCHI;0;10.033
51006;9;CAPOLONA;929;0929;AREZZO;0;5.428
51007;9;CAPRESE MICHELANGELO;933;0933;SANSEPOLCRO;0;1.516
51008;9;CASTEL FOCOGNANO;930;0930;BIBBIENA;0;3.239
51009;9;CASTELFRANCO DI SOPRA;932;0932;MONTEVARCHI;0;3.066
51010;9;CASTEL SAN NICCOLÒ;930;0930;BIBBIENA;0;2.739
51011;9;CASTIGLION FIBOCCHI;929;0929;AREZZO;0;2.218
51012;9;CASTIGLION FIORENTINO;931;0931;CORTONA;0;13.166
51013;9;CAVRIGLIA;932;0932;MONTEVARCHI;0;9.458
51014;9;CHITIGNANO;930;0930;BIBBIENA;0;933
51015;9;CHIUSI DELLA VERNA;930;0930;BIBBIENA;0;2.058
51016;9;CIVITELLA IN VAL DI CHIANA;929;0929;AREZZO;0;9.111
51017;9;CORTONA;931;0931;CORTONA;1;22.495
51018;9;FOIANO DELLA CHIANA;940;0940;SINALUNGA;0;9.348
51019;9;LATERINA;932;0932;MONTEVARCHI;0;3.541
51020;9;LORO CIUFFENNA;932;0932;MONTEVARCHI;0;5.892
51021;9;LUCIGNANO;940;0940;SINALUNGA;0;3.615
51022;9;MARCIANO DELLA CHIANA;940;0940;SINALUNGA;0;3.422
51023;9;MONTEMIGNAIO;930;0930;BIBBIENA;0;576
51024;9;MONTERCHI;933;0933;SANSEPOLCRO;0;1.822
51025;9;MONTE SAN SAVINO;929;0929;AREZZO;0;8.743
51026;9;MONTEVARCHI;932;0932;MONTEVARCHI;1;23.971
51027;9;ORTIGNANO RAGGIOLO;930;0930;BIBBIENA;0;878
51028;9;PERGINE VALDARNO;932;0932;MONTEVARCHI;0;3.218
51029;9;PIAN DI SCO;932;0932;MONTEVARCHI;0;6.452
51030;9;PIEVE SANTO STEFANO;933;0933;SANSEPOLCRO;0;3.190
51031;9;POPPI;930;0930;BIBBIENA;0;6.196
51032;9;PRATOVECCHIO;930;0930;BIBBIENA;0;3.107
51033;9;SAN GIOVANNI VALDARNO;932;0932;MONTEVARCHI;0;16.890
51034;9;SANSEPOLCRO;933;0933;SANSEPOLCRO;1;16.108
51035;9;SESTINO;1105;1105;SASSOCORVARO;0;1.421
51036;9;STIA;930;0930;BIBBIENA;0;2.904
51037;9;SUBBIANO;929;0929;AREZZO;0;6.299
51038;9;TALLA;930;0930;BIBBIENA;0;1.130
51039;9;TERRANUOVA BRACCIOLINI;932;0932;MONTEVARCHI;0;12.302
52001;9;ABBADIA SAN SALVATORE;937;0937;PIANCASTAGNAIO;0;6.557
52002;9;ASCIANO;939;0939;SIENA;0;7.228
52003;9;BUONCONVENTO;935;0935;MONTALCINO;0;3.182
52004;9;CASOLE D'ELSA;938;0938;POGGIBONSI;0;3.886
52005;9;CASTELLINA IN CHIANTI;938;0938;POGGIBONSI;0;2.863
52006;9;CASTELNUOVO BERARDENGA;939;0939;SIENA;0;8.787
52007;9;CASTIGLIONE D'ORCIA;937;0937;PIANCASTAGNAIO;0;2.453
52008;9;CETONA;934;0934;CHIUSI;0;2.845
52009;9;CHIANCIANO TERME;936;0936;MONTEPULCIANO;0;7.058
52010;9;CHIUSDINO;939;0939;SIENA;0;1.877
52011;9;CHIUSI;934;0934;CHIUSI;1;8.836
52012;9;COLLE DI VAL D'ELSA;938;0938;POGGIBONSI;0;21.256
52013;9;GAIOLE IN CHIANTI;939;0939;SIENA;0;2.758
52014;9;MONTALCINO;935;0935;MONTALCINO;1;5.145
52015;9;MONTEPULCIANO;936;0936;MONTEPULCIANO;1;14.237
52016;9;MONTERIGGIONI;939;0939;SIENA;0;9.264
52017;9;MONTERONI D'ARBIA;939;0939;SIENA;0;8.744
52018;9;MONTICIANO;939;0939;SIENA;0;1.505
52019;9;MURLO;939;0939;SIENA;0;2.388
52020;9;PIANCASTAGNAIO;937;0937;PIANCASTAGNAIO;1;4.176
52021;9;PIENZA;936;0936;MONTEPULCIANO;0;2.141
52022;9;POGGIBONSI;938;0938;POGGIBONSI;1;28.952
52023;9;RADDA IN CHIANTI;939;0939;SIENA;0;1.693
52024;9;RADICOFANI;937;0937;PIANCASTAGNAIO;0;1.151
52025;9;RADICONDOLI;938;0938;POGGIBONSI;0;931
52026;9;RAPOLANO TERME;939;0939;SIENA;0;5.129
52027;9;SAN CASCIANO DEI BAGNI;934;0934;CHIUSI;0;1.637
52028;9;SAN GIMIGNANO;938;0938;POGGIBONSI;0;7.677
52029;9;SAN GIOVANNI D'ASSO;935;0935;MONTALCINO;0;898
52030;9;SAN QUIRICO D'ORCIA;935;0935;MONTALCINO;0;2.680
52031;9;SARTEANO;936;0936;MONTEPULCIANO;0;4.741
52032;9;SIENA;939;0939;SIENA;1;52.839
52033;9;SINALUNGA;940;0940;SINALUNGA;1;12.476
52034;9;SOVICILLE;939;0939;SIENA;0;9.935
52035;9;TORRITA DI SIENA;940;0940;SINALUNGA;0;7.357
52036;9;TREQUANDA;940;0940;SINALUNGA;0;1.339
53001;9;ARCIDOSSO;941;0941;CASTEL DEL PIANO;0;4.313
53002;9;CAMPAGNATICO;943;0943;GROSSETO;0;2.498
53003;9;CAPALBIO;946;0946;ORBETELLO;0;4.066
53004;9;CASTEL DEL PIANO;941;0941;CASTEL DEL PIANO;1;4.671
53005;9;CASTELL'AZZARA;947;0947;PITIGLIANO;0;1.601
53006;9;CASTIGLIONE DELLA PESCAIA;943;0943;GROSSETO;0;7.076
53007;9;CINIGIANO;935;0935;MONTALCINO;0;2.662
53008;9;CIVITELLA PAGANICO;935;0935;MONTALCINO;0;3.136
53009;9;FOLLONICA;942;0942;FOLLONICA;1;21.479
53010;9;GAVORRANO;942;0942;FOLLONICA;0;8.660
53011;9;GROSSETO;943;0943;GROSSETO;1;78.630
53012;9;ISOLA DEL GIGLIO;945;0945;MONTE ARGENTARIO;0;1.418
53013;9;MAGLIANO IN TOSCANA;946;0946;ORBETELLO;0;3.633
53014;9;MANCIANO;944;0944;MANCIANO;1;7.259
53015;9;MASSA MARITTIMA;942;0942;FOLLONICA;0;8.614
53016;9;MONTE ARGENTARIO;945;0945;MONTE ARGENTARIO;1;12.556
53017;9;MONTIERI;942;0942;FOLLONICA;0;1.147
53018;9;ORBETELLO;946;0946;ORBETELLO;1;14.705
53019;9;PITIGLIANO;947;0947;PITIGLIANO;1;3.870
53020;9;ROCCALBEGNA;941;0941;CASTEL DEL PIANO;0;1.099
53021;9;ROCCASTRADA;943;0943;GROSSETO;0;9.378
53022;9;SANTA FIORA;941;0941;CASTEL DEL PIANO;0;2.702
53023;9;SCANSANO;943;0943;GROSSETO;0;4.534
53024;9;SCARLINO;942;0942;FOLLONICA;0;3.699
53025;9;SEGGIANO;941;0941;CASTEL DEL PIANO;0;1.004
53026;9;SORANO;947;0947;PITIGLIANO;0;3.596
53027;9;MONTEROTONDO MARITTIMO;925;0925;POMARANCE;0;1.414
53028;9;SEMPRONIANO;944;0944;MANCIANO;0;1.144
100001;9;CANTAGALLO;948;0948;PRATO;0;3.102
100002;9;CARMIGNANO;948;0948;PRATO;0;13.991
100003;9;MONTEMURLO;948;0948;PRATO;0;17.908
100004;9;POGGIO A CAIANO;948;0948;PRATO;0;9.626
100005;9;PRATO;948;0948;PRATO;1;185.456
100006;9;VAIANO;948;0948;PRATO;0;9.821
100007;9;VERNIO;948;0948;PRATO;0;6.012
54001;10;ASSISI;1001;1001;ASSISI;1;27.377
54002;10;BASTIA UMBRA;1001;1001;ASSISI;0;21.653
54003;10;BETTONA;1001;1001;ASSISI;0;4.302
54004;10;BEVAGNA;1005;1005;FOLIGNO;0;5.074
54005;10;CAMPELLO SUL CLITUNNO;1010;1010;SPOLETO;0;2.500
54006;10;CANNARA;1001;1001;ASSISI;0;4.308
54007;10;CASCIA;1002;1002;CASCIA;1;3.248
54008;10;CASTEL RITALDI;1010;1010;SPOLETO;0;3.319
54009;10;CASTIGLIONE DEL LAGO;1003;1003;CASTIGLIONE DEL LAGO;1;15.422
54010;10;CERRETO DI SPOLETO;1008;1008;NORCIA;0;1.122
54011;10;CITERNA;1004;1004;CITTÀ DI CASTELLO;0;3.458
54012;10;CITTÀ DELLA PIEVE;934;0934;CHIUSI;0;7.803
54013;10;CITTÀ DI CASTELLO;1004;1004;CITTÀ DI CASTELLO;1;40.064
54014;10;COLLAZZONE;1011;1011;TODI;0;3.578
54015;10;CORCIANO;1009;1009;PERUGIA;0;20.255
54016;10;COSTACCIARO;1006;1006;GUALDO TADINO;0;1.283
54017;10;DERUTA;1009;1009;PERUGIA;0;9.456
54018;10;FOLIGNO;1005;1005;FOLIGNO;1;56.045
54019;10;FOSSATO DI VICO;1006;1006;GUALDO TADINO;0;2.817
54020;10;FRATTA TODINA;1011;1011;TODI;0;1.840
54021;10;GIANO DELL'UMBRIA;1011;1011;TODI;0;3.816
54022;10;GUALDO CATTANEO;1011;1011;TODI;0;6.278
54023;10;GUALDO TADINO;1006;1006;GUALDO TADINO;1;15.453
54024;10;GUBBIO;1007;1007;GUBBIO;1;32.432
54025;10;LISCIANO NICCONE;931;0931;CORTONA;0;624
54026;10;MAGIONE;1009;1009;PERUGIA;0;14.589
54027;10;MARSCIANO;1009;1009;PERUGIA;0;18.701
54028;10;MASSA MARTANA;1011;1011;TODI;0;3.822
54029;10;MONTE CASTELLO DI VIBIO;1011;1011;TODI;0;1.620
54030;10;MONTEFALCO;1005;1005;FOLIGNO;0;5.691
54031;10;MONTELEONE DI SPOLETO;1002;1002;CASCIA;0;626
54032;10;MONTE SANTA MARIA TIBERINA;1004;1004;CITTÀ DI CASTELLO;0;1.216
54033;10;MONTONE;1012;1012;UMBERTIDE;0;1.663
54034;10;NOCERA UMBRA;1006;1006;GUALDO TADINO;0;5.953
54035;10;NORCIA;1008;1008;NORCIA;1;4.915
54036;10;PACIANO;934;0934;CHIUSI;0;982
54037;10;PANICALE;1003;1003;CASTIGLIONE DEL LAGO;0;5.734
54038;10;PASSIGNANO SUL TRASIMENO;1009;1009;PERUGIA;0;5.522
54039;10;PERUGIA;1009;1009;PERUGIA;1;162.449
54040;10;PIEGARO;1003;1003;CASTIGLIONE DEL LAGO;0;3.799
54041;10;PIETRALUNGA;1012;1012;UMBERTIDE;0;2.182
54042;10;POGGIODOMO;1002;1002;CASCIA;0;135
54043;10;PRECI;1008;1008;NORCIA;0;757
54044;10;SAN GIUSTINO;1004;1004;CITTÀ DI CASTELLO;0;11.337
54045;10;SANT'ANATOLIA DI NARCO;1010;1010;SPOLETO;0;558
54046;10;SCHEGGIA E PASCELUPO;1007;1007;GUBBIO;0;1.442
54047;10;SCHEGGINO;1010;1010;SPOLETO;0;481
54048;10;SELLANO;1008;1008;NORCIA;0;1.140
54049;10;SIGILLO;1006;1006;GUALDO TADINO;0;2.468
54050;10;SPELLO;1005;1005;FOLIGNO;0;8.631
54051;10;SPOLETO;1010;1010;SPOLETO;1;38.429
54052;10;TODI;1011;1011;TODI;1;16.900
54053;10;TORGIANO;1009;1009;PERUGIA;0;6.520
54054;10;TREVI;1005;1005;FOLIGNO;0;8.335
54055;10;TUORO SUL TRASIMENO;1009;1009;PERUGIA;0;3.850
54056;10;UMBERTIDE;1012;1012;UMBERTIDE;1;16.481
54057;10;VALFABBRICA;1006;1006;GUALDO TADINO;0;3.502
54058;10;VALLO DI NERA;1010;1010;SPOLETO;0;401
54059;10;VALTOPINA;1005;1005;FOLIGNO;0;1.486
55001;10;ACQUASPARTA;1014;1014;TERNI;0;4.929
55002;10;ALLERONA;1013;1013;ORVIETO;0;1.859
55003;10;ALVIANO;1013;1013;ORVIETO;0;1.514
55004;10;AMELIA;1014;1014;TERNI;0;11.781
55005;10;ARRONE;1014;1014;TERNI;0;2.839
55006;10;ATTIGLIANO;1205;1205;VITERBO;0;1.917
55007;10;BASCHI;1013;1013;ORVIETO;0;2.803
55008;10;CALVI DELL'UMBRIA;1014;1014;TERNI;0;1.883
55009;10;CASTEL GIORGIO;1013;1013;ORVIETO;0;2.178
55010;10;CASTEL VISCARDO;1013;1013;ORVIETO;0;3.028
55011;10;FABRO;934;0934;CHIUSI;0;2.906
55012;10;FERENTILLO;1014;1014;TERNI;0;1.963
55013;10;FICULLE;934;0934;CHIUSI;0;1.695
55014;10;GIOVE;1014;1014;TERNI;0;1.900
55015;10;GUARDEA;1013;1013;ORVIETO;0;1.863
55016;10;LUGNANO IN TEVERINA;1014;1014;TERNI;0;1.539
55017;10;MONTECASTRILLI;1014;1014;TERNI;0;5.190
55018;10;MONTECCHIO;1013;1013;ORVIETO;0;1.723
55019;10;MONTEFRANCO;1014;1014;TERNI;0;1.289
55020;10;MONTEGABBIONE;934;0934;CHIUSI;0;1.235
55021;10;MONTELEONE D'ORVIETO;934;0934;CHIUSI;0;1.559
55022;10;NARNI;1014;1014;TERNI;0;20.054
55023;10;ORVIETO;1013;1013;ORVIETO;1;21.064
55024;10;OTRICOLI;1014;1014;TERNI;0;1.915
55025;10;PARRANO;934;0934;CHIUSI;0;590
55026;10;PENNA IN TEVERINA;1014;1014;TERNI;0;1.056
55027;10;POLINO;1014;1014;TERNI;0;246
55028;10;PORANO;1013;1013;ORVIETO;0;1.989
55029;10;SAN GEMINI;1014;1014;TERNI;0;4.921
55030;10;SAN VENANZO;1009;1009;PERUGIA;0;2.311
55031;10;STRONCONE;1014;1014;TERNI;0;4.924
55032;10;TERNI;1014;1014;TERNI;1;109.193
55033;10;AVIGLIANO UMBRO;1014;1014;TERNI;0;2.568
41001;11;ACQUALAGNA;1101;1101;CAGLI;0;4.496
41002;11;APECCHIO;1101;1101;CAGLI;0;2.013
41003;11;AUDITORE;1105;1105;SASSOCORVARO;0;1.624
41004;11;BARCHI;1103;1103;PERGOLA;0;1.001
41005;11;BELFORTE ALL'ISAURO;1105;1105;SASSOCORVARO;0;788
41006;11;BORGO PACE;1106;1106;URBANIA;0;643
41007;11;CAGLI;1101;1101;CAGLI;1;9.013
41008;11;CANTIANO;1101;1101;CAGLI;0;2.356
41009;11;CARPEGNA;1105;1105;SASSOCORVARO;0;1.670
41010;11;CARTOCETO;1102;1102;FANO;0;7.850
41012;11;COLBORDOLO;1104;1104;PESARO;0;6.175
41013;11;FANO;1102;1102;FANO;1;62.901
41014;11;FERMIGNANO;1107;1107;URBINO;0;8.615
41015;11;FOSSOMBRONE;1102;1102;FANO;0;9.858
41016;11;FRATTE ROSA;1103;1103;PERGOLA;0;1.017
41017;11;FRONTINO;1105;1105;SASSOCORVARO;0;313
41018;11;FRONTONE;1101;1101;CAGLI;0;1.348
41019;11;GABICCE MARE;836;0836;CATTOLICA;0;5.845
41020;11;GRADARA;836;0836;CATTOLICA;0;4.758
41021;11;ISOLA DEL PIANO;1102;1102;FANO;0;635
41022;11;LUNANO;1105;1105;SASSOCORVARO;0;1.528
41023;11;MACERATA FELTRIA;1105;1105;SASSOCORVARO;0;2.072
41025;11;MERCATELLO SUL METAURO;1106;1106;URBANIA;0;1.437
41026;11;MERCATINO CONCA;837;0837;RICCIONE;0;1.108
41027;11;MOMBAROCCIO;1104;1104;PESARO;0;2.134
41028;11;MONDAVIO;1103;1103;PERGOLA;0;3.929
41029;11;MONDOLFO;1112;1112;SENIGALLIA;0;11.735
41030;11;MONTECALVO IN FOGLIA;1107;1107;URBINO;0;2.700
41031;11;MONTE CERIGNONE;1105;1105;SASSOCORVARO;0;678
41032;11;MONTECICCARDO;1104;1104;PESARO;0;1.686
41033;11;MONTECOPIOLO;1105;1105;SASSOCORVARO;0;1.175
41034;11;MONTEFELCINO;1102;1102;FANO;0;2.726
41035;11;MONTE GRIMANO TERME;1105;1105;SASSOCORVARO;0;1.166
41036;11;MONTELABBATE;1104;1104;PESARO;0;6.719
41037;11;MONTEMAGGIORE AL METAURO;1102;1102;FANO;0;2.812
41038;11;MONTE PORZIO;1112;1112;SENIGALLIA;0;2.802
41040;11;ORCIANO DI PESARO;1103;1103;PERGOLA;0;2.157
41041;11;PEGLIO;1106;1106;URBANIA;0;735
41043;11;PERGOLA;1103;1103;PERGOLA;1;6.555
41044;11;PESARO;1104;1104;PESARO;1;94.237
41045;11;PETRIANO;1107;1107;URBINO;0;2.814
41046;11;PIAGGE;1102;1102;FANO;0;1.018
41047;11;PIANDIMELETO;1105;1105;SASSOCORVARO;0;2.146
41048;11;PIETRARUBBIA;1105;1105;SASSOCORVARO;0;689
41049;11;PIOBBICO;1101;1101;CAGLI;0;2.109
41050;11;SALTARA;1102;1102;FANO;0;6.772
41051;11;SAN COSTANZO;1102;1102;FANO;0;4.841
41052;11;SAN GIORGIO DI PESARO;1102;1102;FANO;0;1.448
41054;11;SAN LORENZO IN CAMPO;1103;1103;PERGOLA;0;3.496
41056;11;SANT'ANGELO IN LIZZOLA;1104;1104;PESARO;0;8.639
41057;11;SANT'ANGELO IN VADO;1106;1106;URBANIA;0;4.107
41058;11;SANT'IPPOLITO;1102;1102;FANO;0;1.574
41059;11;SASSOCORVARO;1105;1105;SASSOCORVARO;1;3.456
41060;11;SASSOFELTRIO;837;0837;RICCIONE;0;1.445
41061;11;SERRA SANT'ABBONDIO;1101;1101;CAGLI;0;1.099
41062;11;SERRUNGARINA;1102;1102;FANO;0;2.582
41064;11;TAVOLETO;1105;1105;SASSOCORVARO;0;894
41065;11;TAVULLIA;1104;1104;PESARO;0;7.866
41066;11;URBANIA;1106;1106;URBANIA;1;7.077
41067;11;URBINO;1107;1107;URBINO;1;15.501
42001;11;AGUGLIANO;1108;1108;ANCONA;0;4.870
42002;11;ANCONA;1108;1108;ANCONA;1;100.497
42003;11;ARCEVIA;1103;1103;PERGOLA;0;4.914
42004;11;BARBARA;1103;1103;PERGOLA;0;1.408
42005;11;BELVEDERE OSTRENSE;1110;1110;JESI;0;2.288
42006;11;CAMERANO;1108;1108;ANCONA;0;7.213
42007;11;CAMERATA PICENA;1108;1108;ANCONA;0;2.419
42008;11;CASTELBELLINO;1110;1110;JESI;0;4.763
42009;11;CASTEL COLONNA;1112;1112;SENIGALLIA;0;1.039
42010;11;CASTELFIDARDO;1116;1116;RECANATI;0;18.645
42011;11;CASTELLEONE DI SUASA;1103;1103;PERGOLA;0;1.702
42012;11;CASTELPLANIO;1110;1110;JESI;0;3.482
42013;11;CERRETO D'ESI;1109;1109;FABRIANO;0;3.967
42014;11;CHIARAVALLE;1108;1108;ANCONA;0;14.858
42015;11;CORINALDO;1112;1112;SENIGALLIA;0;5.106
42016;11;CUPRAMONTANA;1110;1110;JESI;0;4.838
42017;11;FABRIANO;1109;1109;FABRIANO;1;31.020
42018;11;FALCONARA MARITTIMA;1108;1108;ANCONA;0;26.710
42019;11;FILOTTRANO;1111;1111;OSIMO;0;9.622
42020;11;GENGA;1109;1109;FABRIANO;0;1.875
42021;11;JESI;1110;1110;JESI;1;40.303
42022;11;LORETO;1116;1116;RECANATI;0;12.533
42023;11;MAIOLATI SPONTINI;1110;1110;JESI;0;6.175
42024;11;MERGO;1110;1110;JESI;0;1.083
42025;11;MONSANO;1110;1110;JESI;0;3.353
42026;11;MONTECAROTTO;1103;1103;PERGOLA;0;2.080
42027;11;MONTEMARCIANO;1108;1108;ANCONA;0;10.110
42028;11;MONTERADO;1112;1112;SENIGALLIA;0;2.137
42029;11;MONTE ROBERTO;1110;1110;JESI;0;3.026
42030;11;MONTE SAN VITO;1108;1108;ANCONA;0;6.706
42031;11;MORRO D'ALBA;1110;1110;JESI;0;1.977
42032;11;NUMANA;1116;1116;RECANATI;0;3.716
42033;11;OFFAGNA;1111;1111;OSIMO;0;1.880
42034;11;OSIMO;1111;1111;OSIMO;1;33.991
42035;11;OSTRA;1112;1112;SENIGALLIA;0;6.743
42036;11;OSTRA VETERE;1112;1112;SENIGALLIA;0;3.471
42037;11;POGGIO SAN MARCELLO;1110;1110;JESI;0;731
42038;11;POLVERIGI;1108;1108;ANCONA;0;4.327
42039;11;RIPE;1112;1112;SENIGALLIA;0;4.401
42040;11;ROSORA;1110;1110;JESI;0;1.988
42041;11;SAN MARCELLO;1110;1110;JESI;0;2.069
42042;11;SAN PAOLO DI JESI;1110;1110;JESI;0;902
42043;11;SANTA MARIA NUOVA;1110;1110;JESI;0;4.199
42044;11;SASSOFERRATO;1109;1109;FABRIANO;0;7.532
42045;11;SENIGALLIA;1112;1112;SENIGALLIA;1;44.361
42046;11;SERRA DE' CONTI;1103;1103;PERGOLA;0;3.722
42047;11;SERRA SAN QUIRICO;1110;1110;JESI;0;2.967
42048;11;SIROLO;1116;1116;RECANATI;0;3.856
42049;11;STAFFOLO;1110;1110;JESI;0;2.290
43001;11;ACQUACANINA;1115;1115;MATELICA;0;122
43002;11;APIRO;1110;1110;JESI;0;2.421
43003;11;APPIGNANO;1114;1114;MACERATA;0;4.212
43004;11;BELFORTE DEL CHIENTI;1117;1117;TOLENTINO;0;1.860
43005;11;BOLOGNOLA;1115;1115;MATELICA;0;161
43006;11;CALDAROLA;1117;1117;TOLENTINO;0;1.839
43007;11;CAMERINO;1115;1115;MATELICA;0;6.902
43008;11;CAMPOROTONDO DI FIASTRONE;1117;1117;TOLENTINO;0;589
43009;11;CASTELRAIMONDO;1115;1115;MATELICA;0;4.741
43010;11;CASTELSANTANGELO SUL NERA;1118;1118;VISSO;0;310
43011;11;CESSAPALOMBO;1117;1117;TOLENTINO;0;546
43012;11;CINGOLI;1110;1110;JESI;0;10.509
43013;11;CIVITANOVA MARCHE;1113;1113;CIVITANOVA MARCHE;1;40.217
43014;11;COLMURANO;1114;1114;MACERATA;0;1.278
43015;11;CORRIDONIA;1114;1114;MACERATA;0;15.322
43016;11;ESANATOGLIA;1115;1115;MATELICA;0;2.147
43017;11;FIASTRA;1115;1115;MATELICA;0;578
43018;11;FIORDIMONTE;1115;1115;MATELICA;0;207
43019;11;FIUMINATA;1115;1115;MATELICA;0;1.497
43020;11;GAGLIOLE;1115;1115;MATELICA;0;655
43021;11;GUALDO;1117;1117;TOLENTINO;0;868
43022;11;LORO PICENO;1114;1114;MACERATA;0;2.481
43023;11;MACERATA;1114;1114;MACERATA;1;42.019
43024;11;MATELICA;1115;1115;MATELICA;1;10.178
43025;11;MOGLIANO;1114;1114;MACERATA;0;4.773
43026;11;MONTECASSIANO;1114;1114;MACERATA;0;7.185
43027;11;MONTE CAVALLO;1118;1118;VISSO;0;149
43028;11;MONTECOSARO;1113;1113;CIVITANOVA MARCHE;0;6.918
43029;11;MONTEFANO;1116;1116;RECANATI;0;3.555
43030;11;MONTELUPONE;1116;1116;RECANATI;0;3.658
43031;11;MONTE SAN GIUSTO;1124;1124;MONTEGRANARO;0;8.071
43032;11;MONTE SAN MARTINO;1123;1123;MONTEGIORGIO;0;792
43033;11;MORROVALLE;1113;1113;CIVITANOVA MARCHE;0;10.287
43034;11;MUCCIA;1115;1115;MATELICA;0;929
43035;11;PENNA SAN GIOVANNI;1123;1123;MONTEGIORGIO;0;1.154
43036;11;PETRIOLO;1114;1114;MACERATA;0;1.977
43037;11;PIEVEBOVIGLIANA;1115;1115;MATELICA;0;844
43038;11;PIEVE TORINA;1118;1118;VISSO;0;1.483
43039;11;PIORACO;1115;1115;MATELICA;0;1.250
43040;11;POGGIO SAN VICINO;1110;1110;JESI;0;297
43041;11;POLLENZA;1114;1114;MACERATA;0;6.583
43042;11;PORTO RECANATI;1116;1116;RECANATI;0;11.495
43043;11;POTENZA PICENA;1113;1113;CIVITANOVA MARCHE;0;15.843
43044;11;RECANATI;1116;1116;RECANATI;1;21.416
43045;11;RIPE SAN GINESIO;1117;1117;TOLENTINO;0;860
43046;11;SAN GINESIO;1117;1117;TOLENTINO;0;3.644
43047;11;SAN SEVERINO MARCHE;1114;1114;MACERATA;0;13.018
43048;11;SANT'ANGELO IN PONTANO;1117;1117;TOLENTINO;0;1.483
43049;11;SARNANO;1117;1117;TOLENTINO;0;3.367
43050;11;SEFRO;1115;1115;MATELICA;0;431
43051;11;SERRAPETRONA;1117;1117;TOLENTINO;0;1.008
43052;11;SERRAVALLE DI CHIENTI;1115;1115;MATELICA;0;1.085
43053;11;TOLENTINO;1117;1117;TOLENTINO;1;20.336
43054;11;TREIA;1114;1114;MACERATA;0;9.745
43055;11;URBISAGLIA;1114;1114;MACERATA;0;2.712
43056;11;USSITA;1118;1118;VISSO;0;420
43057;11;VISSO;1118;1118;VISSO;1;1.180
44001;11;ACQUASANTA TERME;1119;1119;ASCOLI PICENO;0;3.050
44002;11;ACQUAVIVA PICENA;1121;1121;SAN BENEDETTO DEL TRONTO;0;3.848
44005;11;APPIGNANO DEL TRONTO;1119;1119;ASCOLI PICENO;0;1.852
44006;11;ARQUATA DEL TRONTO;1119;1119;ASCOLI PICENO;0;1.287
44007;11;ASCOLI PICENO;1119;1119;ASCOLI PICENO;1;49.958
44010;11;CARASSAI;1122;1122;FERMO;0;1.116
44011;11;CASTEL DI LAMA;1119;1119;ASCOLI PICENO;0;8.470
44012;11;CASTIGNANO;1119;1119;ASCOLI PICENO;0;2.947
44013;11;CASTORANO;1119;1119;ASCOLI PICENO;0;2.322
44014;11;COLLI DEL TRONTO;1119;1119;ASCOLI PICENO;0;3.566
44015;11;COMUNANZA;1120;1120;COMUNANZA;1;3.204
44016;11;COSSIGNANO;1121;1121;SAN BENEDETTO DEL TRONTO;0;1.015
44017;11;CUPRA MARITTIMA;1121;1121;SAN BENEDETTO DEL TRONTO;0;5.378
44020;11;FOLIGNANO;1119;1119;ASCOLI PICENO;0;9.302
44021;11;FORCE;1120;1120;COMUNANZA;0;1.428
44023;11;GROTTAMMARE;1121;1121;SAN BENEDETTO DEL TRONTO;0;15.615
44027;11;MALTIGNANO;1119;1119;ASCOLI PICENO;0;2.483
44029;11;MASSIGNANO;1121;1121;SAN BENEDETTO DEL TRONTO;0;1.655
44031;11;MONSAMPOLO DEL TRONTO;1121;1121;SAN BENEDETTO DEL TRONTO;0;4.563
44032;11;MONTALTO DELLE MARCHE;1120;1120;COMUNANZA;0;2.260
44034;11;MONTEDINOVE;1120;1120;COMUNANZA;0;505
44036;11;MONTEFIORE DELL'ASO;1121;1121;SAN BENEDETTO DEL TRONTO;0;2.180
44038;11;MONTEGALLO;1119;1119;ASCOLI PICENO;0;573
44044;11;MONTEMONACO;1120;1120;COMUNANZA;0;635
44045;11;MONTEPRANDONE;1121;1121;SAN BENEDETTO DEL TRONTO;0;12.211
44054;11;OFFIDA;1119;1119;ASCOLI PICENO;0;5.215
44056;11;PALMIANO;1120;1120;COMUNANZA;0;214
44063;11;RIPATRANSONE;1121;1121;SAN BENEDETTO DEL TRONTO;0;4.341
44064;11;ROCCAFLUVIONE;1119;1119;ASCOLI PICENO;0;2.061
44065;11;ROTELLA;1120;1120;COMUNANZA;0;936
44066;11;SAN BENEDETTO DEL TRONTO;1121;1121;SAN BENEDETTO DEL TRONTO;1;46.963
44071;11;SPINETOLI;1119;1119;ASCOLI PICENO;0;7.108
44073;11;VENAROTTA;1119;1119;ASCOLI PICENO;0;2.146
109001;11;ALTIDONA;1122;1122;FERMO;0;3.234
109002;11;AMANDOLA;1120;1120;COMUNANZA;0;3.709
109003;11;BELMONTE PICENO;1123;1123;MONTEGIORGIO;0;664
109004;11;CAMPOFILONE;1122;1122;FERMO;0;1.951
109005;11;FALERONE;1123;1123;MONTEGIORGIO;0;3.395
109006;11;FERMO;1122;1122;FERMO;1;37.016
109007;11;FRANCAVILLA D'ETE;1123;1123;MONTEGIORGIO;0;1.009
109008;11;GROTTAZZOLINA;1123;1123;MONTEGIORGIO;0;3.287
109009;11;LAPEDONA;1122;1122;FERMO;0;1.175
109010;11;MAGLIANO DI TENNA;1123;1123;MONTEGIORGIO;0;1.426
109011;11;MASSA FERMANA;1123;1123;MONTEGIORGIO;0;1.002
109012;11;MONSAMPIETRO MORICO;1123;1123;MONTEGIORGIO;0;682
109013;11;MONTAPPONE;1123;1123;MONTEGIORGIO;0;1.749
109014;11;MONTEFALCONE APPENNINO;1120;1120;COMUNANZA;0;445
109015;11;MONTEFORTINO;1120;1120;COMUNANZA;0;1.214
109016;11;MONTE GIBERTO;1123;1123;MONTEGIORGIO;0;815
109017;11;MONTEGIORGIO;1123;1123;MONTEGIORGIO;1;6.965
109018;11;MONTEGRANARO;1124;1124;MONTEGRANARO;1;13.153
109019;11;MONTELEONE DI FERMO;1123;1123;MONTEGIORGIO;0;436
109020;11;MONTELPARO;1120;1120;COMUNANZA;0;861
109021;11;MONTE RINALDO;1120;1120;COMUNANZA;0;397
109022;11;MONTERUBBIANO;1122;1122;FERMO;0;2.351
109023;11;MONTE SAN PIETRANGELI;1123;1123;MONTEGIORGIO;0;2.547
109024;11;MONTE URANO;1122;1122;FERMO;0;8.283
109025;11;MONTE VIDON COMBATTE;1122;1122;FERMO;0;459
109026;11;MONTE VIDON CORRADO;1123;1123;MONTEGIORGIO;0;777
109027;11;MONTOTTONE;1123;1123;MONTEGIORGIO;0;1.011
109028;11;MORESCO;1122;1122;FERMO;0;605
109029;11;ORTEZZANO;1120;1120;COMUNANZA;0;791
109030;11;PEDASO;1122;1122;FERMO;0;2.771
109031;11;PETRITOLI;1122;1122;FERMO;0;2.440
109032;11;PONZANO DI FERMO;1123;1123;MONTEGIORGIO;0;1.708
109033;11;PORTO SAN GIORGIO;1122;1122;FERMO;0;15.957
109034;11;PORTO SANT'ELPIDIO;1125;1125;PORTO SANT'ELPIDIO;1;25.324
109035;11;RAPAGNANO;1123;1123;MONTEGIORGIO;0;2.044
109036;11;SANTA VITTORIA IN MATENANO;1120;1120;COMUNANZA;0;1.422
109037;11;SANT'ELPIDIO A MARE;1125;1125;PORTO SANT'ELPIDIO;0;16.968
109038;11;SERVIGLIANO;1123;1123;MONTEGIORGIO;0;2.347
109039;11;SMERILLO;1120;1120;COMUNANZA;0;389
109040;11;TORRE SAN PATRIZIO;1123;1123;MONTEGIORGIO;0;2.078
56001;12;ACQUAPENDENTE;1201;1201;ACQUAPENDENTE;1;5.655
56002;12;ARLENA DI CASTRO;1203;1203;MONTALTO DI CASTRO;0;886
56003;12;BAGNOREGIO;1205;1205;VITERBO;0;3.674
56004;12;BARBARANO ROMANO;1205;1205;VITERBO;0;1.085
56005;12;BASSANO ROMANO;1205;1205;VITERBO;0;4.834
56006;12;BASSANO IN TEVERINA;1205;1205;VITERBO;0;1.277
56007;12;BLERA;1205;1205;VITERBO;0;3.356
56008;12;BOLSENA;1201;1201;ACQUAPENDENTE;0;4.137
56009;12;BOMARZO;1205;1205;VITERBO;0;1.814
56010;12;CALCATA;1202;1202;CIVITA CASTELLANA;0;905
56011;12;CANEPINA;1205;1205;VITERBO;0;3.149
56012;12;CANINO;1203;1203;MONTALTO DI CASTRO;0;5.270
56013;12;CAPODIMONTE;1205;1205;VITERBO;0;1.741
56014;12;CAPRANICA;1205;1205;VITERBO;0;6.644
56015;12;CAPRAROLA;1205;1205;VITERBO;0;5.345
56016;12;CARBOGNANO;1202;1202;CIVITA CASTELLANA;0;2.042
56017;12;CASTEL SANT'ELIA;1202;1202;CIVITA CASTELLANA;0;2.558
56018;12;CASTIGLIONE IN TEVERINA;1013;1013;ORVIETO;0;2.385
56019;12;CELLENO;1205;1205;VITERBO;0;1.343
56020;12;CELLERE;1203;1203;MONTALTO DI CASTRO;0;1.230
56021;12;CIVITA CASTELLANA;1202;1202;CIVITA CASTELLANA;1;15.596
56022;12;CIVITELLA D'AGLIANO;1013;1013;ORVIETO;0;1.658
56023;12;CORCHIANO;1202;1202;CIVITA CASTELLANA;0;3.740
56024;12;FABRICA DI ROMA;1202;1202;CIVITA CASTELLANA;0;8.136
56025;12;FALERIA;1202;1202;CIVITA CASTELLANA;0;2.115
56026;12;FARNESE;1203;1203;MONTALTO DI CASTRO;0;1.631
56027;12;GALLESE;1202;1202;CIVITA CASTELLANA;0;2.994
56028;12;GRADOLI;1201;1201;ACQUAPENDENTE;0;1.474
56029;12;GRAFFIGNANO;1205;1205;VITERBO;0;2.319
56030;12;GROTTE DI CASTRO;1201;1201;ACQUAPENDENTE;0;2.795
56031;12;ISCHIA DI CASTRO;1203;1203;MONTALTO DI CASTRO;0;2.377
56032;12;LATERA;1201;1201;ACQUAPENDENTE;0;933
56033;12;LUBRIANO;1013;1013;ORVIETO;0;919
56034;12;MARTA;1205;1205;VITERBO;0;3.520
56035;12;MONTALTO DI CASTRO;1203;1203;MONTALTO DI CASTRO;1;8.770
56036;12;MONTEFIASCONE;1205;1205;VITERBO;0;13.388
56037;12;MONTE ROMANO;1204;1204;TARQUINIA;0;2.007
56038;12;MONTEROSI;1202;1202;CIVITA CASTELLANA;0;3.868
56039;12;NEPI;1202;1202;CIVITA CASTELLANA;0;9.353
56040;12;ONANO;1201;1201;ACQUAPENDENTE;0;1.017
56041;12;ORIOLO ROMANO;1209;1209;ROMA;0;3.648
56042;12;ORTE;1205;1205;VITERBO;0;8.665
56043;12;PIANSANO;1205;1205;VITERBO;0;2.147
56044;12;PROCENO;1201;1201;ACQUAPENDENTE;0;605
56045;12;RONCIGLIONE;1205;1205;VITERBO;0;8.308
56046;12;VILLA SAN GIOVANNI IN TUSCIA;1205;1205;VITERBO;0;1.313
56047;12;SAN LORENZO NUOVO;1201;1201;ACQUAPENDENTE;0;2.166
56048;12;SORIANO NEL CIMINO;1205;1205;VITERBO;0;8.544
56049;12;SUTRI;1205;1205;VITERBO;0;6.552
56050;12;TARQUINIA;1204;1204;TARQUINIA;1;16.016
56051;12;TESSENNANO;1203;1203;MONTALTO DI CASTRO;0;350
56052;12;TUSCANIA;1205;1205;VITERBO;0;8.145
56053;12;VALENTANO;1203;1203;MONTALTO DI CASTRO;0;2.895
56054;12;VALLERANO;1202;1202;CIVITA CASTELLANA;0;2.613
56055;12;VASANELLO;1205;1205;VITERBO;0;4.161
56056;12;VEJANO;1205;1205;VITERBO;0;2.298
56057;12;VETRALLA;1205;1205;VITERBO;0;13.507
56058;12;VIGNANELLO;1202;1202;CIVITA CASTELLANA;0;4.826
56059;12;VITERBO;1205;1205;VITERBO;1;63.209
56060;12;VITORCHIANO;1205;1205;VITERBO;0;4.956
57001;12;ACCUMOLI;1206;1206;RIETI;0;653
57002;12;AMATRICE;1206;1206;RIETI;0;2.646
57003;12;ANTRODOCO;1206;1206;RIETI;0;2.704
57004;12;ASCREA;1206;1206;RIETI;0;266
57005;12;BELMONTE IN SABINA;1206;1206;RIETI;0;649
57006;12;BORBONA;1206;1206;RIETI;0;650
57007;12;BORGOROSE;1301;1301;AVEZZANO;0;4.615
57008;12;BORGO VELINO;1206;1206;RIETI;0;990
57009;12;CANTALICE;1206;1206;RIETI;0;2.726
57010;12;CANTALUPO IN SABINA;1206;1206;RIETI;0;1.736
57011;12;CASAPROTA;1206;1206;RIETI;0;723
57012;12;CASPERIA;1206;1206;RIETI;0;1.231
57013;12;CASTEL DI TORA;1206;1206;RIETI;0;299
57014;12;CASTELNUOVO DI FARFA;1206;1206;RIETI;0;1.047
57015;12;CASTEL SANT'ANGELO;1206;1206;RIETI;0;1.289
57016;12;CITTADUCALE;1206;1206;RIETI;0;6.900
57017;12;CITTAREALE;1206;1206;RIETI;0;470
57018;12;COLLALTO SABINO;1301;1301;AVEZZANO;0;440
57019;12;COLLE DI TORA;1206;1206;RIETI;0;384
57020;12;COLLEGIOVE;1301;1301;AVEZZANO;0;169
57021;12;COLLEVECCHIO;1202;1202;CIVITA CASTELLANA;0;1.595
57022;12;COLLI SUL VELINO;1206;1206;RIETI;0;524
57023;12;CONCERVIANO;1206;1206;RIETI;0;311
57024;12;CONFIGNI;1014;1014;TERNI;0;672
57025;12;CONTIGLIANO;1206;1206;RIETI;0;3.601
57026;12;COTTANELLO;1206;1206;RIETI;0;562
57027;12;FARA IN SABINA;1206;1206;RIETI;0;12.326
57028;12;FIAMIGNANO;1206;1206;RIETI;0;1.455
57029;12;FORANO;1206;1206;RIETI;0;2.933
57030;12;FRASSO SABINO;1206;1206;RIETI;0;688
57031;12;GRECCIO;1206;1206;RIETI;0;1.520
57032;12;LABRO;1206;1206;RIETI;0;344
57033;12;LEONESSA;1002;1002;CASCIA;0;2.480
57034;12;LONGONE SABINO;1206;1206;RIETI;0;583
57035;12;MAGLIANO SABINA;1202;1202;CIVITA CASTELLANA;0;3.799
57036;12;MARCETELLI;1206;1206;RIETI;0;97
57037;12;MICIGLIANO;1206;1206;RIETI;0;131
57038;12;MOMPEO;1206;1206;RIETI;0;534
57039;12;MONTASOLA;1206;1206;RIETI;0;403
57040;12;MONTEBUONO;1202;1202;CIVITA CASTELLANA;0;917
57041;12;MONTELEONE SABINO;1206;1206;RIETI;0;1.232
57042;12;MONTENERO SABINO;1206;1206;RIETI;0;295
57043;12;MONTE SAN GIOVANNI IN SABINA;1206;1206;RIETI;0;752
57044;12;MONTOPOLI DI SABINA;1206;1206;RIETI;0;4.222
57045;12;MORRO REATINO;1206;1206;RIETI;0;356
57046;12;NESPOLO;1301;1301;AVEZZANO;0;274
57047;12;ORVINIO;1206;1206;RIETI;0;448
57048;12;PAGANICO SABINO;1206;1206;RIETI;0;172
57049;12;PESCOROCCHIANO;1301;1301;AVEZZANO;0;2.211
57050;12;PETRELLA SALTO;1206;1206;RIETI;0;1.212
57051;12;POGGIO BUSTONE;1206;1206;RIETI;0;2.130
57052;12;POGGIO CATINO;1206;1206;RIETI;0;1.335
57053;12;POGGIO MIRTETO;1206;1206;RIETI;0;5.995
57054;12;POGGIO MOIANO;1206;1206;RIETI;0;2.798
57055;12;POGGIO NATIVO;1206;1206;RIETI;0;2.456
57056;12;POGGIO SAN LORENZO;1206;1206;RIETI;0;580
57057;12;POSTA;1206;1206;RIETI;0;686
57058;12;POZZAGLIA SABINA;1206;1206;RIETI;0;361
57059;12;RIETI;1206;1206;RIETI;1;46.187
57060;12;RIVODUTRI;1206;1206;RIETI;0;1.297
57061;12;ROCCANTICA;1206;1206;RIETI;0;605
57062;12;ROCCA SINIBALDA;1206;1206;RIETI;0;853
57063;12;SALISANO;1206;1206;RIETI;0;558
57064;12;SCANDRIGLIA;1206;1206;RIETI;0;2.934
57065;12;SELCI;1206;1206;RIETI;0;1.106
57066;12;STIMIGLIANO;1206;1206;RIETI;0;2.241
57067;12;TARANO;1206;1206;RIETI;0;1.431
57068;12;TOFFIA;1206;1206;RIETI;0;1.002
57069;12;TORRICELLA IN SABINA;1206;1206;RIETI;0;1.405
57070;12;TORRI IN SABINA;1206;1206;RIETI;0;1.249
57071;12;TURANIA;1301;1301;AVEZZANO;0;245
57072;12;VACONE;1206;1206;RIETI;0;264
57073;12;VARCO SABINO;1206;1206;RIETI;0;210
58001;12;AFFILE;1209;1209;ROMA;0;1.552
58002;12;AGOSTA;1209;1209;ROMA;0;1.760
58003;12;ALBANO LAZIALE;1208;1208;POMEZIA;0;38.433
58004;12;ALLUMIERE;1207;1207;CIVITAVECCHIA;0;4.133
58005;12;ANGUILLARA SABAZIA;1209;1209;ROMA;0;18.575
58006;12;ANTICOLI CORRADO;1209;1209;ROMA;0;942
58007;12;ANZIO;1208;1208;POMEZIA;0;49.731
58008;12;ARCINAZZO ROMANO;1209;1209;ROMA;0;1.394
58009;12;ARICCIA;1208;1208;POMEZIA;0;18.311
58010;12;ARSOLI;1301;1301;AVEZZANO;0;1.647
58011;12;ARTENA;1217;1217;FROSINONE;0;13.665
58012;12;BELLEGRA;1209;1209;ROMA;0;2.948
58013;12;BRACCIANO;1209;1209;ROMA;0;18.549
58014;12;CAMERATA NUOVA;1301;1301;AVEZZANO;0;460
58015;12;CAMPAGNANO DI ROMA;1209;1209;ROMA;0;11.107
58016;12;CANALE MONTERANO;1209;1209;ROMA;0;4.071
58017;12;CANTERANO;1209;1209;ROMA;0;359
58018;12;CAPENA;1209;1209;ROMA;0;9.488
58019;12;CAPRANICA PRENESTINA;1209;1209;ROMA;0;330
58020;12;CARPINETO ROMANO;1217;1217;FROSINONE;0;4.649
58021;12;CASAPE;1209;1209;ROMA;0;737
58022;12;CASTEL GANDOLFO;1208;1208;POMEZIA;0;8.782
58023;12;CASTEL MADAMA;1209;1209;ROMA;0;7.328
58024;12;CASTELNUOVO DI PORTO;1209;1209;ROMA;0;8.059
58025;12;CASTEL SAN PIETRO ROMANO;1209;1209;ROMA;0;855
58026;12;CAVE;1209;1209;ROMA;0;10.421
58027;12;CERRETO LAZIALE;1209;1209;ROMA;0;1.192
58028;12;CERVARA DI ROMA;1209;1209;ROMA;0;472
58029;12;CERVETERI;1209;1209;ROMA;0;35.207
58030;12;CICILIANO;1209;1209;ROMA;0;1.353
58031;12;CINETO ROMANO;1209;1209;ROMA;0;641
58032;12;CIVITAVECCHIA;1207;1207;CIVITAVECCHIA;1;51.229
58033;12;CIVITELLA SAN PAOLO;1209;1209;ROMA;0;1.754
58034;12;COLLEFERRO;1217;1217;FROSINONE;0;21.574
58035;12;COLONNA;1209;1209;ROMA;0;4.002
58036;12;FIANO ROMANO;1209;1209;ROMA;0;13.059
58037;12;FILACCIANO;1209;1209;ROMA;0;490
58038;12;FORMELLO;1209;1209;ROMA;0;11.909
58039;12;FRASCATI;1209;1209;ROMA;0;20.755
58040;12;GALLICANO NEL LAZIO;1209;1209;ROMA;0;5.749
58041;12;GAVIGNANO;1217;1217;FROSINONE;0;1.956
58042;12;GENAZZANO;1209;1209;ROMA;0;5.959
58043;12;GENZANO DI ROMA;1208;1208;POMEZIA;0;23.780
58044;12;GERANO;1209;1209;ROMA;0;1.248
58045;12;GORGA;1217;1217;FROSINONE;0;767
58046;12;GROTTAFERRATA;1209;1209;ROMA;0;19.156
58047;12;GUIDONIA MONTECELIO;1209;1209;ROMA;0;81.447
58048;12;JENNE;1209;1209;ROMA;0;398
58049;12;LABICO;1209;1209;ROMA;0;5.979
58050;12;LANUVIO;1208;1208;POMEZIA;0;13.006
58051;12;LICENZA;1209;1209;ROMA;0;1.012
58052;12;MAGLIANO ROMANO;1209;1209;ROMA;0;1.470
58053;12;MANDELA;1209;1209;ROMA;0;897
58054;12;MANZIANA;1209;1209;ROMA;0;7.082
58055;12;MARANO EQUO;1209;1209;ROMA;0;786
58056;12;MARCELLINA;1209;1209;ROMA;0;6.901
58057;12;MARINO;1209;1209;ROMA;0;38.245
58058;12;MAZZANO ROMANO;1209;1209;ROMA;0;3.056
58059;12;MENTANA;1209;1209;ROMA;0;20.772
58060;12;MONTE COMPATRI;1209;1209;ROMA;0;11.234
58061;12;MONTEFLAVIO;1209;1209;ROMA;0;1.399
58062;12;MONTELANICO;1217;1217;FROSINONE;0;2.152
58063;12;MONTELIBRETTI;1209;1209;ROMA;0;5.213
58064;12;MONTE PORZIO CATONE;1209;1209;ROMA;0;8.617
58065;12;MONTEROTONDO;1209;1209;ROMA;0;39.502
58066;12;MONTORIO ROMANO;1209;1209;ROMA;0;2.035
58067;12;MORICONE;1209;1209;ROMA;0;2.683
58068;12;MORLUPO;1209;1209;ROMA;0;8.122
58069;12;NAZZANO;1209;1209;ROMA;0;1.361
58070;12;NEMI;1208;1208;POMEZIA;0;1.925
58071;12;NEROLA;1209;1209;ROMA;0;1.821
58072;12;NETTUNO;1208;1208;POMEZIA;0;45.460
58073;12;OLEVANO ROMANO;1209;1209;ROMA;0;6.742
58074;12;PALESTRINA;1209;1209;ROMA;0;20.498
58075;12;PALOMBARA SABINA;1209;1209;ROMA;0;12.167
58076;12;PERCILE;1209;1209;ROMA;0;277
58077;12;PISONIANO;1209;1209;ROMA;0;803
58078;12;POLI;1209;1209;ROMA;0;2.433
58079;12;POMEZIA;1208;1208;POMEZIA;1;56.372
58080;12;PONZANO ROMANO;1206;1206;RIETI;0;1.158
58081;12;RIANO;1209;1209;ROMA;0;9.536
58082;12;RIGNANO FLAMINIO;1209;1209;ROMA;0;9.573
58083;12;RIOFREDDO;1301;1301;AVEZZANO;0;762
58084;12;ROCCA CANTERANO;1209;1209;ROMA;0;207
58085;12;ROCCA DI CAVE;1209;1209;ROMA;0;396
58086;12;ROCCA DI PAPA;1209;1209;ROMA;0;15.576
58087;12;ROCCAGIOVINE;1209;1209;ROMA;0;280
58088;12;ROCCA PRIORA;1209;1209;ROMA;0;10.819
58089;12;ROCCA SANTO STEFANO;1209;1209;ROMA;0;1.028
58090;12;ROIATE;1209;1209;ROMA;0;749
58091;12;ROMA;1209;1209;ROMA;1;2.617.175
58092;12;ROVIANO;1209;1209;ROMA;0;1.392
58093;12;SACROFANO;1209;1209;ROMA;0;6.668
58094;12;SAMBUCI;1209;1209;ROMA;0;936
58095;12;SAN GREGORIO DA SASSOLA;1209;1209;ROMA;0;1.553
58096;12;SAN POLO DEI CAVALIERI;1209;1209;ROMA;0;2.984
58097;12;SANTA MARINELLA;1207;1207;CIVITAVECCHIA;0;17.403
58098;12;SANT'ANGELO ROMANO;1209;1209;ROMA;0;4.488
58099;12;SANT'ORESTE;1202;1202;CIVITA CASTELLANA;0;3.702
58100;12;SAN VITO ROMANO;1209;1209;ROMA;0;3.366
58101;12;SARACINESCO;1209;1209;ROMA;0;184
58102;12;SEGNI;1217;1217;FROSINONE;0;9.101
58103;12;SUBIACO;1209;1209;ROMA;0;9.066
58104;12;TIVOLI;1209;1209;ROMA;0;52.910
58105;12;TOLFA;1207;1207;CIVITAVECCHIA;0;5.147
58106;12;TORRITA TIBERINA;1206;1206;RIETI;0;1.071
58107;12;TREVIGNANO ROMANO;1209;1209;ROMA;0;5.274
58108;12;VALLEPIETRA;1217;1217;FROSINONE;0;306
58109;12;VALLINFREDA;1301;1301;AVEZZANO;0;317
58110;12;VALMONTONE;1217;1217;FROSINONE;0;14.975
58111;12;VELLETRI;1208;1208;POMEZIA;0;52.295
58112;12;VICOVARO;1209;1209;ROMA;0;3.937
58113;12;VIVARO ROMANO;1301;1301;AVEZZANO;0;177
58114;12;ZAGAROLO;1209;1209;ROMA;0;16.922
58115;12;LARIANO;1208;1208;POMEZIA;0;12.893
58116;12;LADISPOLI;1209;1209;ROMA;0;37.293
58117;12;ARDEA;1208;1208;POMEZIA;0;44.202
58118;12;CIAMPINO;1209;1209;ROMA;0;37.235
58119;12;SAN CESAREO;1209;1209;ROMA;0;13.806
58120;12;FIUMICINO;1209;1209;ROMA;0;67.626
58122;12;FONTE NUOVA;1209;1209;ROMA;0;30.572
59001;12;APRILIA;1208;1208;POMEZIA;0;66.979
59002;12;BASSIANO;1213;1213;LATINA;0;1.580
59003;12;CAMPODIMELE;1210;1210;FONDI;0;638
59004;12;CASTELFORTE;1211;1211;FORMIA;0;4.401
59005;12;CISTERNA DI LATINA;1213;1213;LATINA;0;35.551
59006;12;CORI;1213;1213;LATINA;0;11.025
59007;12;FONDI;1210;1210;FONDI;1;37.180
59008;12;FORMIA;1211;1211;FORMIA;1;36.331
59009;12;GAETA;1212;1212;GAETA;1;20.762
59010;12;ITRI;1212;1212;GAETA;0;10.460
59011;12;LATINA;1213;1213;LATINA;1;117.892
59012;12;LENOLA;1210;1210;FONDI;0;4.155
59013;12;MAENZA;1214;1214;SABAUDIA;0;3.078
59014;12;MINTURNO;1211;1211;FORMIA;0;19.472
59015;12;MONTE SAN BIAGIO;1210;1210;FONDI;0;6.144
59016;12;NORMA;1213;1213;LATINA;0;4.035
59017;12;PONTINIA;1214;1214;SABAUDIA;0;13.812
59018;12;PONZA;1212;1212;GAETA;0;3.255
59019;12;PRIVERNO;1214;1214;SABAUDIA;0;13.891
59020;12;PROSSEDI;1214;1214;SABAUDIA;0;1.233
59021;12;ROCCAGORGA;1213;1213;LATINA;0;4.552
59022;12;ROCCA MASSIMA;1213;1213;LATINA;0;1.094
59023;12;ROCCASECCA DEI VOLSCI;1214;1214;SABAUDIA;0;1.126
59024;12;SABAUDIA;1214;1214;SABAUDIA;1;18.812
59025;12;SAN FELICE CIRCEO;1215;1215;TERRACINA;0;8.709
59026;12;SANTI COSMA E DAMIANO;1211;1211;FORMIA;0;6.882
59027;12;SERMONETA;1213;1213;LATINA;0;9.129
59028;12;SEZZE;1213;1213;LATINA;0;24.114
59029;12;SONNINO;1214;1214;SABAUDIA;0;7.279
59030;12;SPERLONGA;1210;1210;FONDI;0;3.334
59031;12;SPIGNO SATURNIA;1211;1211;FORMIA;0;2.903
59032;12;TERRACINA;1215;1215;TERRACINA;1;44.233
59033;12;VENTOTENE;1211;1211;FORMIA;0;691
60001;12;ACQUAFONDATA;1216;1216;CASSINO;0;282
60002;12;ACUTO;1217;1217;FROSINONE;0;1.910
60003;12;ALATRI;1217;1217;FROSINONE;0;28.609
60004;12;ALVITO;1218;1218;SORA;0;2.852
60005;12;AMASENO;1217;1217;FROSINONE;0;4.314
60006;12;ANAGNI;1217;1217;FROSINONE;0;21.441
60007;12;AQUINO;1216;1216;CASSINO;0;5.309
60008;12;ARCE;1216;1216;CASSINO;0;5.783
60009;12;ARNARA;1217;1217;FROSINONE;0;2.379
60010;12;ARPINO;1218;1218;SORA;0;7.386
60011;12;ATINA;1218;1218;SORA;0;4.461
60012;12;AUSONIA;1216;1216;CASSINO;0;2.650
60013;12;BELMONTE CASTELLO;1216;1216;CASSINO;0;778
60014;12;BOVILLE ERNICA;1217;1217;FROSINONE;0;8.811
60015;12;BROCCOSTELLA;1218;1218;SORA;0;2.807
60016;12;CAMPOLI APPENNINO;1218;1218;SORA;0;1.749
60017;12;CASALATTICO;1218;1218;SORA;0;641
60018;12;CASALVIERI;1218;1218;SORA;0;2.867
60019;12;CASSINO;1216;1216;CASSINO;1;33.658
60020;12;CASTELLIRI;1218;1218;SORA;0;3.533
60021;12;CASTELNUOVO PARANO;1216;1216;CASSINO;0;902
60022;12;CASTROCIELO;1216;1216;CASSINO;0;3.969
60023;12;CASTRO DEI VOLSCI;1217;1217;FROSINONE;0;4.903
60024;12;CECCANO;1217;1217;FROSINONE;0;23.098
60025;12;CEPRANO;1217;1217;FROSINONE;0;8.740
60026;12;CERVARO;1216;1216;CASSINO;0;7.744
60027;12;COLFELICE;1216;1216;CASSINO;0;1.853
60028;12;COLLEPARDO;1217;1217;FROSINONE;0;975
60029;12;COLLE SAN MAGNO;1216;1216;CASSINO;0;744
60030;12;CORENO AUSONIO;1216;1216;CASSINO;0;1.671
60031;12;ESPERIA;1216;1216;CASSINO;0;3.903
60032;12;FALVATERRA;1217;1217;FROSINONE;0;567
60033;12;FERENTINO;1217;1217;FROSINONE;0;20.966
60034;12;FILETTINO;1217;1217;FROSINONE;0;551
60035;12;FIUGGI;1217;1217;FROSINONE;0;9.645
60036;12;FONTANA LIRI;1218;1218;SORA;0;2.993
60037;12;FONTECHIARI;1218;1218;SORA;0;1.318
60038;12;FROSINONE;1217;1217;FROSINONE;1;46.649
60039;12;FUMONE;1217;1217;FROSINONE;0;2.180
60040;12;GALLINARO;1218;1218;SORA;0;1.246
60041;12;GIULIANO DI ROMA;1217;1217;FROSINONE;0;2.343
60042;12;GUARCINO;1217;1217;FROSINONE;0;1.658
60043;12;ISOLA DEL LIRI;1218;1218;SORA;0;11.963
60044;12;MONTE SAN GIOVANNI CAMPANO;1218;1218;SORA;0;12.882
60045;12;MOROLO;1217;1217;FROSINONE;0;3.267
60046;12;PALIANO;1217;1217;FROSINONE;0;8.146
60047;12;PASTENA;1217;1217;FROSINONE;0;1.528
60048;12;PATRICA;1217;1217;FROSINONE;0;3.084
60049;12;PESCOSOLIDO;1218;1218;SORA;0;1.552
60050;12;PICINISCO;1218;1218;SORA;0;1.255
60051;12;PICO;1216;1216;CASSINO;0;3.004
60052;12;PIEDIMONTE SAN GERMANO;1216;1216;CASSINO;0;6.036
60053;12;PIGLIO;1217;1217;FROSINONE;0;4.657
60054;12;PIGNATARO INTERAMNA;1216;1216;CASSINO;0;2.558
60055;12;POFI;1217;1217;FROSINONE;0;4.303
60056;12;PONTECORVO;1216;1216;CASSINO;0;13.223
60057;12;POSTA FIBRENO;1218;1218;SORA;0;1.217
60058;12;RIPI;1217;1217;FROSINONE;0;5.346
60059;12;ROCCA D'ARCE;1216;1216;CASSINO;0;971
60060;12;ROCCASECCA;1216;1216;CASSINO;0;7.536
60061;12;SAN BIAGIO SARACINISCO;1218;1218;SORA;0;361
60062;12;SAN DONATO VAL DI COMINO;1218;1218;SORA;0;2.122
60063;12;SAN GIORGIO A LIRI;1216;1216;CASSINO;0;3.166
60064;12;SAN GIOVANNI INCARICO;1216;1216;CASSINO;0;3.410
60065;12;SANT'AMBROGIO SUL GARIGLIANO;1216;1216;CASSINO;0;994
60066;12;SANT'ANDREA DEL GARIGLIANO;1216;1216;CASSINO;0;1.566
60067;12;SANT'APOLLINARE;1216;1216;CASSINO;0;1.931
60068;12;SANT'ELIA FIUMERAPIDO;1216;1216;CASSINO;0;6.227
60069;12;SANTOPADRE;1218;1218;SORA;0;1.410
60070;12;SAN VITTORE DEL LAZIO;1216;1216;CASSINO;0;2.679
60071;12;SERRONE;1217;1217;FROSINONE;0;3.069
60072;12;SETTEFRATI;1218;1218;SORA;0;792
60073;12;SGURGOLA;1217;1217;FROSINONE;0;2.623
60074;12;SORA;1218;1218;SORA;1;26.247
60075;12;STRANGOLAGALLI;1217;1217;FROSINONE;0;2.501
60076;12;SUPINO;1217;1217;FROSINONE;0;4.893
60077;12;TERELLE;1216;1216;CASSINO;0;460
60078;12;TORRE CAJETANI;1217;1217;FROSINONE;0;1.388
60079;12;TORRICE;1217;1217;FROSINONE;0;4.608
60080;12;TREVI NEL LAZIO;1217;1217;FROSINONE;0;1.853
60081;12;TRIVIGLIANO;1217;1217;FROSINONE;0;1.693
60082;12;VALLECORSA;1217;1217;FROSINONE;0;2.800
60083;12;VALLEMAIO;1216;1216;CASSINO;0;1.002
60084;12;VALLEROTONDA;1216;1216;CASSINO;0;1.671
60085;12;VEROLI;1217;1217;FROSINONE;0;20.763
60086;12;VICALVI;1218;1218;SORA;0;806
60087;12;VICO NEL LAZIO;1217;1217;FROSINONE;0;2.256
60088;12;VILLA LATINA;1218;1218;SORA;0;1.286
60089;12;VILLA SANTA LUCIA;1216;1216;CASSINO;0;2.639
60090;12;VILLA SANTO STEFANO;1217;1217;FROSINONE;0;1.707
60091;12;VITICUSO;1216;1216;CASSINO;0;372
66001;13;ACCIANO;1304;1304;L'AQUILA;0;351
66002;13;AIELLI;1303;1303;CELANO;0;1.458
66003;13;ALFEDENA;1302;1302;CASTEL DI SANGRO;0;785
66004;13;ANVERSA DEGLI ABRUZZI;1306;1306;SULMONA;0;368
66005;13;ATELETA;1302;1302;CASTEL DI SANGRO;0;1.153
66006;13;AVEZZANO;1301;1301;AVEZZANO;1;40.744
66007;13;BALSORANO;1218;1218;SORA;0;3.655
66008;13;BARETE;1304;1304;L'AQUILA;0;679
66009;13;BARISCIANO;1304;1304;L'AQUILA;0;1.853
66010;13;BARREA;1305;1305;PESCASSEROLI;0;726
66011;13;BISEGNA;1301;1301;AVEZZANO;0;261
66012;13;BUGNARA;1306;1306;SULMONA;0;1.106
66013;13;CAGNANO AMITERNO;1304;1304;L'AQUILA;0;1.383
66014;13;CALASCIO;1304;1304;L'AQUILA;0;137
66015;13;CAMPO DI GIOVE;1306;1306;SULMONA;0;847
66016;13;CAMPOTOSTO;1304;1304;L'AQUILA;0;586
66017;13;CANISTRO;1301;1301;AVEZZANO;0;1.023
66018;13;CANSANO;1306;1306;SULMONA;0;282
66019;13;CAPESTRANO;1306;1306;SULMONA;0;895
66020;13;CAPISTRELLO;1301;1301;AVEZZANO;0;5.341
66021;13;CAPITIGNANO;1304;1304;L'AQUILA;0;680
66022;13;CAPORCIANO;1304;1304;L'AQUILA;0;235
66023;13;CAPPADOCIA;1301;1301;AVEZZANO;0;551
66024;13;CARAPELLE CALVISIO;1304;1304;L'AQUILA;0;85
66025;13;CARSOLI;1301;1301;AVEZZANO;0;5.419
66026;13;CASTEL DEL MONTE;1304;1304;L'AQUILA;0;447
66027;13;CASTEL DI IERI;1306;1306;SULMONA;0;329
66028;13;CASTEL DI SANGRO;1302;1302;CASTEL DI SANGRO;1;5.985
66029;13;CASTELLAFIUME;1301;1301;AVEZZANO;0;1.099
66030;13;CASTELVECCHIO CALVISIO;1304;1304;L'AQUILA;0;159
66031;13;CASTELVECCHIO SUBEQUO;1306;1306;SULMONA;0;1.067
66032;13;CELANO;1303;1303;CELANO;1;10.828
66033;13;CERCHIO;1301;1301;AVEZZANO;0;1.653
66034;13;CIVITA D'ANTINO;1301;1301;AVEZZANO;0;994
66035;13;CIVITELLA ALFEDENA;1305;1305;PESCASSEROLI;0;303
66036;13;CIVITELLA ROVETO;1301;1301;AVEZZANO;0;3.374
66037;13;COCULLO;1306;1306;SULMONA;0;265
66038;13;COLLARMELE;1301;1301;AVEZZANO;0;950
66039;13;COLLELONGO;1301;1301;AVEZZANO;0;1.313
66040;13;COLLEPIETRO;1304;1304;L'AQUILA;0;235
66041;13;CORFINIO;1306;1306;SULMONA;0;1.079
66042;13;FAGNANO ALTO;1304;1304;L'AQUILA;0;440
66043;13;FONTECCHIO;1304;1304;L'AQUILA;0;410
66044;13;FOSSA;1304;1304;L'AQUILA;0;690
66045;13;GAGLIANO ATERNO;1306;1306;SULMONA;0;255
66046;13;GIOIA DEI MARSI;1301;1301;AVEZZANO;0;2.111
66047;13;GORIANO SICOLI;1306;1306;SULMONA;0;597
66048;13;INTRODACQUA;1306;1306;SULMONA;0;2.129
66049;13;L'AQUILA;1304;1304;L'AQUILA;1;66.964
66050;13;LECCE NEI MARSI;1301;1301;AVEZZANO;0;1.735
66051;13;LUCO DEI MARSI;1301;1301;AVEZZANO;0;5.868
66052;13;LUCOLI;1304;1304;L'AQUILA;0;1.019
66053;13;MAGLIANO DE' MARSI;1301;1301;AVEZZANO;0;3.753
66054;13;MASSA D'ALBE;1301;1301;AVEZZANO;0;1.509
66055;13;MOLINA ATERNO;1306;1306;SULMONA;0;419
66056;13;MONTEREALE;1304;1304;L'AQUILA;0;2.812
66057;13;MORINO;1301;1301;AVEZZANO;0;1.505
66058;13;NAVELLI;1304;1304;L'AQUILA;0;550
66059;13;OCRE;1304;1304;L'AQUILA;0;1.110
66060;13;OFENA;1306;1306;SULMONA;0;527
66061;13;OPI;1305;1305;PESCASSEROLI;0;428
66062;13;ORICOLA;1301;1301;AVEZZANO;0;1.155
66063;13;ORTONA DEI MARSI;1301;1301;AVEZZANO;0;592
66064;13;ORTUCCHIO;1301;1301;AVEZZANO;0;1.863
66065;13;OVINDOLI;1303;1303;CELANO;0;1.190
66066;13;PACENTRO;1306;1306;SULMONA;0;1.211
66067;13;PERETO;1301;1301;AVEZZANO;0;739
66068;13;PESCASSEROLI;1305;1305;PESCASSEROLI;1;2.227
66069;13;PESCINA;1301;1301;AVEZZANO;0;4.264
66070;13;PESCOCOSTANZO;1302;1302;CASTEL DI SANGRO;0;1.161
66071;13;PETTORANO SUL GIZIO;1306;1306;SULMONA;0;1.363
66072;13;PIZZOLI;1304;1304;L'AQUILA;0;3.773
66073;13;POGGIO PICENZE;1304;1304;L'AQUILA;0;1.068
66074;13;PRATA D'ANSIDONIA;1304;1304;L'AQUILA;0;501
66075;13;PRATOLA PELIGNA;1306;1306;SULMONA;0;7.840
66076;13;PREZZA;1306;1306;SULMONA;0;1.015
66077;13;RAIANO;1306;1306;SULMONA;0;2.812
66078;13;RIVISONDOLI;1302;1302;CASTEL DI SANGRO;0;663
66079;13;ROCCACASALE;1306;1306;SULMONA;0;724
66080;13;ROCCA DI BOTTE;1301;1301;AVEZZANO;0;830
66081;13;ROCCA DI CAMBIO;1303;1303;CELANO;0;504
66082;13;ROCCA DI MEZZO;1303;1303;CELANO;0;1.468
66083;13;ROCCA PIA;1306;1306;SULMONA;0;167
66084;13;ROCCARASO;1302;1302;CASTEL DI SANGRO;0;1.636
66085;13;SAN BENEDETTO DEI MARSI;1301;1301;AVEZZANO;0;3.910
66086;13;SAN BENEDETTO IN PERILLIS;1304;1304;L'AQUILA;0;127
66087;13;SAN DEMETRIO NE' VESTINI;1304;1304;L'AQUILA;0;1.836
66088;13;SAN PIO DELLE CAMERE;1304;1304;L'AQUILA;0;631
66089;13;SANTE MARIE;1301;1301;AVEZZANO;0;1.208
66090;13;SANT'EUSANIO FORCONESE;1304;1304;L'AQUILA;0;418
66091;13;SANTO STEFANO DI SESSANIO;1304;1304;L'AQUILA;0;111
66092;13;SAN VINCENZO VALLE ROVETO;1218;1218;SORA;0;2.433
66093;13;SCANNO;1306;1306;SULMONA;0;1.948
66094;13;SCONTRONE;1302;1302;CASTEL DI SANGRO;0;590
66095;13;SCOPPITO;1304;1304;L'AQUILA;0;3.285
66096;13;SCURCOLA MARSICANA;1301;1301;AVEZZANO;0;2.762
66097;13;SECINARO;1306;1306;SULMONA;0;383
66098;13;SULMONA;1306;1306;SULMONA;1;24.275
66099;13;TAGLIACOZZO;1301;1301;AVEZZANO;0;6.939
66100;13;TIONE DEGLI ABRUZZI;1304;1304;L'AQUILA;0;326
66101;13;TORNIMPARTE;1304;1304;L'AQUILA;0;3.096
66102;13;TRASACCO;1301;1301;AVEZZANO;0;6.144
66103;13;VILLALAGO;1306;1306;SULMONA;0;589
66104;13;VILLA SANTA LUCIA DEGLI ABRUZZI;1306;1306;SULMONA;0;141
66105;13;VILLA SANT'ANGELO;1304;1304;L'AQUILA;0;425
66106;13;VILLAVALLELONGA;1301;1301;AVEZZANO;0;936
66107;13;VILLETTA BARREA;1305;1305;PESCASSEROLI;0;652
66108;13;VITTORITO;1306;1306;SULMONA;0;898
67001;13;ALBA ADRIATICA;1310;1310;MARTINSICURO;0;11.565
67002;13;ANCARANO;1119;1119;ASCOLI PICENO;0;1.877
67003;13;ARSITA;1311;1311;PENNE;0;871
67004;13;ATRI;1308;1308;PINETO;0;11.112
67005;13;BASCIANO;1309;1309;TERAMO;0;2.438
67006;13;BELLANTE;1309;1309;TERAMO;0;7.160
67007;13;BISENTI;1311;1311;PENNE;0;2.069
67008;13;CAMPLI;1309;1309;TERAMO;0;7.276
67009;13;CANZANO;1309;1309;TERAMO;0;1.955
67010;13;CASTEL CASTAGNA;1309;1309;TERAMO;0;491
67011;13;CASTELLALTO;1309;1309;TERAMO;0;7.359
67012;13;CASTELLI;1309;1309;TERAMO;0;1.224
67013;13;CASTIGLIONE MESSER RAIMONDO;1311;1311;PENNE;0;2.364
67014;13;CASTILENTI;1311;1311;PENNE;0;1.551
67015;13;CELLINO ATTANASIO;1309;1309;TERAMO;0;2.590
67016;13;CERMIGNANO;1309;1309;TERAMO;0;1.787
67017;13;CIVITELLA DEL TRONTO;1119;1119;ASCOLI PICENO;0;5.333
67018;13;COLLEDARA;1309;1309;TERAMO;0;2.237
67019;13;COLONNELLA;1310;1310;MARTINSICURO;0;3.768
67020;13;CONTROGUERRA;1310;1310;MARTINSICURO;0;2.422
67021;13;CORROPOLI;1310;1310;MARTINSICURO;0;4.750
67022;13;CORTINO;1309;1309;TERAMO;0;683
67023;13;CROGNALETO;1309;1309;TERAMO;0;1.416
67024;13;FANO ADRIANO;1309;1309;TERAMO;0;354
67025;13;GIULIANOVA;1307;1307;GIULIANOVA;1;23.199
67026;13;ISOLA DEL GRAN SASSO D'ITALIA;1309;1309;TERAMO;0;4.840
67027;13;MONTEFINO;1311;1311;PENNE;0;1.091
67028;13;MONTORIO AL VOMANO;1309;1309;TERAMO;0;8.201
67029;13;MORRO D'ORO;1307;1307;GIULIANOVA;0;3.628
67030;13;MOSCIANO SANT'ANGELO;1307;1307;GIULIANOVA;0;9.251
67031;13;NERETO;1310;1310;MARTINSICURO;0;5.075
67032;13;NOTARESCO;1307;1307;GIULIANOVA;0;6.863
67033;13;PENNA SANT'ANDREA;1309;1309;TERAMO;0;1.728
67034;13;PIETRACAMELA;1309;1309;TERAMO;0;304
67035;13;PINETO;1308;1308;PINETO;1;14.631
67036;13;ROCCA SANTA MARIA;1309;1309;TERAMO;0;569
67037;13;ROSETO DEGLI ABRUZZI;1307;1307;GIULIANOVA;0;24.940
67038;13;SANT'EGIDIO ALLA VIBRATA;1119;1119;ASCOLI PICENO;0;9.668
67039;13;SANT'OMERO;1310;1310;MARTINSICURO;0;5.313
67040;13;SILVI;1308;1308;PINETO;0;15.401
67041;13;TERAMO;1309;1309;TERAMO;1;54.294
67042;13;TORANO NUOVO;1310;1310;MARTINSICURO;0;1.658
67043;13;TORRICELLA SICURA;1309;1309;TERAMO;0;2.670
67044;13;TORTORETO;1310;1310;MARTINSICURO;0;10.442
67045;13;TOSSICIA;1309;1309;TERAMO;0;1.418
67046;13;VALLE CASTELLANA;1119;1119;ASCOLI PICENO;0;1.029
67047;13;MARTINSICURO;1310;1310;MARTINSICURO;1;15.484
68001;13;ABBATEGGIO;1314;1314;CHIETI;0;441
68002;13;ALANNO;1314;1314;CHIETI;0;3.608
68003;13;BOLOGNANO;1314;1314;CHIETI;0;1.157
68004;13;BRITTOLI;1314;1314;CHIETI;0;335
68005;13;BUSSI SUL TIRINO;1306;1306;SULMONA;0;2.636
68006;13;CAPPELLE SUL TAVO;1312;1312;PESCARA;0;3.959
68007;13;CARAMANICO TERME;1314;1314;CHIETI;0;2.008
68008;13;CARPINETO DELLA NORA;1314;1314;CHIETI;0;680
68009;13;CASTIGLIONE A CASAURIA;1314;1314;CHIETI;0;873
68010;13;CATIGNANO;1314;1314;CHIETI;0;1.449
68011;13;CEPAGATTI;1314;1314;CHIETI;0;10.449
68012;13;CITTÀ SANT'ANGELO;1312;1312;PESCARA;0;14.379
68013;13;CIVITAQUANA;1314;1314;CHIETI;0;1.322
68014;13;CIVITELLA CASANOVA;1311;1311;PENNE;0;1.875
68015;13;COLLECORVINO;1311;1311;PENNE;0;5.908
68016;13;CORVARA;1314;1314;CHIETI;0;278
68017;13;CUGNOLI;1314;1314;CHIETI;0;1.590
68018;13;ELICE;1311;1311;PENNE;0;1.729
68019;13;FARINDOLA;1311;1311;PENNE;0;1.601
68020;13;LETTOMANOPPELLO;1314;1314;CHIETI;0;3.019
68021;13;LORETO APRUTINO;1311;1311;PENNE;0;7.619
68022;13;MANOPPELLO;1314;1314;CHIETI;0;7.008
68023;13;MONTEBELLO DI BERTONA;1311;1311;PENNE;0;1.023
68024;13;MONTESILVANO;1312;1312;PESCARA;0;50.413
68025;13;MOSCUFO;1312;1312;PESCARA;0;3.264
68026;13;NOCCIANO;1314;1314;CHIETI;0;1.800
68027;13;PENNE;1311;1311;PENNE;1;12.717
68028;13;PESCARA;1312;1312;PESCARA;1;117.166
68029;13;PESCOSANSONESCO;1314;1314;CHIETI;0;517
68030;13;PIANELLA;1312;1312;PESCARA;0;8.437
68031;13;PICCIANO;1311;1311;PENNE;0;1.338
68032;13;PIETRANICO;1314;1314;CHIETI;0;509
68033;13;POPOLI;1306;1306;SULMONA;0;5.450
68034;13;ROCCAMORICE;1314;1314;CHIETI;0;989
68035;13;ROSCIANO;1314;1314;CHIETI;0;3.663
68036;13;SALLE;1314;1314;CHIETI;0;317
68037;13;SANT'EUFEMIA A MAIELLA;1314;1314;CHIETI;0;299
68038;13;SAN VALENTINO IN ABRUZZO CITERIORE;1314;1314;CHIETI;0;1.930
68039;13;SCAFA;1314;1314;CHIETI;0;3.836
68040;13;SERRAMONACESCA;1314;1314;CHIETI;0;582
68041;13;SPOLTORE;1312;1312;PESCARA;0;18.566
68042;13;TOCCO DA CASAURIA;1314;1314;CHIETI;0;2.721
68043;13;TORRE DE' PASSERI;1314;1314;CHIETI;0;3.174
68044;13;TURRIVALIGNANI;1314;1314;CHIETI;0;884
68045;13;VICOLI;1314;1314;CHIETI;0;396
68046;13;VILLA CELIERA;1311;1311;PENNE;0;747
69001;13;ALTINO;1313;1313;ATESSA;0;2.833
69002;13;ARCHI;1313;1313;ATESSA;0;2.282
69003;13;ARI;1314;1314;CHIETI;0;1.165
69004;13;ARIELLI;1316;1316;ORTONA;0;1.144
69005;13;ATESSA;1313;1313;ATESSA;1;10.761
69006;13;BOMBA;1313;1313;ATESSA;0;885
69007;13;BORRELLO;1313;1313;ATESSA;0;368
69008;13;BUCCHIANICO;1314;1314;CHIETI;0;5.221
69009;13;MONTEBELLO SUL SANGRO;1313;1313;ATESSA;0;99
69010;13;CANOSA SANNITA;1316;1316;ORTONA;0;1.441
69011;13;CARPINETO SINELLO;1318;1318;VASTO;0;666
69012;13;CARUNCHIO;1317;1317;SAN SALVO;0;639
69013;13;CASACANDITELLA;1315;1315;GUARDIAGRELE;0;1.340
69014;13;CASALANGUIDA;1313;1313;ATESSA;0;1.006
69015;13;CASALBORDINO;1318;1318;VASTO;0;6.303
69016;13;CASALINCONTRADA;1314;1314;CHIETI;0;3.153
69017;13;CASOLI;1315;1315;GUARDIAGRELE;0;5.847
69018;13;CASTEL FRENTANO;1313;1313;ATESSA;0;4.311
69019;13;CASTELGUIDONE;1317;1317;SAN SALVO;0;416
69020;13;CASTIGLIONE MESSER MARINO;1404;1404;AGNONE;0;1.898
69021;13;CELENZA SUL TRIGNO;1317;1317;SAN SALVO;0;974
69022;13;CHIETI;1314;1314;CHIETI;1;51.484
69023;13;CIVITALUPARELLA;1313;1313;ATESSA;0;349
69024;13;CIVITELLA MESSER RAIMONDO;1315;1315;GUARDIAGRELE;0;861
69025;13;COLLEDIMACINE;1315;1315;GUARDIAGRELE;0;237
69026;13;COLLEDIMEZZO;1313;1313;ATESSA;0;531
69027;13;CRECCHIO;1316;1316;ORTONA;0;2.932
69028;13;CUPELLO;1317;1317;SAN SALVO;0;4.848
69029;13;DOGLIOLA;1317;1317;SAN SALVO;0;389
69030;13;FARA FILIORUM PETRI;1315;1315;GUARDIAGRELE;0;1.955
69031;13;FARA SAN MARTINO;1315;1315;GUARDIAGRELE;0;1.524
69032;13;FILETTO;1315;1315;GUARDIAGRELE;0;1.026
69033;13;FOSSACESIA;1313;1313;ATESSA;0;6.217
69034;13;FRAINE;1404;1404;AGNONE;0;396
69035;13;FRANCAVILLA AL MARE;1312;1312;PESCARA;0;23.816
69036;13;FRESAGRANDINARIA;1317;1317;SAN SALVO;0;1.056
69037;13;FRISA;1313;1313;ATESSA;0;1.889
69038;13;FURCI;1318;1318;VASTO;0;1.088
69039;13;GAMBERALE;1302;1302;CASTEL DI SANGRO;0;328
69040;13;GESSOPALENA;1315;1315;GUARDIAGRELE;0;1.550
69041;13;GISSI;1318;1318;VASTO;0;2.935
69042;13;GIULIANO TEATINO;1314;1314;CHIETI;0;1.270
69043;13;GUARDIAGRELE;1315;1315;GUARDIAGRELE;1;9.367
69044;13;GUILMI;1313;1313;ATESSA;0;432
69045;13;LAMA DEI PELIGNI;1315;1315;GUARDIAGRELE;0;1.364
69046;13;LANCIANO;1313;1313;ATESSA;0;35.921
69047;13;LENTELLA;1317;1317;SAN SALVO;0;725
69048;13;LETTOPALENA;1315;1315;GUARDIAGRELE;0;365
69049;13;LISCIA;1318;1318;VASTO;0;712
69050;13;MIGLIANICO;1314;1314;CHIETI;0;4.844
69051;13;MONTAZZOLI;1313;1313;ATESSA;0;1.032
69052;13;MONTEFERRANTE;1313;1313;ATESSA;0;141
69053;13;MONTELAPIANO;1313;1313;ATESSA;0;80
69054;13;MONTENERODOMO;1313;1313;ATESSA;0;736
69055;13;MONTEODORISIO;1318;1318;VASTO;0;2.564
69056;13;MOZZAGROGNA;1313;1313;ATESSA;0;2.291
69057;13;ORSOGNA;1315;1315;GUARDIAGRELE;0;4.008
69058;13;ORTONA;1316;1316;ORTONA;1;23.425
69059;13;PAGLIETA;1313;1313;ATESSA;0;4.466
69060;13;PALENA;1315;1315;GUARDIAGRELE;0;1.412
69061;13;PALMOLI;1317;1317;SAN SALVO;0;980
69062;13;PALOMBARO;1315;1315;GUARDIAGRELE;0;1.108
69063;13;PENNADOMO;1313;1313;ATESSA;0;311
69064;13;PENNAPIEDIMONTE;1315;1315;GUARDIAGRELE;0;515
69065;13;PERANO;1313;1313;ATESSA;0;1.664
69066;13;PIZZOFERRATO;1313;1313;ATESSA;0;1.127
69067;13;POGGIOFIORITO;1316;1316;ORTONA;0;943
69068;13;POLLUTRI;1318;1318;VASTO;0;2.306
69069;13;PRETORO;1315;1315;GUARDIAGRELE;0;989
69070;13;QUADRI;1313;1313;ATESSA;0;863
69071;13;RAPINO;1315;1315;GUARDIAGRELE;0;1.356
69072;13;RIPA TEATINA;1314;1314;CHIETI;0;4.188
69073;13;ROCCAMONTEPIANO;1315;1315;GUARDIAGRELE;0;1.792
69074;13;ROCCA SAN GIOVANNI;1313;1313;ATESSA;0;2.348
69075;13;ROCCASCALEGNA;1313;1313;ATESSA;0;1.285
69076;13;ROCCASPINALVETI;1313;1313;ATESSA;0;1.434
69077;13;ROIO DEL SANGRO;1404;1404;AGNONE;0;103
69078;13;ROSELLO;1404;1404;AGNONE;0;253
69079;13;SAN BUONO;1318;1318;VASTO;0;1.020
69080;13;SAN GIOVANNI LIPIONI;1317;1317;SAN SALVO;0;210
69081;13;SAN GIOVANNI TEATINO;1312;1312;PESCARA;0;12.733
69082;13;SAN MARTINO SULLA MARRUCINA;1315;1315;GUARDIAGRELE;0;960
69083;13;SAN SALVO;1317;1317;SAN SALVO;1;18.848
69084;13;SANTA MARIA IMBARO;1313;1313;ATESSA;0;1.830
69085;13;SANT'EUSANIO DEL SANGRO;1313;1313;ATESSA;0;2.453
69086;13;SAN VITO CHIETINO;1313;1313;ATESSA;0;5.226
69087;13;SCERNI;1318;1318;VASTO;0;3.399
69088;13;SCHIAVI DI ABRUZZO;1317;1317;SAN SALVO;0;931
69089;13;TARANTA PELIGNA;1315;1315;GUARDIAGRELE;0;399
69090;13;TOLLO;1316;1316;ORTONA;0;4.071
69091;13;TORINO DI SANGRO;1313;1313;ATESSA;0;3.041
69092;13;TORNARECCIO;1313;1313;ATESSA;0;1.932
69093;13;TORREBRUNA;1317;1317;SAN SALVO;0;924
69094;13;TORREVECCHIA TEATINA;1314;1314;CHIETI;0;4.092
69095;13;TORRICELLA PELIGNA;1313;1313;ATESSA;0;1.391
69096;13;TREGLIO;1313;1313;ATESSA;0;1.575
69097;13;TUFILLO;1317;1317;SAN SALVO;0;468
69098;13;VACRI;1315;1315;GUARDIAGRELE;0;1.702
69099;13;VASTO;1318;1318;VASTO;1;38.747
69100;13;VILLALFONSINA;1318;1318;VASTO;0;977
69101;13;VILLAMAGNA;1314;1314;CHIETI;0;2.437
69102;13;VILLA SANTA MARIA;1313;1313;ATESSA;0;1.433
69103;13;PIETRAFERRAZZANA;1313;1313;ATESSA;0;128
69104;13;FALLO;1313;1313;ATESSA;0;146
70001;14;ACQUAVIVA COLLECROCE;1403;1403;TERMOLI;0;674
70002;14;BARANELLO;1402;1402;CAMPOBASSO;0;2.732
70003;14;BOJANO;1401;1401;BOJANO;1;7.946
70004;14;BONEFRO;1403;1403;TERMOLI;0;1.528
70005;14;BUSSO;1402;1402;CAMPOBASSO;0;1.367
70006;14;CAMPOBASSO;1402;1402;CAMPOBASSO;1;48.747
70007;14;CAMPOCHIARO;1401;1401;BOJANO;0;637
70008;14;CAMPODIPIETRA;1402;1402;CAMPOBASSO;0;2.567
70009;14;CAMPOLIETO;1402;1402;CAMPOBASSO;0;938
70010;14;CAMPOMARINO;1403;1403;TERMOLI;0;7.068
70011;14;CASACALENDA;1403;1403;TERMOLI;0;2.207
70012;14;CASALCIPRANO;1402;1402;CAMPOBASSO;0;571
70013;14;CASTELBOTTACCIO;1402;1402;CAMPOBASSO;0;349
70014;14;CASTELLINO DEL BIFERNO;1402;1402;CAMPOBASSO;0;589
70015;14;CASTELMAURO;1403;1403;TERMOLI;0;1.638
70016;14;CASTROPIGNANO;1402;1402;CAMPOBASSO;0;1.029
70017;14;CERCEMAGGIORE;1402;1402;CAMPOBASSO;0;3.927
70018;14;CERCEPICCOLA;1402;1402;CAMPOBASSO;0;685
70019;14;CIVITACAMPOMARANO;1403;1403;TERMOLI;0;451
70020;14;COLLE D'ANCHISE;1401;1401;BOJANO;0;802
70021;14;COLLETORTO;1403;1403;TERMOLI;0;2.087
70022;14;DURONIA;1402;1402;CAMPOBASSO;0;431
70023;14;FERRAZZANO;1402;1402;CAMPOBASSO;0;3.287
70024;14;FOSSALTO;1402;1402;CAMPOBASSO;0;1.480
70025;14;GAMBATESA;1402;1402;CAMPOBASSO;0;1.487
70026;14;GILDONE;1402;1402;CAMPOBASSO;0;850
70027;14;GUARDIALFIERA;1403;1403;TERMOLI;0;1.120
70028;14;GUARDIAREGIA;1401;1401;BOJANO;0;787
70029;14;GUGLIONESI;1403;1403;TERMOLI;0;5.449
70030;14;JELSI;1402;1402;CAMPOBASSO;0;1.797
70031;14;LARINO;1403;1403;TERMOLI;0;7.142
70032;14;LIMOSANO;1402;1402;CAMPOBASSO;0;826
70033;14;LUCITO;1402;1402;CAMPOBASSO;0;734
70034;14;LUPARA;1403;1403;TERMOLI;0;538
70035;14;MACCHIA VALFORTORE;1402;1402;CAMPOBASSO;0;621
70036;14;MAFALDA;1317;1317;SAN SALVO;0;1.231
70037;14;MATRICE;1402;1402;CAMPOBASSO;0;1.110
70038;14;MIRABELLO SANNITICO;1402;1402;CAMPOBASSO;0;2.157
70039;14;MOLISE;1405;1405;ISERNIA;0;162
70040;14;MONACILIONI;1402;1402;CAMPOBASSO;0;553
70041;14;MONTAGANO;1402;1402;CAMPOBASSO;0;1.150
70042;14;MONTECILFONE;1403;1403;TERMOLI;0;1.423
70043;14;MONTEFALCONE NEL SANNIO;1403;1403;TERMOLI;0;1.650
70044;14;MONTELONGO;1403;1403;TERMOLI;0;384
70045;14;MONTEMITRO;1317;1317;SAN SALVO;0;454
70046;14;MONTENERO DI BISACCIA;1317;1317;SAN SALVO;0;6.649
70047;14;MONTORIO NEI FRENTANI;1403;1403;TERMOLI;0;466
70048;14;MORRONE DEL SANNIO;1402;1402;CAMPOBASSO;0;648
70049;14;ORATINO;1402;1402;CAMPOBASSO;0;1.560
70050;14;PALATA;1403;1403;TERMOLI;0;1.769
70051;14;PETACCIATO;1403;1403;TERMOLI;0;3.638
70052;14;PETRELLA TIFERNINA;1402;1402;CAMPOBASSO;0;1.206
70053;14;PIETRACATELLA;1402;1402;CAMPOBASSO;0;1.433
70054;14;PIETRACUPA;1402;1402;CAMPOBASSO;0;228
70055;14;PORTOCANNONE;1403;1403;TERMOLI;0;2.549
70056;14;PROVVIDENTI;1403;1403;TERMOLI;0;122
70057;14;RICCIA;1402;1402;CAMPOBASSO;0;5.403
70058;14;RIPABOTTONI;1403;1403;TERMOLI;0;544
70059;14;RIPALIMOSANI;1402;1402;CAMPOBASSO;0;2.972
70060;14;ROCCAVIVARA;1317;1317;SAN SALVO;0;840
70061;14;ROTELLO;1403;1403;TERMOLI;0;1.219
70062;14;SALCITO;1402;1402;CAMPOBASSO;0;695
70063;14;SAN BIASE;1402;1402;CAMPOBASSO;0;209
70064;14;SAN FELICE DEL MOLISE;1317;1317;SAN SALVO;0;694
70065;14;SAN GIACOMO DEGLI SCHIAVONI;1403;1403;TERMOLI;0;1.410
70066;14;SAN GIOVANNI IN GALDO;1402;1402;CAMPOBASSO;0;624
70067;14;SAN GIULIANO DEL SANNIO;1402;1402;CAMPOBASSO;0;1.050
70068;14;SAN GIULIANO DI PUGLIA;1403;1403;TERMOLI;0;1.057
70069;14;SAN MARTINO IN PENSILIS;1403;1403;TERMOLI;0;4.797
70070;14;SAN MASSIMO;1401;1401;BOJANO;0;836
70071;14;SAN POLO MATESE;1401;1401;BOJANO;0;458
70072;14;SANTA CROCE DI MAGLIANO;1403;1403;TERMOLI;0;4.692
70073;14;SANT'ANGELO LIMOSANO;1402;1402;CAMPOBASSO;0;348
70074;14;SANT'ELIA A PIANISI;1402;1402;CAMPOBASSO;0;1.910
70075;14;SEPINO;1401;1401;BOJANO;0;1.985
70076;14;SPINETE;1401;1401;BOJANO;0;1.373
70077;14;TAVENNA;1403;1403;TERMOLI;0;815
70078;14;TERMOLI;1403;1403;TERMOLI;1;32.793
70079;14;TORELLA DEL SANNIO;1402;1402;CAMPOBASSO;0;794
70080;14;TORO;1402;1402;CAMPOBASSO;0;1.450
70081;14;TRIVENTO;1402;1402;CAMPOBASSO;0;4.812
70082;14;TUFARA;1402;1402;CAMPOBASSO;0;978
70083;14;URURI;1403;1403;TERMOLI;0;2.793
70084;14;VINCHIATURO;1402;1402;CAMPOBASSO;0;3.238
94001;14;ACQUAVIVA D'ISERNIA;1405;1405;ISERNIA;0;455
94002;14;AGNONE;1404;1404;AGNONE;1;5.240
94003;14;BAGNOLI DEL TRIGNO;1402;1402;CAMPOBASSO;0;772
94004;14;BELMONTE DEL SANNIO;1404;1404;AGNONE;0;810
94005;14;CANTALUPO NEL SANNIO;1405;1405;ISERNIA;0;729
94006;14;CAPRACOTTA;1404;1404;AGNONE;0;950
94007;14;CAROVILLI;1405;1405;ISERNIA;0;1.428
94008;14;CARPINONE;1405;1405;ISERNIA;0;1.226
94009;14;CASTEL DEL GIUDICE;1302;1302;CASTEL DI SANGRO;0;355
94010;14;CASTELPETROSO;1405;1405;ISERNIA;0;1.662
94011;14;CASTELPIZZUTO;1405;1405;ISERNIA;0;159
94012;14;CASTEL SAN VINCENZO;1405;1405;ISERNIA;0;545
94013;14;CASTELVERRINO;1404;1404;AGNONE;0;124
94014;14;CERRO AL VOLTURNO;1302;1302;CASTEL DI SANGRO;0;1.341
94015;14;CHIAUCI;1405;1405;ISERNIA;0;268
94016;14;CIVITANOVA DEL SANNIO;1405;1405;ISERNIA;0;955
94017;14;COLLI A VOLTURNO;1405;1405;ISERNIA;0;1.382
94018;14;CONCA CASALE;1405;1405;ISERNIA;0;214
94019;14;FILIGNANO;1405;1405;ISERNIA;0;689
94020;14;FORLÌ DEL SANNIO;1405;1405;ISERNIA;0;735
94021;14;FORNELLI;1405;1405;ISERNIA;0;1.925
94022;14;FROSOLONE;1405;1405;ISERNIA;0;3.255
94023;14;ISERNIA;1405;1405;ISERNIA;1;22.025
94024;14;LONGANO;1405;1405;ISERNIA;0;697
94025;14;MACCHIA D'ISERNIA;1405;1405;ISERNIA;0;979
94026;14;MACCHIAGODENA;1405;1405;ISERNIA;0;1.844
94027;14;MIRANDA;1405;1405;ISERNIA;0;1.064
94028;14;MONTAQUILA;1405;1405;ISERNIA;0;2.451
94029;14;MONTENERO VAL COCCHIARA;1302;1302;CASTEL DI SANGRO;0;558
94030;14;MONTERODUNI;1405;1405;ISERNIA;0;2.267
94031;14;PESCHE;1405;1405;ISERNIA;0;1.577
94032;14;PESCOLANCIANO;1405;1405;ISERNIA;0;878
94033;14;PESCOPENNATARO;1404;1404;AGNONE;0;300
94034;14;PETTORANELLO DEL MOLISE;1405;1405;ISERNIA;0;459
94035;14;PIETRABBONDANTE;1405;1405;ISERNIA;0;826
94036;14;PIZZONE;1405;1405;ISERNIA;0;335
94037;14;POGGIO SANNITA;1404;1404;AGNONE;0;764
94038;14;POZZILLI;1405;1405;ISERNIA;0;2.275
94039;14;RIONERO SANNITICO;1302;1302;CASTEL DI SANGRO;0;1.129
94040;14;ROCCAMANDOLFI;1405;1405;ISERNIA;0;987
94041;14;ROCCASICURA;1405;1405;ISERNIA;0;559
94042;14;ROCCHETTA A VOLTURNO;1405;1405;ISERNIA;0;1.064
94043;14;SAN PIETRO AVELLANA;1302;1302;CASTEL DI SANGRO;0;537
94044;14;SANT'AGAPITO;1405;1405;ISERNIA;0;1.387
94045;14;SANTA MARIA DEL MOLISE;1405;1405;ISERNIA;0;635
94046;14;SANT'ANGELO DEL PESCO;1404;1404;AGNONE;0;368
94047;14;SANT'ELENA SANNITA;1405;1405;ISERNIA;0;260
94048;14;SCAPOLI;1405;1405;ISERNIA;0;758
94049;14;SESSANO DEL MOLISE;1405;1405;ISERNIA;0;744
94050;14;SESTO CAMPANO;1405;1405;ISERNIA;0;2.331
94051;14;VASTOGIRARDI;1405;1405;ISERNIA;0;728
94052;14;VENAFRO;1405;1405;ISERNIA;0;11.236
61001;15;AILANO;1503;1503;PIEDIMONTE MATESE;0;1.380
61002;15;ALIFE;1503;1503;PIEDIMONTE MATESE;0;7.660
61003;15;ALVIGNANO;1503;1503;PIEDIMONTE MATESE;0;4.914
61004;15;ARIENZO;1501;1501;CASERTA;0;5.333
61005;15;AVERSA;1517;1517;NAPOLI;0;52.830
61006;15;BAIA E LATINA;1503;1503;PIEDIMONTE MATESE;0;2.251
61007;15;BELLONA;1517;1517;NAPOLI;0;5.705
61008;15;CAIANELLO;1505;1505;TEANO;0;1.782
61009;15;CAIAZZO;1503;1503;PIEDIMONTE MATESE;0;5.657
61010;15;CALVI RISORTA;1505;1505;TEANO;0;5.785
61011;15;CAMIGLIANO;1505;1505;TEANO;0;1.902
61012;15;CANCELLO ED ARNONE;1502;1502;MONDRAGONE;0;5.428
61013;15;CAPODRISE;1501;1501;CASERTA;0;9.773
61014;15;CAPRIATI A VOLTURNO;1405;1405;ISERNIA;0;1.594
61015;15;CAPUA;1517;1517;NAPOLI;0;19.036
61016;15;CARINARO;1517;1517;NAPOLI;0;6.886
61017;15;CARINOLA;1504;1504;SESSA AURUNCA;0;8.056
61018;15;CASAGIOVE;1501;1501;CASERTA;0;13.705
61019;15;CASAL DI PRINCIPE;1502;1502;MONDRAGONE;0;20.828
61020;15;CASALUCE;1517;1517;NAPOLI;0;10.001
61021;15;CASAPULLA;1501;1501;CASERTA;0;8.180
61022;15;CASERTA;1501;1501;CASERTA;1;75.640
61023;15;CASTEL CAMPAGNANO;1512;1512;TELESE TERME;0;1.608
61024;15;CASTEL DI SASSO;1503;1503;PIEDIMONTE MATESE;0;1.193
61025;15;CASTELLO DEL MATESE;1503;1503;PIEDIMONTE MATESE;0;1.509
61026;15;CASTEL MORRONE;1501;1501;CASERTA;0;3.934
61027;15;CASTEL VOLTURNO;1502;1502;MONDRAGONE;0;22.882
61028;15;CERVINO;1501;1501;CASERTA;0;5.024
61029;15;CESA;1517;1517;NAPOLI;0;8.496
61030;15;CIORLANO;1405;1405;ISERNIA;0;440
61031;15;CONCA DELLA CAMPANIA;1505;1505;TEANO;0;1.256
61032;15;CURTI;1517;1517;NAPOLI;0;7.110
61033;15;DRAGONI;1503;1503;PIEDIMONTE MATESE;0;2.167
61034;15;FONTEGRECA;1405;1405;ISERNIA;0;849
61035;15;FORMICOLA;1503;1503;PIEDIMONTE MATESE;0;1.504
61036;15;FRANCOLISE;1504;1504;SESSA AURUNCA;0;4.921
61037;15;FRIGNANO;1517;1517;NAPOLI;0;8.733
61038;15;GALLO MATESE;1405;1405;ISERNIA;0;648
61039;15;GALLUCCIO;1216;1216;CASSINO;0;2.239
61040;15;GIANO VETUSTO;1505;1505;TEANO;0;663
61041;15;GIOIA SANNITICA;1503;1503;PIEDIMONTE MATESE;0;3.640
61042;15;GRAZZANISE;1502;1502;MONDRAGONE;0;7.085
61043;15;GRICIGNANO DI AVERSA;1517;1517;NAPOLI;0;10.559
61044;15;LETINO;1405;1405;ISERNIA;0;715
61045;15;LIBERI;1503;1503;PIEDIMONTE MATESE;0;1.157
61046;15;LUSCIANO;1517;1517;NAPOLI;0;14.539
61047;15;MACERATA CAMPANIA;1501;1501;CASERTA;0;10.558
61048;15;MADDALONI;1501;1501;CASERTA;0;39.409
61049;15;MARCIANISE;1501;1501;CASERTA;0;40.297
61050;15;MARZANO APPIO;1505;1505;TEANO;0;2.345
61051;15;MIGNANO MONTE LUNGO;1216;1216;CASSINO;0;3.258
61052;15;MONDRAGONE;1502;1502;MONDRAGONE;1;27.070
61053;15;ORTA DI ATELLA;1517;1517;NAPOLI;0;24.796
61054;15;PARETE;1517;1517;NAPOLI;0;11.012
61055;15;PASTORANO;1505;1505;TEANO;0;2.920
61056;15;PIANA DI MONTE VERNA;1503;1503;PIEDIMONTE MATESE;0;2.382
61057;15;PIEDIMONTE MATESE;1503;1503;PIEDIMONTE MATESE;1;11.504
61058;15;PIETRAMELARA;1505;1505;TEANO;0;4.657
61059;15;PIETRAVAIRANO;1505;1505;TEANO;0;3.018
61060;15;PIGNATARO MAGGIORE;1505;1505;TEANO;0;6.230
61061;15;PONTELATONE;1503;1503;PIEDIMONTE MATESE;0;1.758
61062;15;PORTICO DI CASERTA;1501;1501;CASERTA;0;7.719
61063;15;PRATA SANNITA;1405;1405;ISERNIA;0;1.571
61064;15;PRATELLA;1503;1503;PIEDIMONTE MATESE;0;1.615
61065;15;PRESENZANO;1505;1505;TEANO;0;1.747
61066;15;RAVISCANINA;1503;1503;PIEDIMONTE MATESE;0;1.376
61067;15;RECALE;1501;1501;CASERTA;0;7.611
61068;15;RIARDO;1505;1505;TEANO;0;2.412
61069;15;ROCCA D'EVANDRO;1216;1216;CASSINO;0;3.366
61070;15;ROCCAMONFINA;1505;1505;TEANO;0;3.626
61071;15;ROCCAROMANA;1505;1505;TEANO;0;878
61072;15;ROCCHETTA E CROCE;1505;1505;TEANO;0;463
61073;15;RUVIANO;1503;1503;PIEDIMONTE MATESE;0;1.822
61074;15;SAN CIPRIANO D'AVERSA;1502;1502;MONDRAGONE;0;13.416
61075;15;SAN FELICE A CANCELLO;1501;1501;CASERTA;0;17.110
61076;15;SAN GREGORIO MATESE;1503;1503;PIEDIMONTE MATESE;0;1.022
61077;15;SAN MARCELLINO;1517;1517;NAPOLI;0;12.643
61078;15;SAN NICOLA LA STRADA;1501;1501;CASERTA;0;21.157
61079;15;SAN PIETRO INFINE;1216;1216;CASSINO;0;949
61080;15;SAN POTITO SANNITICO;1503;1503;PIEDIMONTE MATESE;0;2.000
61081;15;SAN PRISCO;1501;1501;CASERTA;0;11.903
61082;15;SANTA MARIA A VICO;1501;1501;CASERTA;0;14.134
61083;15;SANTA MARIA CAPUA VETERE;1517;1517;NAPOLI;0;32.503
61084;15;SANTA MARIA LA FOSSA;1502;1502;MONDRAGONE;0;2.682
61085;15;SAN TAMMARO;1517;1517;NAPOLI;0;5.064
61086;15;SANT'ANGELO D'ALIFE;1503;1503;PIEDIMONTE MATESE;0;2.276
61087;15;SANT'ARPINO;1517;1517;NAPOLI;0;14.076
61088;15;SESSA AURUNCA;1504;1504;SESSA AURUNCA;1;22.216
61089;15;SPARANISE;1504;1504;SESSA AURUNCA;0;7.509
61090;15;SUCCIVO;1517;1517;NAPOLI;0;8.148
61091;15;TEANO;1505;1505;TEANO;1;12.587
61092;15;TEVEROLA;1517;1517;NAPOLI;0;13.610
61093;15;TORA E PICCILLI;1505;1505;TEANO;0;947
61094;15;TRENTOLA-DUCENTA;1517;1517;NAPOLI;0;17.797
61095;15;VAIRANO PATENORA;1505;1505;TEANO;0;6.658
61096;15;VALLE AGRICOLA;1503;1503;PIEDIMONTE MATESE;0;975
61097;15;VALLE DI MADDALONI;1501;1501;CASERTA;0;2.807
61098;15;VILLA DI BRIANO;1502;1502;MONDRAGONE;0;6.066
61099;15;VILLA LITERNO;1502;1502;MONDRAGONE;0;10.715
61100;15;VITULAZIO;1517;1517;NAPOLI;0;7.020
61101;15;FALCIANO DEL MASSICO;1502;1502;MONDRAGONE;0;3.673
61102;15;CELLOLE;1504;1504;SESSA AURUNCA;0;7.684
61103;15;CASAPESENNA;1502;1502;MONDRAGONE;0;6.651
61104;15;SAN MARCO EVANGELISTA;1501;1501;CASERTA;0;6.306
62001;15;AIROLA;1508;1508;MONTESARCHIO;0;8.062
62002;15;AMOROSI;1512;1512;TELESE TERME;0;2.836
62003;15;APICE;1506;1506;BENEVENTO;0;5.802
62004;15;APOLLOSA;1506;1506;BENEVENTO;0;2.697
62005;15;ARPAIA;1508;1508;MONTESARCHIO;0;2.016
62006;15;ARPAISE;1506;1506;BENEVENTO;0;830
62007;15;BASELICE;1510;1510;SAN BARTOLOMEO IN GALDO;0;2.555
62008;15;BENEVENTO;1506;1506;BENEVENTO;1;61.489
62009;15;BONEA;1508;1508;MONTESARCHIO;0;1.483
62010;15;BUCCIANO;1508;1508;MONTESARCHIO;0;2.077
62011;15;BUONALBERGO;1506;1506;BENEVENTO;0;1.824
62012;15;CALVI;1506;1506;BENEVENTO;0;2.616
62013;15;CAMPOLATTARO;1509;1509;MORCONE;0;1.084
62014;15;CAMPOLI DEL MONTE TABURNO;1506;1506;BENEVENTO;0;1.546
62015;15;CASALDUNI;1506;1506;BENEVENTO;0;1.474
62016;15;CASTELFRANCO IN MISCANO;1510;1510;SAN BARTOLOMEO IN GALDO;0;935
62017;15;CASTELPAGANO;1507;1507;COLLE SANNITA;0;1.547
62018;15;CASTELPOTO;1506;1506;BENEVENTO;0;1.326
62019;15;CASTELVENERE;1512;1512;TELESE TERME;0;2.620
62020;15;CASTELVETERE IN VAL FORTORE;1510;1510;SAN BARTOLOMEO IN GALDO;0;1.389
62021;15;CAUTANO;1506;1506;BENEVENTO;0;2.091
62022;15;CEPPALONI;1506;1506;BENEVENTO;0;3.375
62023;15;CERRETO SANNITA;1512;1512;TELESE TERME;0;4.083
62024;15;CIRCELLO;1507;1507;COLLE SANNITA;0;2.476
62025;15;COLLE SANNITA;1507;1507;COLLE SANNITA;1;2.513
62026;15;CUSANO MUTRI;1512;1512;TELESE TERME;0;4.186
62027;15;DUGENTA;1512;1512;TELESE TERME;0;2.752
62028;15;DURAZZANO;1508;1508;MONTESARCHIO;0;2.247
62029;15;FAICCHIO;1512;1512;TELESE TERME;0;3.698
62030;15;FOGLIANISE;1506;1506;BENEVENTO;0;3.509
62031;15;FOIANO DI VAL FORTORE;1510;1510;SAN BARTOLOMEO IN GALDO;0;1.477
62032;15;FORCHIA;1501;1501;CASERTA;0;1.238
62033;15;FRAGNETO L'ABATE;1506;1506;BENEVENTO;0;1.116
62034;15;FRAGNETO MONFORTE;1506;1506;BENEVENTO;0;1.889
62035;15;FRASSO TELESINO;1512;1512;TELESE TERME;0;2.404
62036;15;GINESTRA DEGLI SCHIAVONI;1510;1510;SAN BARTOLOMEO IN GALDO;0;532
62037;15;GUARDIA SANFRAMONDI;1512;1512;TELESE TERME;0;5.246
62038;15;LIMATOLA;1501;1501;CASERTA;0;4.077
62039;15;MELIZZANO;1512;1512;TELESE TERME;0;1.892
62040;15;MOIANO;1508;1508;MONTESARCHIO;0;4.121
62041;15;MOLINARA;1511;1511;SAN MARCO DEI CAVOTI;0;1.662
62042;15;MONTEFALCONE DI VAL FORTORE;1510;1510;SAN BARTOLOMEO IN GALDO;0;1.650
62043;15;MONTESARCHIO;1508;1508;MONTESARCHIO;1;13.198
62044;15;MORCONE;1509;1509;MORCONE;1;5.042
62045;15;PADULI;1506;1506;BENEVENTO;0;4.085
62046;15;PAGO VEIANO;1506;1506;BENEVENTO;0;2.545
62047;15;PANNARANO;1508;1508;MONTESARCHIO;0;2.082
62048;15;PAOLISI;1508;1508;MONTESARCHIO;0;1.983
62049;15;PAUPISI;1506;1506;BENEVENTO;0;1.560
62050;15;PESCO SANNITA;1511;1511;SAN MARCO DEI CAVOTI;0;2.081
62051;15;PIETRAROJA;1512;1512;TELESE TERME;0;587
62052;15;PIETRELCINA;1506;1506;BENEVENTO;0;3.081
62053;15;PONTE;1506;1506;BENEVENTO;0;2.661
62054;15;PONTELANDOLFO;1509;1509;MORCONE;0;2.288
62055;15;PUGLIANELLO;1512;1512;TELESE TERME;0;1.380
62056;15;REINO;1511;1511;SAN MARCO DEI CAVOTI;0;1.262
62057;15;SAN BARTOLOMEO IN GALDO;1510;1510;SAN BARTOLOMEO IN GALDO;1;5.090
62058;15;SAN GIORGIO DEL SANNIO;1506;1506;BENEVENTO;0;9.809
62059;15;SAN GIORGIO LA MOLARA;1511;1511;SAN MARCO DEI CAVOTI;0;3.050
62060;15;SAN LEUCIO DEL SANNIO;1506;1506;BENEVENTO;0;3.238
62061;15;SAN LORENZELLO;1512;1512;TELESE TERME;0;2.320
62062;15;SAN LORENZO MAGGIORE;1512;1512;TELESE TERME;0;2.165
62063;15;SAN LUPO;1512;1512;TELESE TERME;0;863
62064;15;SAN MARCO DEI CAVOTI;1511;1511;SAN MARCO DEI CAVOTI;1;3.544
62065;15;SAN MARTINO SANNITA;1506;1506;BENEVENTO;0;1.277
62066;15;SAN NAZZARO;1506;1506;BENEVENTO;0;914
62067;15;SAN NICOLA MANFREDI;1506;1506;BENEVENTO;0;3.624
62068;15;SAN SALVATORE TELESINO;1512;1512;TELESE TERME;0;4.038
62069;15;SANTA CROCE DEL SANNIO;1509;1509;MORCONE;0;985
62070;15;SANT'AGATA DE' GOTI;1508;1508;MONTESARCHIO;0;11.310
62071;15;SANT'ANGELO A CUPOLO;1506;1506;BENEVENTO;0;4.264
62072;15;SASSINORO;1509;1509;MORCONE;0;659
62073;15;SOLOPACA;1512;1512;TELESE TERME;0;3.956
62074;15;TELESE TERME;1512;1512;TELESE TERME;1;6.964
62075;15;TOCCO CAUDIO;1506;1506;BENEVENTO;0;1.543
62076;15;TORRECUSO;1506;1506;BENEVENTO;0;3.439
62077;15;VITULANO;1506;1506;BENEVENTO;0;2.930
62078;15;SANT'ARCANGELO TRIMONTE;1506;1506;BENEVENTO;0;641
63001;15;ACERRA;1517;1517;NAPOLI;0;56.465
63002;15;AFRAGOLA;1517;1517;NAPOLI;0;63.820
63003;15;AGEROLA;1540;1540;POSITANO;0;7.373
63004;15;ANACAPRI;1513;1513;CAPRI;0;6.546
63005;15;ARZANO;1517;1517;NAPOLI;0;34.933
63006;15;BACOLI;1517;1517;NAPOLI;0;26.648
63007;15;BARANO D'ISCHIA;1516;1516;ISCHIA;0;9.882
63008;15;BOSCOREALE;1521;1521;TORRE DEL GRECO;0;27.457
63009;15;BOSCOTRECASE;1521;1521;TORRE DEL GRECO;0;10.416
63010;15;BRUSCIANO;1518;1518;NOLA;0;16.010
63011;15;CAIVANO;1517;1517;NAPOLI;0;37.654
63012;15;CALVIZZANO;1517;1517;NAPOLI;0;12.537
63013;15;CAMPOSANO;1518;1518;NOLA;0;5.365
63014;15;CAPRI;1513;1513;CAPRI;1;6.831
63015;15;CARBONARA DI NOLA;1518;1518;NOLA;0;2.303
63016;15;CARDITO;1517;1517;NAPOLI;0;22.322
63017;15;CASALNUOVO DI NAPOLI;1517;1517;NAPOLI;0;48.621
63018;15;CASAMARCIANO;1518;1518;NOLA;0;3.272
63019;15;CASAMICCIOLA TERME;1516;1516;ISCHIA;0;8.080
63020;15;CASANDRINO;1517;1517;NAPOLI;0;13.295
63021;15;CASAVATORE;1517;1517;NAPOLI;0;18.663
63022;15;CASOLA DI NAPOLI;1514;1514;CASTELLAMMARE DI STABIA;0;3.852
63023;15;CASORIA;1517;1517;NAPOLI;0;78.647
63024;15;CASTELLAMMARE DI STABIA;1514;1514;CASTELLAMMARE DI STABIA;1;65.944
63025;15;CASTELLO DI CISTERNA;1517;1517;NAPOLI;0;7.452
63026;15;CERCOLA;1517;1517;NAPOLI;0;18.128
63027;15;CICCIANO;1518;1518;NOLA;0;12.698
63028;15;CIMITILE;1518;1518;NOLA;0;7.093
63029;15;COMIZIANO;1518;1518;NOLA;0;1.842
63030;15;CRISPANO;1517;1517;NAPOLI;0;12.411
63031;15;FORIO;1515;1515;FORIO;1;16.597
63032;15;FRATTAMAGGIORE;1517;1517;NAPOLI;0;30.241
63033;15;FRATTAMINORE;1517;1517;NAPOLI;0;15.708
63034;15;GIUGLIANO IN CAMPANIA;1517;1517;NAPOLI;0;108.793
63035;15;GRAGNANO;1514;1514;CASTELLAMMARE DI STABIA;0;29.509
63036;15;GRUMO NEVANO;1517;1517;NAPOLI;0;18.017
63037;15;ISCHIA;1516;1516;ISCHIA;1;18.688
63038;15;LACCO AMENO;1515;1515;FORIO;0;4.675
63039;15;LETTERE;1514;1514;CASTELLAMMARE DI STABIA;0;6.153
63040;15;LIVERI;1518;1518;NOLA;0;1.679
63041;15;MARANO DI NAPOLI;1517;1517;NAPOLI;0;57.204
63042;15;MARIGLIANELLA;1518;1518;NOLA;0;7.572
63043;15;MARIGLIANO;1518;1518;NOLA;0;30.247
63044;15;MASSA LUBRENSE;1520;1520;SORRENTO;0;14.020
63045;15;MELITO DI NAPOLI;1517;1517;NAPOLI;0;36.933
63046;15;META;1520;1520;SORRENTO;0;7.969
63047;15;MONTE DI PROCIDA;1517;1517;NAPOLI;0;12.975
63048;15;MUGNANO DI NAPOLI;1517;1517;NAPOLI;0;34.504
63049;15;NAPOLI;1517;1517;NAPOLI;1;962.003
63050;15;NOLA;1518;1518;NOLA;1;33.979
63051;15;OTTAVIANO;1519;1519;SAN GIUSEPPE VESUVIANO;0;23.543
63052;15;PALMA CAMPANIA;1518;1518;NOLA;0;14.905
63053;15;PIANO DI SORRENTO;1520;1520;SORRENTO;0;12.991
63054;15;PIMONTE;1514;1514;CASTELLAMMARE DI STABIA;0;6.000
63055;15;POGGIOMARINO;1519;1519;SAN GIUSEPPE VESUVIANO;0;21.206
63056;15;POLLENA TROCCHIA;1517;1517;NAPOLI;0;13.514
63057;15;POMIGLIANO D'ARCO;1517;1517;NAPOLI;0;40.083
63058;15;POMPEI;1521;1521;TORRE DEL GRECO;0;25.440
63059;15;PORTICI;1517;1517;NAPOLI;0;55.765
63060;15;POZZUOLI;1517;1517;NAPOLI;0;80.357
63061;15;PROCIDA;1517;1517;NAPOLI;0;10.228
63062;15;QUALIANO;1517;1517;NAPOLI;0;24.744
63063;15;QUARTO;1517;1517;NAPOLI;0;39.221
63064;15;ERCOLANO;1517;1517;NAPOLI;0;53.677
63065;15;ROCCARAINOLA;1518;1518;NOLA;0;7.164
63066;15;SAN GENNARO VESUVIANO;1518;1518;NOLA;0;11.073
63067;15;SAN GIORGIO A CREMANO;1517;1517;NAPOLI;0;45.523
63068;15;SAN GIUSEPPE VESUVIANO;1519;1519;SAN GIUSEPPE VESUVIANO;1;27.467
63069;15;SAN PAOLO BEL SITO;1518;1518;NOLA;0;3.422
63070;15;SAN SEBASTIANO AL VESUVIO;1517;1517;NAPOLI;0;9.167
63071;15;SANT'AGNELLO;1520;1520;SORRENTO;0;9.029
63072;15;SANT'ANASTASIA;1517;1517;NAPOLI;0;27.296
63073;15;SANT'ANTIMO;1517;1517;NAPOLI;0;34.107
63074;15;SANT'ANTONIO ABATE;1514;1514;CASTELLAMMARE DI STABIA;0;19.546
63075;15;SAN VITALIANO;1518;1518;NOLA;0;6.220
63076;15;SAVIANO;1518;1518;NOLA;0;15.488
63077;15;SCISCIANO;1518;1518;NOLA;0;5.775
63078;15;SERRARA FONTANA;1515;1515;FORIO;0;3.164
63079;15;SOMMA VESUVIANA;1518;1518;NOLA;0;34.592
63080;15;SORRENTO;1520;1520;SORRENTO;1;16.563
63081;15;STRIANO;1519;1519;SAN GIUSEPPE VESUVIANO;0;8.204
63082;15;TERZIGNO;1519;1519;SAN GIUSEPPE VESUVIANO;0;17.367
63083;15;TORRE ANNUNZIATA;1521;1521;TORRE DEL GRECO;0;43.521
63084;15;TORRE DEL GRECO;1521;1521;TORRE DEL GRECO;1;85.922
63085;15;TUFINO;1518;1518;NOLA;0;3.785
63086;15;VICO EQUENSE;1520;1520;SORRENTO;0;20.839
63087;15;VILLARICCA;1517;1517;NAPOLI;0;30.052
63088;15;VISCIANO;1518;1518;NOLA;0;4.550
63089;15;VOLLA;1517;1517;NAPOLI;0;22.989
63090;15;SANTA MARIA LA CARITÀ;1514;1514;CASTELLAMMARE DI STABIA;0;11.726
63091;15;TRECASE;1521;1521;TORRE DEL GRECO;0;9.118
63092;15;MASSA DI SOMMA;1517;1517;NAPOLI;0;5.587
64001;15;AIELLO DEL SABATO;1523;1523;AVELLINO;0;3.971
64002;15;ALTAVILLA IRPINA;1523;1523;AVELLINO;0;4.280
64003;15;ANDRETTA;1526;1526;VALLATA;0;2.056
64004;15;AQUILONIA;1526;1526;VALLATA;0;1.815
64005;15;ARIANO IRPINO;1522;1522;ARIANO IRPINO;1;22.517
64006;15;ATRIPALDA;1523;1523;AVELLINO;0;10.926
64007;15;AVELLA;1518;1518;NOLA;0;7.788
64008;15;AVELLINO;1523;1523;AVELLINO;1;54.222
64009;15;BAGNOLI IRPINO;1523;1523;AVELLINO;0;3.274
64010;15;BAIANO;1518;1518;NOLA;0;4.730
64011;15;BISACCIA;1526;1526;VALLATA;0;3.919
64012;15;BONITO;1522;1522;ARIANO IRPINO;0;2.526
64013;15;CAIRANO;1524;1524;SANT'ANGELO DEI LOMBARDI;0;348
64014;15;CALABRITTO;1537;1537;OLIVETO CITRA;0;2.500
64015;15;CALITRI;1524;1524;SANT'ANGELO DEI LOMBARDI;0;4.921
64016;15;CANDIDA;1523;1523;AVELLINO;0;1.152
64017;15;CAPOSELE;1537;1537;OLIVETO CITRA;0;3.537
64018;15;CAPRIGLIA IRPINA;1523;1523;AVELLINO;0;2.417
64019;15;CARIFE;1522;1522;ARIANO IRPINO;0;1.498
64020;15;CASALBORE;1522;1522;ARIANO IRPINO;0;1.922
64021;15;CASSANO IRPINO;1523;1523;AVELLINO;0;967
64022;15;CASTEL BARONIA;1522;1522;ARIANO IRPINO;0;1.150
64023;15;CASTELFRANCI;1524;1524;SANT'ANGELO DEI LOMBARDI;0;2.104
64024;15;CASTELVETERE SUL CALORE;1523;1523;AVELLINO;0;1.672
64025;15;CERVINARA;1508;1508;MONTESARCHIO;0;9.969
64026;15;CESINALI;1523;1523;AVELLINO;0;2.472
64027;15;CHIANCHE;1506;1506;BENEVENTO;0;551
64028;15;CHIUSANO DI SAN DOMENICO;1523;1523;AVELLINO;0;2.351
64029;15;CONTRADA;1523;1523;AVELLINO;0;3.005
64030;15;CONZA DELLA CAMPANIA;1524;1524;SANT'ANGELO DEI LOMBARDI;0;1.432
64031;15;DOMICELLA;1518;1518;NOLA;0;1.873
64032;15;FLUMERI;1522;1522;ARIANO IRPINO;0;3.045
64033;15;FONTANAROSA;1522;1522;ARIANO IRPINO;0;3.301
64034;15;FORINO;1523;1523;AVELLINO;0;5.397
64035;15;FRIGENTO;1522;1522;ARIANO IRPINO;0;3.965
64036;15;GESUALDO;1522;1522;ARIANO IRPINO;0;3.603
64037;15;GRECI;1522;1522;ARIANO IRPINO;0;736
64038;15;GROTTAMINARDA;1522;1522;ARIANO IRPINO;0;8.297
64039;15;GROTTOLELLA;1523;1523;AVELLINO;0;1.955
64040;15;GUARDIA LOMBARDI;1524;1524;SANT'ANGELO DEI LOMBARDI;0;1.803
64041;15;LACEDONIA;1526;1526;VALLATA;0;2.465
64042;15;LAPIO;1523;1523;AVELLINO;0;1.648
64043;15;LAURO;1518;1518;NOLA;0;3.608
64044;15;LIONI;1524;1524;SANT'ANGELO DEI LOMBARDI;0;6.335
64045;15;LUOGOSANO;1522;1522;ARIANO IRPINO;0;1.238
64046;15;MANOCALZATI;1523;1523;AVELLINO;0;3.234
64047;15;MARZANO DI NOLA;1518;1518;NOLA;0;1.680
64048;15;MELITO IRPINO;1522;1522;ARIANO IRPINO;0;1.936
64049;15;MERCOGLIANO;1523;1523;AVELLINO;0;12.403
64050;15;MIRABELLA ECLANO;1522;1522;ARIANO IRPINO;0;7.904
64051;15;MONTAGUTO;1522;1522;ARIANO IRPINO;0;451
64052;15;MONTECALVO IRPINO;1522;1522;ARIANO IRPINO;0;3.907
64053;15;MONTEFALCIONE;1523;1523;AVELLINO;0;3.442
64054;15;MONTEFORTE IRPINO;1523;1523;AVELLINO;0;10.878
64055;15;MONTEFREDANE;1523;1523;AVELLINO;0;2.308
64056;15;MONTEFUSCO;1523;1523;AVELLINO;0;1.393
64057;15;MONTELLA;1523;1523;AVELLINO;0;7.877
64058;15;MONTEMARANO;1523;1523;AVELLINO;0;3.005
64059;15;MONTEMILETTO;1523;1523;AVELLINO;0;5.361
64060;15;MONTEVERDE;1704;1704;MELFI;0;831
64061;15;MONTORO INFERIORE;1525;1525;SOLOFRA;0;10.579
64062;15;MONTORO SUPERIORE;1525;1525;SOLOFRA;0;8.877
64063;15;MORRA DE SANCTIS;1524;1524;SANT'ANGELO DEI LOMBARDI;0;1.309
64064;15;MOSCHIANO;1518;1518;NOLA;0;1.667
64065;15;MUGNANO DEL CARDINALE;1518;1518;NOLA;0;5.312
64066;15;NUSCO;1524;1524;SANT'ANGELO DEI LOMBARDI;0;4.258
64067;15;OSPEDALETTO D'ALPINOLO;1523;1523;AVELLINO;0;1.970
64068;15;PAGO DEL VALLO DI LAURO;1518;1518;NOLA;0;1.851
64069;15;PAROLISE;1523;1523;AVELLINO;0;686
64070;15;PATERNOPOLI;1523;1523;AVELLINO;0;2.489
64071;15;PETRURO IRPINO;1523;1523;AVELLINO;0;341
64072;15;PIETRADEFUSI;1523;1523;AVELLINO;0;2.375
64073;15;PIETRASTORNINA;1523;1523;AVELLINO;0;1.568
64074;15;PRATA DI PRINCIPATO ULTRA;1523;1523;AVELLINO;0;2.978
64075;15;PRATOLA SERRA;1523;1523;AVELLINO;0;3.708
64076;15;QUADRELLE;1518;1518;NOLA;0;1.893
64077;15;QUINDICI;1518;1518;NOLA;0;1.785
64078;15;ROCCABASCERANA;1508;1508;MONTESARCHIO;0;2.366
64079;15;ROCCA SAN FELICE;1524;1524;SANT'ANGELO DEI LOMBARDI;0;869
64080;15;ROTONDI;1508;1508;MONTESARCHIO;0;3.580
64081;15;SALZA IRPINA;1523;1523;AVELLINO;0;767
64082;15;SAN MANGO SUL CALORE;1523;1523;AVELLINO;0;1.192
64083;15;SAN MARTINO VALLE CAUDINA;1508;1508;MONTESARCHIO;0;4.745
64084;15;SAN MICHELE DI SERINO;1523;1523;AVELLINO;0;2.591
64085;15;SAN NICOLA BARONIA;1522;1522;ARIANO IRPINO;0;784
64086;15;SAN POTITO ULTRA;1523;1523;AVELLINO;0;1.598
64087;15;SAN SOSSIO BARONIA;1522;1522;ARIANO IRPINO;0;1.697
64088;15;SANTA LUCIA DI SERINO;1523;1523;AVELLINO;0;1.446
64089;15;SANT'ANDREA DI CONZA;1524;1524;SANT'ANGELO DEI LOMBARDI;0;1.662
64090;15;SANT'ANGELO ALL'ESCA;1522;1522;ARIANO IRPINO;0;836
64091;15;SANT'ANGELO A SCALA;1523;1523;AVELLINO;0;755
64092;15;SANT'ANGELO DEI LOMBARDI;1524;1524;SANT'ANGELO DEI LOMBARDI;1;4.304
64093;15;SANTA PAOLINA;1523;1523;AVELLINO;0;1.366
64095;15;SANTO STEFANO DEL SOLE;1523;1523;AVELLINO;0;2.189
64096;15;SAVIGNANO IRPINO;1522;1522;ARIANO IRPINO;0;1.163
64097;15;SCAMPITELLA;1526;1526;VALLATA;0;1.344
64098;15;SENERCHIA;1537;1537;OLIVETO CITRA;0;1.014
64099;15;SERINO;1523;1523;AVELLINO;0;7.129
64100;15;SIRIGNANO;1518;1518;NOLA;0;2.878
64101;15;SOLOFRA;1525;1525;SOLOFRA;1;12.419
64102;15;SORBO SERPICO;1523;1523;AVELLINO;0;594
64103;15;SPERONE;1518;1518;NOLA;0;3.655
64104;15;STURNO;1522;1522;ARIANO IRPINO;0;3.139
64105;15;SUMMONTE;1523;1523;AVELLINO;0;1.613
64106;15;TAURANO;1518;1518;NOLA;0;1.600
64107;15;TAURASI;1522;1522;ARIANO IRPINO;0;2.444
64108;15;TEORA;1524;1524;SANT'ANGELO DEI LOMBARDI;0;1.543
64109;15;TORELLA DEI LOMBARDI;1524;1524;SANT'ANGELO DEI LOMBARDI;0;2.225
64110;15;TORRE LE NOCELLE;1523;1523;AVELLINO;0;1.360
64111;15;TORRIONI;1523;1523;AVELLINO;0;578
64112;15;TREVICO;1526;1526;VALLATA;0;1.072
64113;15;TUFO;1523;1523;AVELLINO;0;924
64114;15;VALLATA;1526;1526;VALLATA;1;2.856
64115;15;VALLESACCARDA;1526;1526;VALLATA;0;1.418
64116;15;VENTICANO;1523;1523;AVELLINO;0;2.532
64117;15;VILLAMAINA;1524;1524;SANT'ANGELO DEI LOMBARDI;0;1.018
64118;15;VILLANOVA DEL BATTISTA;1522;1522;ARIANO IRPINO;0;1.777
64119;15;VOLTURARA IRPINA;1523;1523;AVELLINO;0;3.401
64120;15;ZUNGOLI;1522;1522;ARIANO IRPINO;0;1.197
65001;15;ACERNO;1530;1530;BATTIPAGLIA;0;2.872
65002;15;AGROPOLI;1527;1527;AGROPOLI;1;20.610
65003;15;ALBANELLA;1533;1533;CAPACCIO;0;6.503
65004;15;ALFANO;1544;1544;SAPRI;0;1.097
65005;15;ALTAVILLA SILENTINA;1533;1533;CAPACCIO;0;6.997
65006;15;AMALFI;1528;1528;AMALFI;1;5.163
65007;15;ANGRI;1539;1539;PAGANI;0;32.576
65008;15;AQUARA;1541;1541;ROCCADASPIDE;0;1.550
65009;15;ASCEA;1529;1529;ASCEA;1;5.580
65010;15;ATENA LUCANA;1542;1542;SALA CONSILINA;0;2.288
65011;15;ATRANI;1528;1528;AMALFI;0;887
65012;15;AULETTA;1531;1531;BUCCINO;0;2.406
65013;15;BARONISSI;1543;1543;SALERNO;0;16.790
65014;15;BATTIPAGLIA;1530;1530;BATTIPAGLIA;1;50.464
65015;15;BELLOSGUARDO;1541;1541;ROCCADASPIDE;0;853
65016;15;BRACIGLIANO;1543;1543;SALERNO;0;5.439
65017;15;BUCCINO;1531;1531;BUCCINO;1;5.248
65018;15;BUONABITACOLO;1538;1538;PADULA;0;2.571
65019;15;CAGGIANO;1531;1531;BUCCINO;0;2.803
65020;15;CALVANICO;1543;1543;SALERNO;0;1.570
65021;15;CAMEROTA;1532;1532;CAMEROTA;1;6.751
65022;15;CAMPAGNA;1535;1535;EBOLI;0;15.953
65023;15;CAMPORA;1546;1546;VALLO DELLA LUCANIA;0;461
65024;15;CANNALONGA;1546;1546;VALLO DELLA LUCANIA;0;1.081
65025;15;CAPACCIO;1533;1533;CAPACCIO;1;22.016
65026;15;CASALBUONO;1538;1538;PADULA;0;1.211
65027;15;CASALETTO SPARTANO;1544;1544;SAPRI;0;1.463
65028;15;CASAL VELINO;1529;1529;ASCEA;0;4.938
65029;15;CASELLE IN PITTARI;1544;1544;SAPRI;0;1.972
65030;15;CASTELCIVITA;1541;1541;ROCCADASPIDE;0;1.834
65031;15;CASTELLABATE;1534;1534;CASTELLABATE;1;8.209
65032;15;CASTELNUOVO CILENTO;1529;1529;ASCEA;0;2.598
65033;15;CASTELNUOVO DI CONZA;1537;1537;OLIVETO CITRA;0;641
65034;15;CASTEL SAN GIORGIO;1536;1536;NOCERA INFERIORE;0;13.411
65035;15;CASTEL SAN LORENZO;1541;1541;ROCCADASPIDE;0;2.632
65036;15;CASTIGLIONE DEL GENOVESI;1543;1543;SALERNO;0;1.356
65037;15;CAVA DE' TIRRENI;1543;1543;SALERNO;0;53.885
65038;15;CELLE DI BULGHERIA;1544;1544;SAPRI;0;1.968
65039;15;CENTOLA;1532;1532;CAMEROTA;0;5.073
65040;15;CERASO;1546;1546;VALLO DELLA LUCANIA;0;2.508
65041;15;CETARA;1543;1543;SALERNO;0;2.302
65042;15;CICERALE;1527;1527;AGROPOLI;0;1.233
65043;15;COLLIANO;1537;1537;OLIVETO CITRA;0;3.764
65044;15;CONCA DEI MARINI;1528;1528;AMALFI;0;730
65045;15;CONTRONE;1541;1541;ROCCADASPIDE;0;872
65046;15;CONTURSI TERME;1537;1537;OLIVETO CITRA;0;3.337
65047;15;CORBARA;1539;1539;PAGANI;0;2.521
65048;15;CORLETO MONFORTE;1541;1541;ROCCADASPIDE;0;643
65049;15;CUCCARO VETERE;1546;1546;VALLO DELLA LUCANIA;0;580
65050;15;EBOLI;1535;1535;EBOLI;1;38.219
65051;15;FELITTO;1541;1541;ROCCADASPIDE;0;1.296
65052;15;FISCIANO;1543;1543;SALERNO;0;13.677
65053;15;FURORE;1540;1540;POSITANO;0;846
65054;15;FUTANI;1546;1546;VALLO DELLA LUCANIA;0;1.234
65055;15;GIFFONI SEI CASALI;1543;1543;SALERNO;0;5.262
65056;15;GIFFONI VALLE PIANA;1543;1543;SALERNO;0;12.024
65057;15;GIOI;1546;1546;VALLO DELLA LUCANIA;0;1.339
65058;15;GIUNGANO;1527;1527;AGROPOLI;0;1.249
65059;15;ISPANI;1544;1544;SAPRI;0;1.020
65060;15;LAUREANA CILENTO;1527;1527;AGROPOLI;0;1.151
65061;15;LAURINO;1541;1541;ROCCADASPIDE;0;1.708
65062;15;LAURITO;1546;1546;VALLO DELLA LUCANIA;0;843
65063;15;LAVIANO;1537;1537;OLIVETO CITRA;0;1.485
65064;15;LUSTRA;1529;1529;ASCEA;0;1.100
65065;15;MAGLIANO VETERE;1546;1546;VALLO DELLA LUCANIA;0;739
65066;15;MAIORI;1528;1528;AMALFI;0;5.575
65067;15;MERCATO SAN SEVERINO;1543;1543;SALERNO;0;22.036
65068;15;MINORI;1528;1528;AMALFI;0;2.822
65069;15;MOIO DELLA CIVITELLA;1546;1546;VALLO DELLA LUCANIA;0;1.856
65070;15;MONTANO ANTILIA;1546;1546;VALLO DELLA LUCANIA;0;2.233
65071;15;MONTECORICE;1534;1534;CASTELLABATE;0;2.545
65072;15;MONTECORVINO PUGLIANO;1543;1543;SALERNO;0;10.019
65073;15;MONTECORVINO ROVELLA;1530;1530;BATTIPAGLIA;0;12.553
65074;15;MONTEFORTE CILENTO;1527;1527;AGROPOLI;0;565
65075;15;MONTE SAN GIACOMO;1542;1542;SALA CONSILINA;0;1.630
65076;15;MONTESANO SULLA MARCELLANA;1538;1538;PADULA;0;6.781
65077;15;MORIGERATI;1544;1544;SAPRI;0;699
65078;15;NOCERA INFERIORE;1536;1536;NOCERA INFERIORE;1;46.563
65079;15;NOCERA SUPERIORE;1536;1536;NOCERA INFERIORE;0;24.151
65080;15;NOVI VELIA;1546;1546;VALLO DELLA LUCANIA;0;2.298
65081;15;OGLIASTRO CILENTO;1527;1527;AGROPOLI;0;2.241
65082;15;OLEVANO SUL TUSCIANO;1530;1530;BATTIPAGLIA;0;6.883
65083;15;OLIVETO CITRA;1537;1537;OLIVETO CITRA;1;3.832
65084;15;OMIGNANO;1529;1529;ASCEA;0;1.579
65085;15;ORRIA;1546;1546;VALLO DELLA LUCANIA;0;1.161
65086;15;OTTATI;1541;1541;ROCCADASPIDE;0;680
65087;15;PADULA;1538;1538;PADULA;1;5.279
65088;15;PAGANI;1539;1539;PAGANI;1;34.671
65089;15;PALOMONTE;1531;1531;BUCCINO;0;4.049
65090;15;PELLEZZANO;1543;1543;SALERNO;0;10.580
65091;15;PERDIFUMO;1534;1534;CASTELLABATE;0;1.768
65092;15;PERITO;1529;1529;ASCEA;0;1.007
65093;15;PERTOSA;1531;1531;BUCCINO;0;705
65094;15;PETINA;1531;1531;BUCCINO;0;1.214
65095;15;PIAGGINE;1541;1541;ROCCADASPIDE;0;1.447
65096;15;PISCIOTTA;1532;1532;CAMEROTA;0;2.748
65097;15;POLLA;1542;1542;SALA CONSILINA;0;5.327
65098;15;POLLICA;1529;1529;ASCEA;0;2.393
65099;15;PONTECAGNANO FAIANO;1543;1543;SALERNO;0;25.096
65100;15;POSITANO;1540;1540;POSITANO;1;3.858
65101;15;POSTIGLIONE;1535;1535;EBOLI;0;2.198
65102;15;PRAIANO;1540;1540;POSITANO;0;2.087
65103;15;PRIGNANO CILENTO;1527;1527;AGROPOLI;0;997
65104;15;RAVELLO;1528;1528;AMALFI;0;2.462
65105;15;RICIGLIANO;1531;1531;BUCCINO;0;1.207
65106;15;ROCCADASPIDE;1541;1541;ROCCADASPIDE;1;7.354
65107;15;ROCCAGLORIOSA;1544;1544;SAPRI;0;1.716
65108;15;ROCCAPIEMONTE;1536;1536;NOCERA INFERIORE;0;9.124
65109;15;ROFRANO;1544;1544;SAPRI;0;1.655
65110;15;ROMAGNANO AL MONTE;1531;1531;BUCCINO;0;391
65111;15;ROSCIGNO;1541;1541;ROCCADASPIDE;0;827
65112;15;RUTINO;1527;1527;AGROPOLI;0;889
65113;15;SACCO;1541;1541;ROCCADASPIDE;0;559
65114;15;SALA CONSILINA;1542;1542;SALA CONSILINA;1;12.258
65115;15;SALENTO;1529;1529;ASCEA;0;2.005
65116;15;SALERNO;1543;1543;SALERNO;1;132.608
65117;15;SALVITELLE;1531;1531;BUCCINO;0;582
65118;15;SAN CIPRIANO PICENTINO;1543;1543;SALERNO;0;6.643
65119;15;SAN GIOVANNI A PIRO;1544;1544;SAPRI;0;3.818
65120;15;SAN GREGORIO MAGNO;1531;1531;BUCCINO;0;4.417
65121;15;SAN MANGO PIEMONTE;1543;1543;SALERNO;0;2.587
65122;15;SAN MARZANO SUL SARNO;1539;1539;PAGANI;0;10.225
65123;15;SAN MAURO CILENTO;1529;1529;ASCEA;0;985
65124;15;SAN MAURO LA BRUCA;1532;1532;CAMEROTA;0;653
65125;15;SAN PIETRO AL TANAGRO;1542;1542;SALA CONSILINA;0;1.737
65126;15;SAN RUFO;1542;1542;SALA CONSILINA;0;1.729
65127;15;SANTA MARINA;1544;1544;SAPRI;0;3.166
65128;15;SANT'ANGELO A FASANELLA;1541;1541;ROCCADASPIDE;0;718
65129;15;SANT'ARSENIO;1542;1542;SALA CONSILINA;0;2.747
65130;15;SANT'EGIDIO DEL MONTE ALBINO;1539;1539;PAGANI;0;8.715
65131;15;SANTOMENNA;1537;1537;OLIVETO CITRA;0;473
65132;15;SAN VALENTINO TORIO;1545;1545;SARNO;0;10.439
65133;15;SANZA;1538;1538;PADULA;0;2.697
65134;15;SAPRI;1544;1544;SAPRI;1;6.809
65135;15;SARNO;1545;1545;SARNO;1;31.030
65136;15;SASSANO;1542;1542;SALA CONSILINA;0;4.995
65137;15;SCAFATI;1521;1521;TORRE DEL GRECO;0;50.013
65138;15;SCALA;1528;1528;AMALFI;0;1.518
65139;15;SERRAMEZZANA;1534;1534;CASTELLABATE;0;347
65140;15;SERRE;1535;1535;EBOLI;0;3.956
65141;15;SESSA CILENTO;1529;1529;ASCEA;0;1.366
65142;15;SIANO;1536;1536;NOCERA INFERIORE;0;10.074
65143;15;SICIGNANO DEGLI ALBURNI;1531;1531;BUCCINO;0;3.419
65144;15;STELLA CILENTO;1529;1529;ASCEA;0;774
65145;15;STIO;1546;1546;VALLO DELLA LUCANIA;0;942
65146;15;TEGGIANO;1542;1542;SALA CONSILINA;0;8.182
65147;15;TORCHIARA;1527;1527;AGROPOLI;0;1.803
65148;15;TORRACA;1544;1544;SAPRI;0;1.267
65149;15;TORRE ORSAIA;1544;1544;SAPRI;0;2.185
65150;15;TORTORELLA;1544;1544;SAPRI;0;563
65151;15;TRAMONTI;1528;1528;AMALFI;0;4.080
65152;15;TRENTINARA;1533;1533;CAPACCIO;0;1.683
65153;15;VALLE DELL'ANGELO;1541;1541;ROCCADASPIDE;0;280
65154;15;VALLO DELLA LUCANIA;1546;1546;VALLO DELLA LUCANIA;1;8.680
65155;15;VALVA;1537;1537;OLIVETO CITRA;0;1.712
65156;15;VIBONATI;1544;1544;SAPRI;0;3.237
65157;15;VIETRI SUL MARE;1543;1543;SALERNO;0;8.076
65158;15;BELLIZZI;1530;1530;BATTIPAGLIA;0;12.971
71001;16;ACCADIA;1604;1604;FOGGIA;0;2.418
71002;16;ALBERONA;1510;1510;SAN BARTOLOMEO IN GALDO;0;1.002
71003;16;ANZANO DI PUGLIA;1526;1526;VALLATA;0;1.617
71004;16;APRICENA;1601;1601;APRICENA;1;13.435
71005;16;ASCOLI SATRIANO;1604;1604;FOGGIA;0;6.194
71006;16;BICCARI;1605;1605;LUCERA;0;2.872
71007;16;BOVINO;1604;1604;FOGGIA;0;3.562
71008;16;CAGNANO VARANO;1601;1601;APRICENA;0;7.451
71009;16;CANDELA;1604;1604;FOGGIA;0;2.693
71010;16;CARAPELLE;1604;1604;FOGGIA;0;6.524
71011;16;CARLANTINO;1602;1602;CASALNUOVO MONTEROTARO;0;1.040
71012;16;CARPINO;1607;1607;RODI GARGANICO;0;4.305
71013;16;CASALNUOVO MONTEROTARO;1602;1602;CASALNUOVO MONTEROTARO;1;1.663
71014;16;CASALVECCHIO DI PUGLIA;1602;1602;CASALNUOVO MONTEROTARO;0;1.939
71015;16;CASTELLUCCIO DEI SAURI;1604;1604;FOGGIA;0;2.119
71016;16;CASTELLUCCIO VALMAGGIORE;1605;1605;LUCERA;0;1.331
71017;16;CASTELNUOVO DELLA DAUNIA;1602;1602;CASALNUOVO MONTEROTARO;0;1.557
71018;16;CELENZA VALFORTORE;1605;1605;LUCERA;0;1.724
71019;16;CELLE DI SAN VITO;1605;1605;LUCERA;0;172
71020;16;CERIGNOLA;1603;1603;CERIGNOLA;1;56.653
71021;16;CHIEUTI;1403;1403;TERMOLI;0;1.772
71022;16;DELICETO;1604;1604;FOGGIA;0;3.919
71023;16;FAETO;1510;1510;SAN BARTOLOMEO IN GALDO;0;644
71024;16;FOGGIA;1604;1604;FOGGIA;1;147.036
71025;16;ISCHITELLA;1607;1607;RODI GARGANICO;0;4.316
71026;16;ISOLE TREMITI;1403;1403;TERMOLI;0;455
71027;16;LESINA;1601;1601;APRICENA;0;6.319
71028;16;LUCERA;1605;1605;LUCERA;1;34.333
71029;16;MANFREDONIA;1606;1606;MANFREDONIA;1;56.257
71031;16;MATTINATA;1606;1606;MANFREDONIA;0;6.360
71032;16;MONTELEONE DI PUGLIA;1604;1604;FOGGIA;0;1.067
71033;16;MONTE SANT'ANGELO;1606;1606;MANFREDONIA;0;13.098
71034;16;MOTTA MONTECORVINO;1605;1605;LUCERA;0;768
71035;16;ORSARA DI PUGLIA;1604;1604;FOGGIA;0;2.914
71036;16;ORTA NOVA;1604;1604;FOGGIA;0;16.999
71037;16;PANNI;1604;1604;FOGGIA;0;858
71038;16;PESCHICI;1610;1610;VICO DEL GARGANO;0;4.197
71039;16;PIETRAMONTECORVINO;1605;1605;LUCERA;0;2.745
71040;16;POGGIO IMPERIALE;1601;1601;APRICENA;0;2.819
71041;16;RIGNANO GARGANICO;1608;1608;SAN GIOVANNI ROTONDO;0;2.200
71042;16;ROCCHETTA SANT'ANTONIO;1704;1704;MELFI;0;1.954
71043;16;RODI GARGANICO;1607;1607;RODI GARGANICO;1;3.663
71044;16;ROSETO VALFORTORE;1510;1510;SAN BARTOLOMEO IN GALDO;0;1.149
71046;16;SAN GIOVANNI ROTONDO;1608;1608;SAN GIOVANNI ROTONDO;1;27.329
71047;16;SAN MARCO IN LAMIS;1608;1608;SAN GIOVANNI ROTONDO;0;14.218
71048;16;SAN MARCO LA CATOLA;1605;1605;LUCERA;0;1.082
71049;16;SAN NICANDRO GARGANICO;1601;1601;APRICENA;0;15.927
71050;16;SAN PAOLO DI CIVITATE;1609;1609;TORREMAGGIORE;0;5.935
71051;16;SAN SEVERO;1604;1604;FOGGIA;0;54.906
71052;16;SANT'AGATA DI PUGLIA;1604;1604;FOGGIA;0;2.096
71053;16;SERRACAPRIOLA;1403;1403;TERMOLI;0;4.069
71054;16;STORNARA;1603;1603;CERIGNOLA;0;5.306
71055;16;STORNARELLA;1603;1603;CERIGNOLA;0;5.022
71056;16;TORREMAGGIORE;1609;1609;TORREMAGGIORE;1;17.365
71058;16;TROIA;1604;1604;FOGGIA;0;7.330
71059;16;VICO DEL GARGANO;1610;1610;VICO DEL GARGANO;1;7.861
71060;16;VIESTE;1606;1606;MANFREDONIA;0;13.271
71061;16;VOLTURARA APPULA;1510;1510;SAN BARTOLOMEO IN GALDO;0;481
71062;16;VOLTURINO;1605;1605;LUCERA;0;1.781
71063;16;ORDONA;1604;1604;FOGGIA;0;2.654
71064;16;ZAPPONETA;1606;1606;MANFREDONIA;0;3.326
72001;16;ACQUAVIVA DELLE FONTI;1611;1611;ACQUAVIVA DELLE FONTI;1;21.038
72002;16;ADELFIA;1612;1612;BARI;0;17.101
72003;16;ALBEROBELLO;1623;1623;MARTINA FRANCA;0;10.924
72004;16;ALTAMURA;1612;1612;BARI;0;69.529
72006;16;BARI;1612;1612;BARI;1;315.933
72008;16;BINETTO;1612;1612;BARI;0;2.162
72010;16;BITETTO;1612;1612;BARI;0;11.799
72011;16;BITONTO;1612;1612;BARI;0;56.258
72012;16;BITRITTO;1612;1612;BARI;0;10.878
72014;16;CAPURSO;1612;1612;BARI;0;15.396
72015;16;CASAMASSIMA;1612;1612;BARI;0;19.246
72016;16;CASSANO DELLE MURGE;1611;1611;ACQUAVIVA DELLE FONTI;0;14.270
72017;16;CASTELLANA GROTTE;1618;1618;PUTIGNANO;0;19.340
72018;16;CELLAMARE;1612;1612;BARI;0;5.491
72019;16;CONVERSANO;1612;1612;BARI;0;25.683
72020;16;CORATO;1613;1613;CORATO;1;48.072
72021;16;GIOIA DEL COLLE;1614;1614;GIOIA DEL COLLE;1;27.889
72022;16;GIOVINAZZO;1616;1616;MOLFETTA;0;20.433
72023;16;GRAVINA IN PUGLIA;1615;1615;GRAVINA IN PUGLIA;1;43.614
72024;16;GRUMO APPULA;1612;1612;BARI;0;12.940
72025;16;LOCOROTONDO;1623;1623;MARTINA FRANCA;0;14.161
72027;16;MODUGNO;1612;1612;BARI;0;37.532
72028;16;MOLA DI BARI;1612;1612;BARI;0;25.567
72029;16;MOLFETTA;1616;1616;MOLFETTA;1;60.433
72030;16;MONOPOLI;1617;1617;MONOPOLI;1;48.529
72031;16;NOCI;1618;1618;PUTIGNANO;0;19.285
72032;16;NOICATTARO;1619;1619;RUTIGLIANO;0;25.710
72033;16;PALO DEL COLLE;1612;1612;BARI;0;21.555
72034;16;POGGIORSINI;1615;1615;GRAVINA IN PUGLIA;0;1.418
72035;16;POLIGNANO A MARE;1617;1617;MONOPOLI;0;17.567
72036;16;PUTIGNANO;1618;1618;PUTIGNANO;1;27.083
72037;16;RUTIGLIANO;1619;1619;RUTIGLIANO;1;18.418
72038;16;RUVO DI PUGLIA;1613;1613;CORATO;0;25.662
72039;16;SAMMICHELE DI BARI;1614;1614;GIOIA DEL COLLE;0;6.715
72040;16;SANNICANDRO DI BARI;1612;1612;BARI;0;9.713
72041;16;SANTERAMO IN COLLE;1612;1612;BARI;0;26.770
72043;16;TERLIZZI;1616;1616;MOLFETTA;0;26.986
72044;16;TORITTO;1612;1612;BARI;0;8.551
72046;16;TRIGGIANO;1612;1612;BARI;0;27.007
72047;16;TURI;1619;1619;RUTIGLIANO;0;12.748
72048;16;VALENZANO;1612;1612;BARI;0;17.897
73001;16;AVETRANA;1622;1622;MANDURIA;0;7.024
73002;16;CAROSINO;1624;1624;TARANTO;0;6.832
73003;16;CASTELLANETA;1620;1620;CASTELLANETA;1;17.125
73004;16;CRISPIANO;1624;1624;TARANTO;0;13.568
73005;16;FAGGIANO;1624;1624;TARANTO;0;3.540
73006;16;FRAGAGNANO;1624;1624;TARANTO;0;5.353
73007;16;GINOSA;1621;1621;GINOSA;1;22.582
73008;16;GROTTAGLIE;1624;1624;TARANTO;0;32.503
73009;16;LATERZA;1621;1621;GINOSA;0;15.296
73010;16;LEPORANO;1624;1624;TARANTO;0;7.802
73011;16;LIZZANO;1624;1624;TARANTO;0;10.238
73012;16;MANDURIA;1622;1622;MANDURIA;1;30.921
73013;16;MARTINA FRANCA;1623;1623;MARTINA FRANCA;1;49.009
73014;16;MARUGGIO;1622;1622;MANDURIA;0;5.411
73015;16;MASSAFRA;1624;1624;TARANTO;0;32.381
73016;16;MONTEIASI;1624;1624;TARANTO;0;5.522
73017;16;MONTEMESOLA;1624;1624;TARANTO;0;4.088
73018;16;MONTEPARANO;1624;1624;TARANTO;0;2.395
73019;16;MOTTOLA;1620;1620;CASTELLANETA;0;16.241
73020;16;PALAGIANELLO;1620;1620;CASTELLANETA;0;7.854
73021;16;PALAGIANO;1620;1620;CASTELLANETA;0;16.052
73022;16;PULSANO;1624;1624;TARANTO;0;11.062
73023;16;ROCCAFORZATA;1624;1624;TARANTO;0;1.823
73024;16;SAN GIORGIO IONICO;1624;1624;TARANTO;0;15.676
73025;16;SAN MARZANO DI SAN GIUSEPPE;1624;1624;TARANTO;0;9.269
73026;16;SAVA;1622;1622;MANDURIA;0;16.501
73027;16;TARANTO;1624;1624;TARANTO;1;200.154
73028;16;TORRICELLA;1622;1622;MANDURIA;0;4.233
73029;16;STATTE;1624;1624;TARANTO;0;14.194
74001;16;BRINDISI;1625;1625;BRINDISI;1;88.812
74002;16;CAROVIGNO;1630;1630;OSTUNI;0;15.896
74003;16;CEGLIE MESSAPICA;1626;1626;CEGLIE MESSAPICA;1;20.209
74004;16;CELLINO SAN MARCO;1625;1625;BRINDISI;0;6.799
74005;16;CISTERNINO;1627;1627;FASANO;0;11.745
74006;16;ERCHIE;1625;1625;BRINDISI;0;8.772
74007;16;FASANO;1627;1627;FASANO;1;39.482
74008;16;FRANCAVILLA FONTANA;1628;1628;FRANCAVILLA FONTANA;1;36.955
74009;16;LATIANO;1629;1629;MESAGNE;0;15.045
74010;16;MESAGNE;1629;1629;MESAGNE;1;27.753
74011;16;ORIA;1628;1628;FRANCAVILLA FONTANA;0;15.228
74012;16;OSTUNI;1630;1630;OSTUNI;1;31.860
74013;16;SAN DONACI;1625;1625;BRINDISI;0;6.869
74014;16;SAN MICHELE SALENTINO;1626;1626;CEGLIE MESSAPICA;0;6.371
74015;16;SAN PANCRAZIO SALENTINO;1625;1625;BRINDISI;0;10.289
74016;16;SAN PIETRO VERNOTICO;1625;1625;BRINDISI;0;13.974
74017;16;SAN VITO DEI NORMANNI;1625;1625;BRINDISI;0;19.620
74018;16;TORCHIAROLO;1625;1625;BRINDISI;0;5.461
74019;16;TORRE SANTA SUSANNA;1625;1625;BRINDISI;0;10.703
74020;16;VILLA CASTELLI;1624;1624;TARANTO;0;8.958
75001;16;ACQUARICA DEL CAPO;1633;1633;GAGLIANO DEL CAPO;0;4.898
75002;16;ALESSANO;1640;1640;TRICASE;0;6.480
75003;16;ALEZIO;1635;1635;GALLIPOLI;0;5.611
75004;16;ALLISTE;1641;1641;UGENTO;0;6.657
75005;16;ANDRANO;1640;1640;TRICASE;0;4.962
75006;16;ARADEO;1634;1634;GALATINA;0;9.755
75007;16;ARNESANO;1636;1636;LECCE;0;3.953
75008;16;BAGNOLO DEL SALENTO;1637;1637;MAGLIE;0;1.879
75009;16;BOTRUGNO;1637;1637;MAGLIE;0;2.851
75010;16;CALIMERA;1636;1636;LECCE;0;7.264
75011;16;CAMPI SALENTINA;1636;1636;LECCE;0;10.760
75012;16;CANNOLE;1637;1637;MAGLIE;0;1.754
75013;16;CAPRARICA DI LECCE;1636;1636;LECCE;0;2.582
75014;16;CARMIANO;1636;1636;LECCE;0;12.096
75015;16;CARPIGNANO SALENTINO;1637;1637;MAGLIE;0;3.685
75016;16;CASARANO;1631;1631;CASARANO;1;20.489
75017;16;CASTRI DI LECCE;1636;1636;LECCE;0;2.975
75018;16;CASTRIGNANO DE' GRECI;1637;1637;MAGLIE;0;4.070
75019;16;CASTRIGNANO DEL CAPO;1633;1633;GAGLIANO DEL CAPO;0;5.334
75020;16;CAVALLINO;1636;1636;LECCE;0;11.913
75021;16;COLLEPASSO;1631;1631;CASARANO;0;6.352
75022;16;COPERTINO;1632;1632;COPERTINO;1;23.870
75023;16;CORIGLIANO D'OTRANTO;1637;1637;MAGLIE;0;5.771
75024;16;CORSANO;1640;1640;TRICASE;0;5.632
75025;16;CURSI;1637;1637;MAGLIE;0;4.251
75026;16;CUTROFIANO;1634;1634;GALATINA;0;9.182
75027;16;DISO;1637;1637;MAGLIE;0;3.073
75028;16;GAGLIANO DEL CAPO;1633;1633;GAGLIANO DEL CAPO;1;5.402
75029;16;GALATINA;1634;1634;GALATINA;1;27.214
75030;16;GALATONE;1638;1638;NARDÒ;0;15.754
75031;16;GALLIPOLI;1635;1635;GALLIPOLI;1;20.398
75032;16;GIUGGIANELLO;1637;1637;MAGLIE;0;1.249
75033;16;GIURDIGNANO;1639;1639;OTRANTO;0;1.928
75034;16;GUAGNANO;1636;1636;LECCE;0;5.900
75035;16;LECCE;1636;1636;LECCE;1;89.916
75036;16;LEQUILE;1636;1636;LECCE;0;8.624
75037;16;LEVERANO;1632;1632;COPERTINO;0;14.069
75038;16;LIZZANELLO;1636;1636;LECCE;0;11.549
75039;16;MAGLIE;1637;1637;MAGLIE;1;14.819
75040;16;MARTANO;1637;1637;MAGLIE;0;9.320
75041;16;MARTIGNANO;1636;1636;LECCE;0;1.730
75042;16;MATINO;1631;1631;CASARANO;0;11.704
75043;16;MELENDUGNO;1636;1636;LECCE;0;9.646
75044;16;MELISSANO;1641;1641;UGENTO;0;7.307
75045;16;MELPIGNANO;1637;1637;MAGLIE;0;2.209
75046;16;MIGGIANO;1640;1640;TRICASE;0;3.684
75047;16;MINERVINO DI LECCE;1639;1639;OTRANTO;0;3.729
75048;16;MONTERONI DI LECCE;1636;1636;LECCE;0;13.881
75049;16;MONTESANO SALENTINO;1640;1640;TRICASE;0;2.677
75050;16;MORCIANO DI LEUCA;1633;1633;GAGLIANO DEL CAPO;0;3.416
75051;16;MURO LECCESE;1637;1637;MAGLIE;0;5.091
75052;16;NARDÒ;1638;1638;NARDÒ;1;31.688
75053;16;NEVIANO;1634;1634;GALATINA;0;5.514
75054;16;NOCIGLIA;1637;1637;MAGLIE;0;2.456
75055;16;NOVOLI;1636;1636;LECCE;0;8.211
75056;16;ORTELLE;1637;1637;MAGLIE;0;2.359
75057;16;OTRANTO;1639;1639;OTRANTO;1;5.622
75058;16;PALMARIGGI;1637;1637;MAGLIE;0;1.554
75059;16;PARABITA;1631;1631;CASARANO;0;9.323
75060;16;PATÙ;1633;1633;GAGLIANO DEL CAPO;0;1.721
75061;16;POGGIARDO;1637;1637;MAGLIE;0;6.119
75062;16;PRESICCE;1633;1633;GAGLIANO DEL CAPO;0;5.589
75063;16;RACALE;1641;1641;UGENTO;0;10.734
75064;16;RUFFANO;1631;1631;CASARANO;0;9.854
75065;16;SALICE SALENTINO;1636;1636;LECCE;0;8.642
75066;16;SALVE;1633;1633;GAGLIANO DEL CAPO;0;4.737
75067;16;SANARICA;1637;1637;MAGLIE;0;1.503
75068;16;SAN CESARIO DI LECCE;1636;1636;LECCE;0;8.297
75069;16;SAN DONATO DI LECCE;1636;1636;LECCE;0;5.792
75070;16;SANNICOLA;1635;1635;GALLIPOLI;0;5.902
75071;16;SAN PIETRO IN LAMA;1636;1636;LECCE;0;3.600
75072;16;SANTA CESAREA TERME;1639;1639;OTRANTO;0;3.032
75073;16;SCORRANO;1637;1637;MAGLIE;0;6.975
75074;16;SECLÌ;1634;1634;GALATINA;0;1.923
75075;16;SOGLIANO CAVOUR;1634;1634;GALATINA;0;4.065
75076;16;SOLETO;1634;1634;GALATINA;0;5.542
75077;16;SPECCHIA;1640;1640;TRICASE;0;4.807
75078;16;SPONGANO;1637;1637;MAGLIE;0;3.742
75079;16;SQUINZANO;1636;1636;LECCE;0;14.482
75080;16;STERNATIA;1636;1636;LECCE;0;2.426
75081;16;SUPERSANO;1631;1631;CASARANO;0;4.509
75082;16;SURANO;1640;1640;TRICASE;0;1.698
75083;16;SURBO;1636;1636;LECCE;0;14.849
75084;16;TAURISANO;1631;1631;CASARANO;0;12.643
75085;16;TAVIANO;1641;1641;UGENTO;0;12.492
75086;16;TIGGIANO;1640;1640;TRICASE;0;2.931
75087;16;TREPUZZI;1636;1636;LECCE;0;14.277
75088;16;TRICASE;1640;1640;TRICASE;1;17.665
75089;16;TUGLIE;1635;1635;GALLIPOLI;0;5.264
75090;16;UGENTO;1641;1641;UGENTO;1;12.001
75091;16;UGGIANO LA CHIESA;1639;1639;OTRANTO;0;4.479
75092;16;VEGLIE;1632;1632;COPERTINO;0;14.304
75093;16;VERNOLE;1636;1636;LECCE;0;7.296
75094;16;ZOLLINO;1637;1637;MAGLIE;0;2.058
75095;16;SAN CASSIANO;1637;1637;MAGLIE;0;2.105
75096;16;CASTRO;1639;1639;OTRANTO;0;2.473
75097;16;PORTO CESAREO;1638;1638;NARDÒ;0;5.448
110001;16;ANDRIA;1642;1642;BARLETTA;0;100.052
110002;16;BARLETTA;1642;1642;BARLETTA;1;94.239
110003;16;BISCEGLIE;1616;1616;MOLFETTA;0;54.678
110004;16;CANOSA DI PUGLIA;1642;1642;BARLETTA;0;30.422
110005;16;MARGHERITA DI SAVOIA;1642;1642;BARLETTA;0;12.193
110006;16;MINERVINO MURGE;1643;1643;MINERVINO MURGE;1;9.333
110007;16;SAN FERDINANDO DI PUGLIA;1644;1644;SAN FERDINANDO DI PUGLIA;1;13.916
110008;16;SPINAZZOLA;1643;1643;MINERVINO MURGE;0;6.755
110009;16;TRANI;1642;1642;BARLETTA;0;55.842
110010;16;TRINITAPOLI;1644;1644;SAN FERDINANDO DI PUGLIA;0;14.293
76001;17;ABRIOLA;1705;1705;POTENZA;0;1.571
76002;17;ACERENZA;1705;1705;POTENZA;0;2.553
76003;17;ALBANO DI LUCANIA;1705;1705;POTENZA;0;1.474
76004;17;ANZI;1705;1705;POTENZA;0;1.765
76005;17;ARMENTO;1707;1707;SANT'ARCANGELO;0;679
76006;17;ATELLA;1706;1706;RIONERO IN VULTURE;0;3.863
76007;17;AVIGLIANO;1705;1705;POTENZA;0;11.796
76008;17;BALVANO;1705;1705;POTENZA;0;1.861
76009;17;BANZI;1704;1704;MELFI;0;1.406
76010;17;BARAGIANO;1705;1705;POTENZA;0;2.675
76011;17;BARILE;1706;1706;RIONERO IN VULTURE;0;2.905
76012;17;BELLA;1705;1705;POTENZA;0;5.240
76013;17;BRIENZA;1703;1703;MARSICOVETERE;0;4.082
76014;17;BRINDISI MONTAGNA;1705;1705;POTENZA;0;925
76015;17;CALVELLO;1705;1705;POTENZA;0;1.953
76016;17;CALVERA;1708;1708;SENISE;0;430
76017;17;CAMPOMAGGIORE;1705;1705;POTENZA;0;851
76018;17;CANCELLARA;1705;1705;POTENZA;0;1.396
76019;17;CARBONE;1708;1708;SENISE;0;705
76020;17;SAN PAOLO ALBANESE;1708;1708;SENISE;0;306
76021;17;CASTELGRANDE;1524;1524;SANT'ANGELO DEI LOMBARDI;0;1.018
76022;17;CASTELLUCCIO INFERIORE;1810;1810;MORMANNO;0;2.179
76023;17;CASTELLUCCIO SUPERIORE;1810;1810;MORMANNO;0;860
76024;17;CASTELMEZZANO;1705;1705;POTENZA;0;852
76025;17;CASTELSARACENO;1701;1701;LAURIA;0;1.480
76026;17;CASTRONUOVO DI SANT'ANDREA;1707;1707;SANT'ARCANGELO;0;1.138
76027;17;CERSOSIMO;1708;1708;SENISE;0;718
76028;17;CHIAROMONTE;1708;1708;SENISE;0;1.954
76029;17;CORLETO PERTICARA;1707;1707;SANT'ARCANGELO;0;2.607
76030;17;EPISCOPIA;1701;1701;LAURIA;0;1.467
76031;17;FARDELLA;1708;1708;SENISE;0;625
76032;17;FILIANO;1706;1706;RIONERO IN VULTURE;0;3.089
76033;17;FORENZA;1704;1704;MELFI;0;2.209
76034;17;FRANCAVILLA IN SINNI;1708;1708;SENISE;0;4.282
76035;17;GALLICCHIO;1707;1707;SANT'ARCANGELO;0;894
76036;17;GENZANO DI LUCANIA;1705;1705;POTENZA;0;5.915
76037;17;GRUMENTO NOVA;1703;1703;MARSICOVETERE;0;1.704
76038;17;GUARDIA PERTICARA;1707;1707;SANT'ARCANGELO;0;580
76039;17;LAGONEGRO;1701;1701;LAURIA;0;5.725
76040;17;LATRONICO;1701;1701;LAURIA;0;4.748
76041;17;LAURENZANA;1705;1705;POTENZA;0;1.944
76042;17;LAURIA;1701;1701;LAURIA;1;13.262
76043;17;LAVELLO;1704;1704;MELFI;0;13.590
76044;17;MARATEA;1702;1702;MARATEA;1;5.150
76045;17;MARSICO NUOVO;1703;1703;MARSICOVETERE;0;4.358
76046;17;MARSICOVETERE;1703;1703;MARSICOVETERE;1;5.341
76047;17;MASCHITO;1704;1704;MELFI;0;1.730
76048;17;MELFI;1704;1704;MELFI;1;17.425
76049;17;MISSANELLO;1707;1707;SANT'ARCANGELO;0;548
76050;17;MOLITERNO;1703;1703;MARSICOVETERE;0;4.182
76051;17;MONTEMILONE;1704;1704;MELFI;0;1.725
76052;17;MONTEMURRO;1703;1703;MARSICOVETERE;0;1.312
76053;17;MURO LUCANO;1705;1705;POTENZA;0;5.568
76054;17;NEMOLI;1701;1701;LAURIA;0;1.512
76055;17;NOEPOLI;1708;1708;SENISE;0;974
76056;17;OPPIDO LUCANO;1705;1705;POTENZA;0;3.860
76057;17;PALAZZO SAN GERVASIO;1704;1704;MELFI;0;5.027
76058;17;PESCOPAGANO;1524;1524;SANT'ANGELO DEI LOMBARDI;0;2.022
76059;17;PICERNO;1705;1705;POTENZA;0;6.080
76060;17;PIETRAGALLA;1705;1705;POTENZA;0;4.267
76061;17;PIETRAPERTOSA;1705;1705;POTENZA;0;1.108
76062;17;PIGNOLA;1705;1705;POTENZA;0;6.699
76063;17;POTENZA;1705;1705;POTENZA;1;66.777
76064;17;RAPOLLA;1704;1704;MELFI;0;4.430
76065;17;RAPONE;1524;1524;SANT'ANGELO DEI LOMBARDI;0;1.013
76066;17;RIONERO IN VULTURE;1706;1706;RIONERO IN VULTURE;1;13.444
76067;17;RIPACANDIDA;1704;1704;MELFI;0;1.733
76068;17;RIVELLO;1701;1701;LAURIA;0;2.843
76069;17;ROCCANOVA;1707;1707;SANT'ARCANGELO;0;1.644
76070;17;ROTONDA;1810;1810;MORMANNO;0;3.519
76071;17;RUOTI;1705;1705;POTENZA;0;3.542
76072;17;RUVO DEL MONTE;1706;1706;RIONERO IN VULTURE;0;1.099
76073;17;SAN CHIRICO NUOVO;1705;1705;POTENZA;0;1.475
76074;17;SAN CHIRICO RAPARO;1707;1707;SANT'ARCANGELO;0;1.161
76075;17;SAN COSTANTINO ALBANESE;1708;1708;SENISE;0;778
76076;17;SAN FELE;1706;1706;RIONERO IN VULTURE;0;3.168
76077;17;SAN MARTINO D'AGRI;1703;1703;MARSICOVETERE;0;825
76078;17;SAN SEVERINO LUCANO;1810;1810;MORMANNO;0;1.667
76079;17;SANT'ANGELO LE FRATTE;1705;1705;POTENZA;0;1.457
76080;17;SANT'ARCANGELO;1707;1707;SANT'ARCANGELO;1;6.506
76081;17;SARCONI;1703;1703;MARSICOVETERE;0;1.362
76082;17;SASSO DI CASTALDA;1703;1703;MARSICOVETERE;0;831
76083;17;SATRIANO DI LUCANIA;1705;1705;POTENZA;0;2.406
76084;17;SAVOIA DI LUCANIA;1705;1705;POTENZA;0;1.148
76085;17;SENISE;1708;1708;SENISE;1;7.127
76086;17;SPINOSO;1703;1703;MARSICOVETERE;0;1.555
76087;17;TEANA;1708;1708;SENISE;0;645
76088;17;TERRANOVA DI POLLINO;1708;1708;SENISE;0;1.324
76089;17;TITO;1705;1705;POTENZA;0;7.172
76090;17;TOLVE;1705;1705;POTENZA;0;3.361
76091;17;TRAMUTOLA;1703;1703;MARSICOVETERE;0;3.155
76092;17;TRECCHINA;1702;1702;MARATEA;0;2.322
76093;17;TRIVIGNO;1705;1705;POTENZA;0;714
76094;17;VAGLIO BASILICATA;1705;1705;POTENZA;0;2.074
76095;17;VENOSA;1704;1704;MELFI;0;12.167
76096;17;VIETRI DI POTENZA;1705;1705;POTENZA;0;2.917
76097;17;VIGGIANELLO;1810;1810;MORMANNO;0;3.124
76098;17;VIGGIANO;1703;1703;MARSICOVETERE;0;3.122
76099;17;GINESTRA;1704;1704;MELFI;0;741
76100;17;PATERNO;1703;1703;MARSICOVETERE;0;3.423
77001;17;ACCETTURA;1713;1713;STIGLIANO;0;1.980
77002;17;ALIANO;1707;1707;SANT'ARCANGELO;0;1.082
77003;17;BERNALDA;1711;1711;PISTICCI;0;12.264
77004;17;CALCIANO;1714;1714;TRICARICO;0;796
77005;17;CIRIGLIANO;1713;1713;STIGLIANO;0;361
77006;17;COLOBRARO;1712;1712;POLICORO;0;1.342
77007;17;CRACO;1711;1711;PISTICCI;0;766
77008;17;FERRANDINA;1709;1709;MATERA;0;8.973
77009;17;GARAGUSO;1714;1714;TRICARICO;0;1.134
77010;17;GORGOGLIONE;1713;1713;STIGLIANO;0;1.053
77011;17;GRASSANO;1714;1714;TRICARICO;0;5.395
77012;17;GROTTOLE;1709;1709;MATERA;0;2.371
77013;17;IRSINA;1709;1709;MATERA;0;5.100
77014;17;MATERA;1709;1709;MATERA;1;59.796
77015;17;MIGLIONICO;1709;1709;MATERA;0;2.543
77016;17;MONTALBANO JONICO;1712;1712;POLICORO;0;7.427
77017;17;MONTESCAGLIOSO;1709;1709;MATERA;0;10.102
77018;17;NOVA SIRI;1710;1710;NOVA SIRI;1;6.596
77019;17;OLIVETO LUCANO;1713;1713;STIGLIANO;0;494
77020;17;PISTICCI;1711;1711;PISTICCI;1;17.361
77021;17;POLICORO;1712;1712;POLICORO;1;15.976
77022;17;POMARICO;1709;1709;MATERA;0;4.238
77023;17;ROTONDELLA;1710;1710;NOVA SIRI;0;2.707
77024;17;SALANDRA;1709;1709;MATERA;0;2.934
77025;17;SAN GIORGIO LUCANO;1708;1708;SENISE;0;1.290
77026;17;SAN MAURO FORTE;1713;1713;STIGLIANO;0;1.710
77027;17;STIGLIANO;1713;1713;STIGLIANO;1;4.685
77028;17;TRICARICO;1714;1714;TRICARICO;1;5.669
77029;17;TURSI;1712;1712;POLICORO;0;5.151
77030;17;VALSINNI;1712;1712;POLICORO;0;1.634
77031;17;SCANZANO JONICO;1712;1712;POLICORO;0;7.171
78001;18;ACQUAFORMOSA;1806;1806;CASTROVILLARI;0;1.161
78002;18;ACQUAPPESA;1807;1807;CETRARO;0;1.910
78003;18;ACRI;1801;1801;ACRI;1;21.458
78004;18;AIELLO CALABRO;1802;1802;AMANTEA;0;1.907
78005;18;AIETA;1812;1812;PRAIA A MARE;0;839
78006;18;ALBIDONA;1805;1805;CASSANO ALL'IONIO;0;1.463
78007;18;ALESSANDRIA DEL CARRETTO;1805;1805;CASSANO ALL'IONIO;0;530
78008;18;ALTILIA;1809;1809;COSENZA;0;737
78009;18;ALTOMONTE;1806;1806;CASTROVILLARI;0;4.341
78010;18;AMANTEA;1802;1802;AMANTEA;1;13.754
78011;18;AMENDOLARA;1805;1805;CASSANO ALL'IONIO;0;3.001
78012;18;APRIGLIANO;1809;1809;COSENZA;0;2.968
78013;18;BELMONTE CALABRO;1802;1802;AMANTEA;0;2.007
78014;18;BELSITO;1809;1809;COSENZA;0;958
78015;18;BELVEDERE MARITTIMO;1803;1803;BELVEDERE MARITTIMO;1;9.120
78016;18;BIANCHI;1821;1821;LAMEZIA TERME;0;1.367
78017;18;BISIGNANO;1809;1809;COSENZA;0;10.335
78018;18;BOCCHIGLIERO;1804;1804;CARIATI;0;1.479
78019;18;BONIFATI;1803;1803;BELVEDERE MARITTIMO;0;2.912
78020;18;BUONVICINO;1803;1803;BELVEDERE MARITTIMO;0;2.354
78021;18;CALOPEZZATI;1804;1804;CARIATI;0;1.293
78022;18;CALOVETO;1813;1813;ROSSANO;0;1.283
78023;18;CAMPANA;1804;1804;CARIATI;0;1.962
78024;18;CANNA;1710;1710;NOVA SIRI;0;785
78025;18;CARIATI;1804;1804;CARIATI;1;8.644
78026;18;CAROLEI;1809;1809;COSENZA;0;3.462
78027;18;CARPANZANO;1809;1809;COSENZA;0;300
78028;18;CASOLE BRUZIO;1809;1809;COSENZA;0;2.575
78029;18;CASSANO ALL'IONIO;1805;1805;CASSANO ALL'IONIO;1;17.281
78030;18;CASTIGLIONE COSENTINO;1809;1809;COSENZA;0;2.978
78031;18;CASTROLIBERO;1809;1809;COSENZA;0;9.967
78032;18;CASTROREGIO;1805;1805;CASSANO ALL'IONIO;0;345
78033;18;CASTROVILLARI;1806;1806;CASTROVILLARI;1;22.515
78034;18;CELICO;1801;1801;ACRI;0;2.883
78035;18;CELLARA;1809;1809;COSENZA;0;511
78036;18;CERCHIARA DI CALABRIA;1805;1805;CASSANO ALL'IONIO;0;2.467
78037;18;CERISANO;1809;1809;COSENZA;0;3.271
78038;18;CERVICATI;1815;1815;SAN MARCO ARGENTANO;0;888
78039;18;CERZETO;1809;1809;COSENZA;0;1.328
78040;18;CETRARO;1807;1807;CETRARO;1;10.260
78041;18;CIVITA;1806;1806;CASTROVILLARI;0;956
78042;18;CLETO;1802;1802;AMANTEA;0;1.320
78043;18;COLOSIMI;1809;1809;COSENZA;0;1.313
78044;18;CORIGLIANO CALABRO;1808;1808;CORIGLIANO CALABRO;1;38.501
78045;18;COSENZA;1809;1809;COSENZA;1;69.484
78046;18;CROPALATI;1813;1813;ROSSANO;0;1.097
78047;18;CROSIA;1813;1813;ROSSANO;0;9.481
78048;18;DIAMANTE;1803;1803;BELVEDERE MARITTIMO;0;5.055
78049;18;DIPIGNANO;1809;1809;COSENZA;0;4.440
78050;18;DOMANICO;1809;1809;COSENZA;0;943
78051;18;FAGNANO CASTELLO;1815;1815;SAN MARCO ARGENTANO;0;3.949
78052;18;FALCONARA ALBANESE;1811;1811;PAOLA;0;1.405
78053;18;FIGLINE VEGLIATURO;1809;1809;COSENZA;0;1.097
78054;18;FIRMO;1806;1806;CASTROVILLARI;0;2.184
78055;18;FIUMEFREDDO BRUZIO;1802;1802;AMANTEA;0;3.078
78056;18;FRANCAVILLA MARITTIMA;1805;1805;CASSANO ALL'IONIO;0;3.025
78057;18;FRASCINETO;1806;1806;CASTROVILLARI;0;2.239
78058;18;FUSCALDO;1811;1811;PAOLA;0;8.072
78059;18;GRIMALDI;1809;1809;COSENZA;0;1.739
78060;18;GRISOLIA;1816;1816;SCALEA;0;2.310
78061;18;GUARDIA PIEMONTESE;1807;1807;CETRARO;0;1.895
78062;18;LAGO;1802;1802;AMANTEA;0;2.689
78063;18;LAINO BORGO;1810;1810;MORMANNO;0;2.027
78064;18;LAINO CASTELLO;1810;1810;MORMANNO;0;879
78065;18;LAPPANO;1809;1809;COSENZA;0;986
78066;18;LATTARICO;1809;1809;COSENZA;0;4.058
78067;18;LONGOBARDI;1802;1802;AMANTEA;0;2.256
78068;18;LONGOBUCCO;1813;1813;ROSSANO;0;3.479
78069;18;LUNGRO;1806;1806;CASTROVILLARI;0;2.517
78070;18;LUZZI;1809;1809;COSENZA;0;9.568
78071;18;MAIERÀ;1803;1803;BELVEDERE MARITTIMO;0;1.231
78072;18;MALITO;1809;1809;COSENZA;0;812
78073;18;MALVITO;1815;1815;SAN MARCO ARGENTANO;0;1.867
78074;18;MANDATORICCIO;1804;1804;CARIATI;0;2.900
78075;18;MANGONE;1809;1809;COSENZA;0;1.823
78076;18;MARANO MARCHESATO;1809;1809;COSENZA;0;3.474
78077;18;MARANO PRINCIPATO;1809;1809;COSENZA;0;3.119
78078;18;MARZI;1809;1809;COSENZA;0;996
78079;18;MENDICINO;1809;1809;COSENZA;0;9.238
78080;18;MONGRASSANO;1815;1815;SAN MARCO ARGENTANO;0;1.661
78081;18;MONTALTO UFFUGO;1809;1809;COSENZA;0;18.168
78082;18;MONTEGIORDANO;1805;1805;CASSANO ALL'IONIO;0;1.988
78083;18;MORANO CALABRO;1806;1806;CASTROVILLARI;0;4.615
78084;18;MORMANNO;1810;1810;MORMANNO;1;3.264
78085;18;MOTTAFOLLONE;1815;1815;SAN MARCO ARGENTANO;0;1.274
78086;18;NOCARA;1710;1710;NOVA SIRI;0;422
78087;18;ORIOLO;1805;1805;CASSANO ALL'IONIO;0;2.386
78088;18;ORSOMARSO;1816;1816;SCALEA;0;1.338
78089;18;PALUDI;1813;1813;ROSSANO;0;1.134
78090;18;PANETTIERI;1821;1821;LAMEZIA TERME;0;345
78091;18;PAOLA;1811;1811;PAOLA;1;16.416
78092;18;PAPASIDERO;1810;1810;MORMANNO;0;808
78093;18;PARENTI;1809;1809;COSENZA;0;2.249
78094;18;PATERNO CALABRO;1809;1809;COSENZA;0;1.366
78095;18;PEDACE;1809;1809;COSENZA;0;1.998
78096;18;PEDIVIGLIANO;1821;1821;LAMEZIA TERME;0;878
78097;18;PIANE CRATI;1809;1809;COSENZA;0;1.414
78098;18;PIETRAFITTA;1809;1809;COSENZA;0;1.377
78099;18;PIETRAPAOLA;1804;1804;CARIATI;0;1.173
78100;18;PLATACI;1805;1805;CASSANO ALL'IONIO;0;830
78101;18;PRAIA A MARE;1812;1812;PRAIA A MARE;1;6.496
78102;18;RENDE;1809;1809;COSENZA;0;33.555
78103;18;ROCCA IMPERIALE;1710;1710;NOVA SIRI;0;3.292
78104;18;ROGGIANO GRAVINA;1815;1815;SAN MARCO ARGENTANO;0;7.228
78105;18;ROGLIANO;1809;1809;COSENZA;0;5.697
78106;18;ROSE;1809;1809;COSENZA;0;4.316
78107;18;ROSETO CAPO SPULICO;1805;1805;CASSANO ALL'IONIO;0;1.873
78108;18;ROSSANO;1813;1813;ROSSANO;1;36.347
78109;18;ROTA GRECA;1809;1809;COSENZA;0;1.178
78110;18;ROVITO;1809;1809;COSENZA;0;3.078
78111;18;SAN BASILE;1806;1806;CASTROVILLARI;0;1.065
78112;18;SAN BENEDETTO ULLANO;1809;1809;COSENZA;0;1.598
78113;18;SAN COSMO ALBANESE;1808;1808;CORIGLIANO CALABRO;0;629
78114;18;SAN DEMETRIO CORONE;1808;1808;CORIGLIANO CALABRO;0;3.665
78115;18;SAN DONATO DI NINEA;1806;1806;CASTROVILLARI;0;1.491
78116;18;SAN FILI;1809;1809;COSENZA;0;2.715
78117;18;SANGINETO;1803;1803;BELVEDERE MARITTIMO;0;1.337
78118;18;SAN GIORGIO ALBANESE;1808;1808;CORIGLIANO CALABRO;0;1.555
78119;18;SAN GIOVANNI IN FIORE;1814;1814;SAN GIOVANNI IN FIORE;1;17.912
78120;18;SAN LORENZO BELLIZZI;1805;1805;CASSANO ALL'IONIO;0;746
78121;18;SAN LORENZO DEL VALLO;1806;1806;CASTROVILLARI;0;3.465
78122;18;SAN LUCIDO;1811;1811;PAOLA;0;5.940
78123;18;SAN MARCO ARGENTANO;1815;1815;SAN MARCO ARGENTANO;1;7.282
78124;18;SAN MARTINO DI FINITA;1809;1809;COSENZA;0;1.207
78125;18;SAN NICOLA ARCELLA;1816;1816;SCALEA;0;1.751
78126;18;SAN PIETRO IN AMANTEA;1802;1802;AMANTEA;0;534
78127;18;SAN PIETRO IN GUARANO;1809;1809;COSENZA;0;3.649
78128;18;SAN SOSTI;1815;1815;SAN MARCO ARGENTANO;0;2.200
78129;18;SANTA CATERINA ALBANESE;1815;1815;SAN MARCO ARGENTANO;0;1.244
78130;18;SANTA DOMENICA TALAO;1816;1816;SCALEA;0;1.272
78131;18;SANT'AGATA DI ESARO;1815;1815;SAN MARCO ARGENTANO;0;1.990
78132;18;SANTA MARIA DEL CEDRO;1816;1816;SCALEA;0;4.897
78133;18;SANTA SOFIA D'EPIRO;1809;1809;COSENZA;0;2.748
78134;18;SANTO STEFANO DI ROGLIANO;1809;1809;COSENZA;0;1.640
78135;18;SAN VINCENZO LA COSTA;1809;1809;COSENZA;0;2.158
78136;18;SARACENA;1806;1806;CASTROVILLARI;0;3.964
78137;18;SCALA COELI;1804;1804;CARIATI;0;1.141
78138;18;SCALEA;1816;1816;SCALEA;1;10.152
78139;18;SCIGLIANO;1809;1809;COSENZA;0;1.308
78140;18;SERRA D'AIELLO;1802;1802;AMANTEA;0;549
78141;18;SERRA PEDACE;1809;1809;COSENZA;0;1.002
78142;18;SPEZZANO ALBANESE;1806;1806;CASTROVILLARI;0;7.157
78143;18;SPEZZANO DELLA SILA;1809;1809;COSENZA;0;4.490
78144;18;SPEZZANO PICCOLO;1809;1809;COSENZA;0;2.084
78145;18;TARSIA;1815;1815;SAN MARCO ARGENTANO;0;2.139
78146;18;TERRANOVA DA SIBARI;1806;1806;CASTROVILLARI;0;4.999
78147;18;TERRAVECCHIA;1804;1804;CARIATI;0;1.019
78148;18;TORANO CASTELLO;1809;1809;COSENZA;0;4.573
78149;18;TORTORA;1812;1812;PRAIA A MARE;0;5.997
78150;18;TREBISACCE;1805;1805;CASSANO ALL'IONIO;0;8.734
78151;18;TRENTA;1809;1809;COSENZA;0;2.722
78152;18;VACCARIZZO ALBANESE;1808;1808;CORIGLIANO CALABRO;0;1.184
78153;18;VERBICARO;1816;1816;SCALEA;0;3.212
78154;18;VILLAPIANA;1805;1805;CASSANO ALL'IONIO;0;5.181
78155;18;ZUMPANO;1809;1809;COSENZA;0;2.468
79002;18;ALBI;1817;1817;CATANZARO;0;1.010
79003;18;AMARONI;1817;1817;CATANZARO;0;1.885
79004;18;AMATO;1817;1817;CATANZARO;0;837
79005;18;ANDALI;1819;1819;SELLIA MARINA;0;795
79007;18;ARGUSTO;1818;1818;CHIARAVALLE CENTRALE;0;529
79008;18;BADOLATO;1820;1820;SOVERATO;0;3.183
79009;18;BELCASTRO;1819;1819;SELLIA MARINA;0;1.400
79011;18;BORGIA;1817;1817;CATANZARO;0;7.418
79012;18;BOTRICELLO;1819;1819;SELLIA MARINA;0;4.906
79017;18;CARAFFA DI CATANZARO;1817;1817;CATANZARO;0;1.960
79018;18;CARDINALE;1818;1818;CHIARAVALLE CENTRALE;0;2.334
79020;18;CARLOPOLI;1821;1821;LAMEZIA TERME;0;1.622
79023;18;CATANZARO;1817;1817;CATANZARO;1;89.364
79024;18;CENADI;1818;1818;CHIARAVALLE CENTRALE;0;598
79025;18;CENTRACHE;1818;1818;CHIARAVALLE CENTRALE;0;415
79027;18;CERVA;1819;1819;SELLIA MARINA;0;1.269
79029;18;CHIARAVALLE CENTRALE;1818;1818;CHIARAVALLE CENTRALE;1;5.883
79030;18;CICALA;1817;1817;CATANZARO;0;1.008
79033;18;CONFLENTI;1821;1821;LAMEZIA TERME;0;1.437
79034;18;CORTALE;1817;1817;CATANZARO;0;2.217
79036;18;CROPANI;1819;1819;SELLIA MARINA;0;4.306
79039;18;CURINGA;1821;1821;LAMEZIA TERME;0;6.708
79042;18;DAVOLI;1820;1820;SOVERATO;0;5.407
79043;18;DECOLLATURA;1821;1821;LAMEZIA TERME;0;3.252
79047;18;FALERNA;1821;1821;LAMEZIA TERME;0;3.801
79048;18;FEROLETO ANTICO;1821;1821;LAMEZIA TERME;0;2.087
79052;18;FOSSATO SERRALTA;1817;1817;CATANZARO;0;614
79055;18;GAGLIATO;1818;1818;CHIARAVALLE CENTRALE;0;524
79056;18;GASPERINA;1820;1820;SOVERATO;0;2.160
79058;18;GIMIGLIANO;1817;1817;CATANZARO;0;3.421
79059;18;GIRIFALCO;1817;1817;CATANZARO;0;6.120
79060;18;GIZZERIA;1821;1821;LAMEZIA TERME;0;4.522
79061;18;GUARDAVALLE;1820;1820;SOVERATO;0;4.752
79063;18;ISCA SULLO IONIO;1820;1820;SOVERATO;0;1.614
79065;18;JACURSO;1821;1821;LAMEZIA TERME;0;623
79068;18;MAGISANO;1817;1817;CATANZARO;0;1.272
79069;18;MAIDA;1821;1821;LAMEZIA TERME;0;4.457
79071;18;MARCEDUSA;1839;1839;MESORACA;0;425
79072;18;MARCELLINARA;1817;1817;CATANZARO;0;2.253
79073;18;MARTIRANO;1821;1821;LAMEZIA TERME;0;937
79074;18;MARTIRANO LOMBARDO;1821;1821;LAMEZIA TERME;0;1.167
79077;18;MIGLIERINA;1817;1817;CATANZARO;0;799
79080;18;MONTAURO;1820;1820;SOVERATO;0;1.583
79081;18;MONTEPAONE;1820;1820;SOVERATO;0;4.681
79083;18;MOTTA SANTA LUCIA;1821;1821;LAMEZIA TERME;0;871
79087;18;NOCERA TERINESE;1821;1821;LAMEZIA TERME;0;4.725
79088;18;OLIVADI;1818;1818;CHIARAVALLE CENTRALE;0;587
79089;18;PALERMITI;1818;1818;CHIARAVALLE CENTRALE;0;1.275
79092;18;PENTONE;1817;1817;CATANZARO;0;2.215
79094;18;PETRIZZI;1818;1818;CHIARAVALLE CENTRALE;0;1.167
79095;18;PETRONÀ;1819;1819;SELLIA MARINA;0;2.685
79096;18;PIANOPOLI;1821;1821;LAMEZIA TERME;0;2.559
79099;18;PLATANIA;1821;1821;LAMEZIA TERME;0;2.232
79108;18;SAN FLORO;1817;1817;CATANZARO;0;700
79110;18;SAN MANGO D'AQUINO;1821;1821;LAMEZIA TERME;0;1.639
79114;18;SAN PIETRO A MAIDA;1821;1821;LAMEZIA TERME;0;4.298
79115;18;SAN PIETRO APOSTOLO;1817;1817;CATANZARO;0;1.778
79116;18;SAN SOSTENE;1820;1820;SOVERATO;0;1.311
79117;18;SANTA CATERINA DELLO IONIO;1820;1820;SOVERATO;0;2.142
79118;18;SANT'ANDREA APOSTOLO DELLO IONIO;1820;1820;SOVERATO;0;2.072
79122;18;SAN VITO SULLO IONIO;1818;1818;CHIARAVALLE CENTRALE;0;1.830
79123;18;SATRIANO;1820;1820;SOVERATO;0;3.314
79126;18;SELLIA;1817;1817;CATANZARO;0;511
79127;18;SELLIA MARINA;1819;1819;SELLIA MARINA;1;6.987
79129;18;SERRASTRETTA;1821;1821;LAMEZIA TERME;0;3.249
79130;18;SERSALE;1819;1819;SELLIA MARINA;0;4.767
79131;18;SETTINGIANO;1817;1817;CATANZARO;0;2.955
79133;18;SIMERI CRICHI;1817;1817;CATANZARO;0;4.475
79134;18;SORBO SAN BASILE;1817;1817;CATANZARO;0;827
79137;18;SOVERATO;1820;1820;SOVERATO;1;8.841
79138;18;SOVERIA MANNELLI;1821;1821;LAMEZIA TERME;0;3.137
79139;18;SOVERIA SIMERI;1817;1817;CATANZARO;0;1.643
79142;18;SQUILLACE;1817;1817;CATANZARO;0;3.400
79143;18;STALETTÌ;1817;1817;CATANZARO;0;2.443
79146;18;TAVERNA;1817;1817;CATANZARO;0;2.705
79147;18;TIRIOLO;1817;1817;CATANZARO;0;3.897
79148;18;TORRE DI RUGGIERO;1818;1818;CHIARAVALLE CENTRALE;0;1.131
79151;18;VALLEFIORITA;1817;1817;CATANZARO;0;1.849
79157;18;ZAGARISE;1819;1819;SELLIA MARINA;0;1.733
79160;18;LAMEZIA TERME;1821;1821;LAMEZIA TERME;1;70.336
80001;18;AFRICO;1822;1822;BIANCO;0;3.210
80002;18;AGNANA CALABRA;1826;1826;LOCRI;0;569
80003;18;ANOIA;1830;1830;POLISTENA;0;2.246
80004;18;ANTONIMINA;1826;1826;LOCRI;0;1.361
80005;18;ARDORE;1823;1823;BOVALINO;0;4.760
80006;18;BAGALADI;1828;1828;MELITO DI PORTO SALVO;0;1.082
80007;18;BAGNARA CALABRA;1825;1825;GIOIA TAURO;0;10.622
80008;18;BENESTARE;1823;1823;BOVALINO;0;2.442
80009;18;BIANCO;1822;1822;BIANCO;1;4.125
80010;18;BIVONGI;1835;1835;STILO;0;1.398
80011;18;BOVA;1828;1828;MELITO DI PORTO SALVO;0;461
80012;18;BOVALINO;1823;1823;BOVALINO;1;8.814
80013;18;BOVA MARINA;1828;1828;MELITO DI PORTO SALVO;0;4.142
80014;18;BRANCALEONE;1822;1822;BIANCO;0;3.624
80015;18;BRUZZANO ZEFFIRIO;1822;1822;BIANCO;0;1.211
80016;18;CALANNA;1831;1831;REGGIO DI CALABRIA;0;979
80017;18;CAMINI;1835;1835;STILO;0;715
80018;18;CAMPO CALABRO;1831;1831;REGGIO DI CALABRIA;0;4.410
80019;18;CANDIDONI;1833;1833;ROSARNO;0;389
80020;18;CANOLO;1826;1826;LOCRI;0;801
80021;18;CARAFFA DEL BIANCO;1822;1822;BIANCO;0;532
80022;18;CARDETO;1831;1831;REGGIO DI CALABRIA;0;1.822
80023;18;CARERI;1823;1823;BOVALINO;0;2.410
80024;18;CASIGNANA;1822;1822;BIANCO;0;773
80025;18;CAULONIA;1832;1832;ROCCELLA IONICA;0;7.060
80026;18;CIMINÀ;1826;1826;LOCRI;0;595
80027;18;CINQUEFRONDI;1830;1830;POLISTENA;0;6.492
80028;18;CITTANOVA;1830;1830;POLISTENA;0;10.344
80029;18;CONDOFURI;1828;1828;MELITO DI PORTO SALVO;0;5.074
80030;18;COSOLETO;1824;1824;DELIANUOVA;0;916
80031;18;DELIANUOVA;1824;1824;DELIANUOVA;1;3.436
80032;18;FEROLETO DELLA CHIESA;1830;1830;POLISTENA;0;1.772
80033;18;FERRUZZANO;1822;1822;BIANCO;0;745
80034;18;FIUMARA;1831;1831;REGGIO DI CALABRIA;0;1.021
80035;18;GALATRO;1830;1830;POLISTENA;0;1.778
80036;18;GERACE;1826;1826;LOCRI;0;2.772
80037;18;GIFFONE;1830;1830;POLISTENA;0;1.946
80038;18;GIOIA TAURO;1825;1825;GIOIA TAURO;1;19.063
80039;18;GIOIOSA IONICA;1827;1827;MARINA DI GIOIOSA IONICA;0;7.014
80040;18;GROTTERIA;1827;1827;MARINA DI GIOIOSA IONICA;0;3.274
80041;18;LAGANADI;1831;1831;REGGIO DI CALABRIA;0;412
80042;18;LAUREANA DI BORRELLO;1833;1833;ROSARNO;0;5.289
80043;18;LOCRI;1826;1826;LOCRI;1;12.459
80044;18;MAMMOLA;1827;1827;MARINA DI GIOIOSA IONICA;0;2.971
80045;18;MARINA DI GIOIOSA IONICA;1827;1827;MARINA DI GIOIOSA IONICA;1;6.515
80046;18;MAROPATI;1830;1830;POLISTENA;0;1.583
80047;18;MARTONE;1827;1827;MARINA DI GIOIOSA IONICA;0;554
80048;18;MELICUCCÀ;1834;1834;SANT'EUFEMIA D'ASPROMONTE;0;1.001
80049;18;MELICUCCO;1830;1830;POLISTENA;0;5.045
80050;18;MELITO DI PORTO SALVO;1828;1828;MELITO DI PORTO SALVO;1;11.115
80051;18;MOLOCHIO;1836;1836;TAURIANOVA;0;2.643
80052;18;MONASTERACE;1835;1835;STILO;0;3.369
80053;18;MONTEBELLO IONICO;1828;1828;MELITO DI PORTO SALVO;0;6.242
80054;18;MOTTA SAN GIOVANNI;1831;1831;REGGIO DI CALABRIA;0;6.122
80055;18;OPPIDO MAMERTINA;1829;1829;OPPIDO MAMERTINA;1;5.406
80056;18;PALIZZI;1828;1828;MELITO DI PORTO SALVO;0;2.297
80057;18;PALMI;1825;1825;GIOIA TAURO;0;18.721
80058;18;PAZZANO;1835;1835;STILO;0;640
80059;18;PLACANICA;1832;1832;ROCCELLA IONICA;0;1.250
80060;18;PLATÌ;1823;1823;BOVALINO;0;3.711
80061;18;POLISTENA;1830;1830;POLISTENA;1;10.742
80062;18;PORTIGLIOLA;1826;1826;LOCRI;0;1.205
80063;18;REGGIO DI CALABRIA;1831;1831;REGGIO DI CALABRIA;1;180.817
80064;18;RIACE;1832;1832;ROCCELLA IONICA;0;1.793
80065;18;RIZZICONI;1825;1825;GIOIA TAURO;0;7.806
80066;18;ROCCAFORTE DEL GRECO;1828;1828;MELITO DI PORTO SALVO;0;550
80067;18;ROCCELLA IONICA;1832;1832;ROCCELLA IONICA;1;6.434
80068;18;ROGHUDI;1828;1828;MELITO DI PORTO SALVO;0;1.172
80069;18;ROSARNO;1833;1833;ROSARNO;1;14.380
80070;18;SAMO;1822;1822;BIANCO;0;871
80071;18;SAN GIORGIO MORGETO;1830;1830;POLISTENA;0;3.158
80072;18;SAN GIOVANNI DI GERACE;1827;1827;MARINA DI GIOIOSA IONICA;0;537
80073;18;SAN LORENZO;1828;1828;MELITO DI PORTO SALVO;0;2.685
80074;18;SAN LUCA;1823;1823;BOVALINO;0;4.044
80075;18;SAN PIETRO DI CARIDÀ;1833;1833;ROSARNO;0;1.265
80076;18;SAN PROCOPIO;1834;1834;SANT'EUFEMIA D'ASPROMONTE;0;539
80077;18;SAN ROBERTO;1831;1831;REGGIO DI CALABRIA;0;1.833
80078;18;SANTA CRISTINA D'ASPROMONTE;1824;1824;DELIANUOVA;0;1.017
80079;18;SANT'AGATA DEL BIANCO;1822;1822;BIANCO;0;679
80080;18;SANT'ALESSIO IN ASPROMONTE;1831;1831;REGGIO DI CALABRIA;0;323
80081;18;SANT'EUFEMIA D'ASPROMONTE;1834;1834;SANT'EUFEMIA D'ASPROMONTE;1;4.053
80082;18;SANT'ILARIO DELLO IONIO;1826;1826;LOCRI;0;1.332
80083;18;SANTO STEFANO IN ASPROMONTE;1831;1831;REGGIO DI CALABRIA;0;1.247
80084;18;SCIDO;1824;1824;DELIANUOVA;0;976
80085;18;SCILLA;1831;1831;REGGIO DI CALABRIA;0;5.115
80086;18;SEMINARA;1825;1825;GIOIA TAURO;0;2.820
80087;18;SERRATA;1833;1833;ROSARNO;0;914
80088;18;SIDERNO;1826;1826;LOCRI;0;16.879
80089;18;SINOPOLI;1834;1834;SANT'EUFEMIA D'ASPROMONTE;0;2.154
80090;18;STAITI;1822;1822;BIANCO;0;279
80091;18;STIGNANO;1832;1832;ROCCELLA IONICA;0;1.340
80092;18;STILO;1835;1835;STILO;1;2.687
80093;18;TAURIANOVA;1836;1836;TAURIANOVA;1;15.310
80094;18;TERRANOVA SAPPO MINULIO;1836;1836;TAURIANOVA;0;549
80095;18;VARAPODIO;1829;1829;OPPIDO MAMERTINA;0;2.223
80096;18;VILLA SAN GIOVANNI;1831;1831;REGGIO DI CALABRIA;0;13.395
80097;18;SAN FERDINANDO;1833;1833;ROSARNO;0;4.299
101001;18;BELVEDERE DI SPINELLO;1838;1838;CROTONE;0;2.327
101002;18;CACCURI;1814;1814;SAN GIOVANNI IN FIORE;0;1.695
101003;18;CARFIZZI;1837;1837;CIRÒ MARINA;0;745
101004;18;CASABONA;1838;1838;CROTONE;0;2.856
101005;18;CASTELSILANO;1814;1814;SAN GIOVANNI IN FIORE;0;1.034
101006;18;CERENZIA;1814;1814;SAN GIOVANNI IN FIORE;0;1.215
101007;18;CIRÒ;1837;1837;CIRÒ MARINA;0;3.125
101008;18;CIRÒ MARINA;1837;1837;CIRÒ MARINA;1;15.051
101009;18;COTRONEI;1840;1840;PETILIA POLICASTRO;0;5.434
101010;18;CROTONE;1838;1838;CROTONE;1;58.881
101011;18;CRUCOLI;1837;1837;CIRÒ MARINA;0;3.243
101012;18;CUTRO;1838;1838;CROTONE;0;10.065
101013;18;ISOLA DI CAPO RIZZUTO;1838;1838;CROTONE;0;15.827
101014;18;MELISSA;1837;1837;CIRÒ MARINA;0;3.529
101015;18;MESORACA;1839;1839;MESORACA;1;6.718
101016;18;PALLAGORIO;1838;1838;CROTONE;0;1.337
101017;18;PETILIA POLICASTRO;1840;1840;PETILIA POLICASTRO;1;9.267
101018;18;ROCCABERNARDA;1840;1840;PETILIA POLICASTRO;0;3.467
101019;18;ROCCA DI NETO;1838;1838;CROTONE;0;5.594
101020;18;SAN MAURO MARCHESATO;1838;1838;CROTONE;0;2.192
101021;18;SAN NICOLA DELL'ALTO;1837;1837;CIRÒ MARINA;0;898
101022;18;SANTA SEVERINA;1838;1838;CROTONE;0;2.262
101023;18;SAVELLI;1814;1814;SAN GIOVANNI IN FIORE;0;1.321
101024;18;SCANDALE;1838;1838;CROTONE;0;3.326
101025;18;STRONGOLI;1838;1838;CROTONE;0;6.486
101026;18;UMBRIATICO;1837;1837;CIRÒ MARINA;0;929
101027;18;VERZINO;1838;1838;CROTONE;0;1.979
102001;18;ACQUARO;1842;1842;SORIANO CALABRO;0;2.448
102002;18;ARENA;1842;1842;SORIANO CALABRO;0;1.532
102003;18;BRIATICO;1844;1844;VIBO VALENTIA;0;3.983
102004;18;BROGNATURO;1841;1841;SERRA SAN BRUNO;0;670
102005;18;CAPISTRANO;1844;1844;VIBO VALENTIA;0;1.097
102006;18;CESSANITI;1844;1844;VIBO VALENTIA;0;3.405
102007;18;DASÀ;1842;1842;SORIANO CALABRO;0;1.272
102008;18;DINAMI;1833;1833;ROSARNO;0;2.433
102009;18;DRAPIA;1843;1843;TROPEA;0;2.102
102010;18;FABRIZIA;1841;1841;SERRA SAN BRUNO;0;2.373
102011;18;FILADELFIA;1821;1821;LAMEZIA TERME;0;5.638
102012;18;FILANDARI;1844;1844;VIBO VALENTIA;0;1.844
102013;18;FILOGASO;1844;1844;VIBO VALENTIA;0;1.439
102014;18;FRANCAVILLA ANGITOLA;1844;1844;VIBO VALENTIA;0;1.976
102015;18;FRANCICA;1844;1844;VIBO VALENTIA;0;1.663
102016;18;GEROCARNE;1842;1842;SORIANO CALABRO;0;2.380
102017;18;IONADI;1844;1844;VIBO VALENTIA;0;3.822
102018;18;JOPPOLO;1843;1843;TROPEA;0;2.090
102019;18;LIMBADI;1844;1844;VIBO VALENTIA;0;3.498
102020;18;MAIERATO;1844;1844;VIBO VALENTIA;0;2.198
102021;18;MILETO;1844;1844;VIBO VALENTIA;0;6.894
102022;18;MONGIANA;1841;1841;SERRA SAN BRUNO;0;796
102023;18;MONTEROSSO CALABRO;1844;1844;VIBO VALENTIA;0;1.796
102024;18;NARDODIPACE;1841;1841;SERRA SAN BRUNO;0;1.384
102025;18;NICOTERA;1844;1844;VIBO VALENTIA;0;6.490
102026;18;PARGHELIA;1843;1843;TROPEA;0;1.303
102027;18;PIZZO;1844;1844;VIBO VALENTIA;0;8.885
102028;18;PIZZONI;1842;1842;SORIANO CALABRO;0;1.233
102029;18;POLIA;1844;1844;VIBO VALENTIA;0;1.048
102030;18;RICADI;1843;1843;TROPEA;0;4.750
102031;18;ROMBIOLO;1844;1844;VIBO VALENTIA;0;4.649
102032;18;SAN CALOGERO;1844;1844;VIBO VALENTIA;0;4.460
102033;18;SAN COSTANTINO CALABRO;1844;1844;VIBO VALENTIA;0;2.238
102034;18;SAN GREGORIO D'IPPONA;1844;1844;VIBO VALENTIA;0;2.422
102035;18;SAN NICOLA DA CRISSA;1841;1841;SERRA SAN BRUNO;0;1.416
102036;18;SANT'ONOFRIO;1844;1844;VIBO VALENTIA;0;3.148
102037;18;SERRA SAN BRUNO;1841;1841;SERRA SAN BRUNO;1;6.850
102038;18;SIMBARIO;1841;1841;SERRA SAN BRUNO;0;956
102039;18;SORIANELLO;1842;1842;SORIANO CALABRO;0;1.210
102040;18;SORIANO CALABRO;1842;1842;SORIANO CALABRO;1;2.472
102041;18;SPADOLA;1841;1841;SERRA SAN BRUNO;0;858
102042;18;SPILINGA;1843;1843;TROPEA;0;1.470
102043;18;STEFANACONI;1844;1844;VIBO VALENTIA;0;2.526
102044;18;TROPEA;1843;1843;TROPEA;1;6.555
102045;18;VALLELONGA;1841;1841;SERRA SAN BRUNO;0;682
102046;18;VAZZANO;1842;1842;SORIANO CALABRO;0;1.106
102047;18;VIBO VALENTIA;1844;1844;VIBO VALENTIA;1;33.357
102048;18;ZACCANOPOLI;1843;1843;TROPEA;0;802
102049;18;ZAMBRONE;1843;1843;TROPEA;0;1.805
102050;18;ZUNGRI;1843;1843;TROPEA;0;1.985
81001;19;ALCAMO;1901;1901;ALCAMO;1;45.314
81002;19;BUSETO PALIZZOLO;1905;1905;TRAPANI;0;3.031
81003;19;CALATAFIMI-SEGESTA;1901;1901;ALCAMO;0;6.938
81004;19;CAMPOBELLO DI MAZARA;1902;1902;CASTELVETRANO;0;11.580
81005;19;CASTELLAMMARE DEL GOLFO;1901;1901;ALCAMO;0;14.603
81006;19;CASTELVETRANO;1902;1902;CASTELVETRANO;1;31.824
81007;19;CUSTONACI;1905;1905;TRAPANI;0;5.392
81008;19;ERICE;1905;1905;TRAPANI;0;28.012
81009;19;FAVIGNANA;1905;1905;TRAPANI;0;4.185
81010;19;GIBELLINA;1904;1904;SALEMI;0;4.264
81011;19;MARSALA;1903;1903;MARSALA;1;80.218
81012;19;MAZARA DEL VALLO;1903;1903;MARSALA;0;49.995
81013;19;PACECO;1905;1905;TRAPANI;0;11.487
81014;19;PANTELLERIA;1905;1905;TRAPANI;0;7.493
81015;19;PARTANNA;1902;1902;CASTELVETRANO;0;10.854
81016;19;POGGIOREALE;1902;1902;CASTELVETRANO;0;1.534
81017;19;SALAPARUTA;1902;1902;CASTELVETRANO;0;1.721
81018;19;SALEMI;1904;1904;SALEMI;1;10.871
81019;19;SANTA NINFA;1902;1902;CASTELVETRANO;0;5.095
81020;19;SAN VITO LO CAPO;1905;1905;TRAPANI;0;4.415
81021;19;TRAPANI;1905;1905;TRAPANI;1;69.241
81022;19;VALDERICE;1905;1905;TRAPANI;0;11.951
81023;19;VITA;1904;1904;SALEMI;0;2.139
81024;19;PETROSINO;1903;1903;MARSALA;0;7.760
82001;19;ALIA;1906;1906;ALIA;1;3.806
82002;19;ALIMENA;1916;1916;PETRALIA SOTTANA;0;2.152
82003;19;ALIMINUSA;1918;1918;TERMINI IMERESE;0;1.291
82004;19;ALTAVILLA MILICIA;1907;1907;BAGHERIA;0;7.429
82005;19;ALTOFONTE;1914;1914;PALERMO;0;10.266
82006;19;BAGHERIA;1907;1907;BAGHERIA;1;54.257
82007;19;BALESTRATE;1915;1915;PARTINICO;0;6.413
82008;19;BAUCINA;1911;1911;CORLEONE;0;2.014
82009;19;BELMONTE MEZZAGNO;1914;1914;PALERMO;0;11.149
82010;19;BISACQUINO;1908;1908;BISACQUINO;1;4.829
82011;19;BOLOGNETTA;1911;1911;CORLEONE;0;3.932
82012;19;BOMPIETRO;1916;1916;PETRALIA SOTTANA;0;1.474
82013;19;BORGETTO;1915;1915;PARTINICO;0;7.021
82014;19;CACCAMO;1918;1918;TERMINI IMERESE;0;8.295
82015;19;CALTAVUTURO;1918;1918;TERMINI IMERESE;0;4.171
82016;19;CAMPOFELICE DI FITALIA;1913;1913;LERCARA FRIDDI;0;548
82017;19;CAMPOFELICE DI ROCCELLA;1910;1910;CEFALÙ;0;6.918
82018;19;CAMPOFIORITO;1908;1908;BISACQUINO;0;1.332
82019;19;CAMPOREALE;1901;1901;ALCAMO;0;3.448
82020;19;CAPACI;1914;1914;PALERMO;0;11.030
82021;19;CARINI;1914;1914;PALERMO;0;35.681
82022;19;CASTELBUONO;1909;1909;CASTELBUONO;1;9.161
82023;19;CASTELDACCIA;1907;1907;BAGHERIA;0;10.884
82024;19;CASTELLANA SICULA;1916;1916;PETRALIA SOTTANA;0;3.549
82025;19;CASTRONOVO DI SICILIA;1913;1913;LERCARA FRIDDI;0;3.175
82026;19;CEFALÀ DIANA;1911;1911;CORLEONE;0;1.007
82027;19;CEFALÙ;1910;1910;CEFALÙ;1;14.354
82028;19;CERDA;1918;1918;TERMINI IMERESE;0;5.391
82029;19;CHIUSA SCLAFANI;1908;1908;BISACQUINO;0;2.957
82030;19;CIMINNA;1911;1911;CORLEONE;0;3.845
82031;19;CINISI;1914;1914;PALERMO;0;12.031
82032;19;COLLESANO;1910;1910;CEFALÙ;0;4.095
82033;19;CONTESSA ENTELLINA;1908;1908;BISACQUINO;0;1.865
82034;19;CORLEONE;1911;1911;CORLEONE;1;11.286
82035;19;FICARAZZI;1914;1914;PALERMO;0;11.484
82036;19;GANGI;1912;1912;GANGI;1;7.063
82037;19;GERACI SICULO;1912;1912;GANGI;0;1.925
82038;19;GIARDINELLO;1915;1915;PARTINICO;0;2.258
82039;19;GIULIANA;1908;1908;BISACQUINO;0;2.032
82040;19;GODRANO;1911;1911;CORLEONE;0;1.153
82041;19;GRATTERI;1910;1910;CEFALÙ;0;1.019
82042;19;ISNELLO;1909;1909;CASTELBUONO;0;1.598
82043;19;ISOLA DELLE FEMMINE;1914;1914;PALERMO;0;7.100
82044;19;LASCARI;1910;1910;CEFALÙ;0;3.500
82045;19;LERCARA FRIDDI;1913;1913;LERCARA FRIDDI;1;6.935
82046;19;MARINEO;1911;1911;CORLEONE;0;6.779
82047;19;MEZZOJUSO;1911;1911;CORLEONE;0;3.020
82048;19;MISILMERI;1914;1914;PALERMO;0;27.570
82049;19;MONREALE;1914;1914;PALERMO;0;38.018
82050;19;MONTELEPRE;1915;1915;PARTINICO;0;6.421
82051;19;MONTEMAGGIORE BELSITO;1918;1918;TERMINI IMERESE;0;3.566
82052;19;PALAZZO ADRIANO;1917;1917;PRIZZI;0;2.227
82053;19;PALERMO;1914;1914;PALERMO;1;657.561
82054;19;PARTINICO;1915;1915;PARTINICO;1;31.401
82055;19;PETRALIA SOPRANA;1916;1916;PETRALIA SOTTANA;0;3.443
82056;19;PETRALIA SOTTANA;1916;1916;PETRALIA SOTTANA;1;2.975
82057;19;PIANA DEGLI ALBANESI;1914;1914;PALERMO;0;6.010
82058;19;POLIZZI GENEROSA;1916;1916;PETRALIA SOTTANA;0;3.607
82059;19;POLLINA;1910;1910;CEFALÙ;0;2.998
82060;19;PRIZZI;1917;1917;PRIZZI;1;5.055
82061;19;ROCCAMENA;1908;1908;BISACQUINO;0;1.562
82062;19;ROCCAPALUMBA;1913;1913;LERCARA FRIDDI;0;2.634
82063;19;SAN CIPIRELLO;1914;1914;PALERMO;0;5.478
82064;19;SAN GIUSEPPE JATO;1914;1914;PALERMO;0;8.511
82065;19;SAN MAURO CASTELVERDE;1912;1912;GANGI;0;1.847
82066;19;SANTA CRISTINA GELA;1914;1914;PALERMO;0;925
82067;19;SANTA FLAVIA;1907;1907;BAGHERIA;0;10.751
82068;19;SCIARA;1918;1918;TERMINI IMERESE;0;2.787
82069;19;SCLAFANI BAGNI;1906;1906;ALIA;0;450
82070;19;TERMINI IMERESE;1918;1918;TERMINI IMERESE;1;26.201
82071;19;TERRASINI;1914;1914;PALERMO;0;11.985
82072;19;TORRETTA;1914;1914;PALERMO;0;4.141
82073;19;TRABIA;1918;1918;TERMINI IMERESE;0;10.360
82074;19;TRAPPETO;1915;1915;PARTINICO;0;3.211
82075;19;USTICA;1914;1914;PALERMO;0;1.287
82076;19;VALLEDOLMO;1906;1906;ALIA;0;3.747
82077;19;VENTIMIGLIA DI SICILIA;1918;1918;TERMINI IMERESE;0;2.080
82078;19;VICARI;1913;1913;LERCARA FRIDDI;0;2.948
82079;19;VILLABATE;1914;1914;PALERMO;0;19.819
82080;19;VILLAFRATI;1911;1911;CORLEONE;0;3.377
82081;19;SCILLATO;1918;1918;TERMINI IMERESE;0;627
82082;19;BLUFI;1916;1916;PETRALIA SOTTANA;0;1.083
83001;19;ALCARA LI FUSI;1929;1929;SANT'AGATA DI MILITELLO;0;2.072
83002;19;ALÌ;1930;1930;SANTA TERESA DI RIVA;0;823
83003;19;ALÌ TERME;1930;1930;SANTA TERESA DI RIVA;0;2.567
83004;19;ANTILLO;1930;1930;SANTA TERESA DI RIVA;0;992
83005;19;BARCELLONA POZZO DI GOTTO;1919;1919;BARCELLONA POZZO DI GOTTO;1;41.632
83006;19;BASICÒ;1928;1928;PATTI;0;679
83007;19;BROLO;1920;1920;BROLO;1;5.826
83008;19;CAPIZZI;1952;1952;TROINA;0;3.347
83009;19;CAPO D'ORLANDO;1921;1921;CAPO D'ORLANDO;1;13.260
83010;19;CAPRI LEONE;1921;1921;CAPO D'ORLANDO;0;4.516
83011;19;CARONIA;1922;1922;CARONIA;1;3.463
83012;19;CASALVECCHIO SICULO;1930;1930;SANTA TERESA DI RIVA;0;907
83013;19;CASTEL DI LUCIO;1927;1927;MISTRETTA;0;1.366
83014;19;CASTELL'UMBERTO;1921;1921;CAPO D'ORLANDO;0;3.295
83015;19;CASTELMOLA;1932;1932;TAORMINA;0;1.073
83016;19;CASTROREALE;1919;1919;BARCELLONA POZZO DI GOTTO;0;2.548
83017;19;CESARÒ;1954;1954;BRONTE;0;2.572
83018;19;CONDRÒ;1926;1926;MILAZZO;0;481
83019;19;FALCONE;1919;1919;BARCELLONA POZZO DI GOTTO;0;2.874
83020;19;FICARRA;1920;1920;BROLO;0;1.566
83021;19;FIUMEDINISI;1930;1930;SANTA TERESA DI RIVA;0;1.559
83022;19;FLORESTA;1961;1961;RANDAZZO;0;516
83023;19;FONDACHELLI-FANTINA;1919;1919;BARCELLONA POZZO DI GOTTO;0;1.090
83024;19;FORZA D'AGRÒ;1930;1930;SANTA TERESA DI RIVA;0;878
83025;19;FRANCAVILLA DI SICILIA;1923;1923;FRANCAVILLA DI SICILIA;1;3.901
83026;19;FRAZZANÒ;1921;1921;CAPO D'ORLANDO;0;755
83027;19;FURCI SICULO;1930;1930;SANTA TERESA DI RIVA;0;3.428
83028;19;FURNARI;1919;1919;BARCELLONA POZZO DI GOTTO;0;3.665
83029;19;GAGGI;1932;1932;TAORMINA;0;3.138
83030;19;GALATI MAMERTINO;1921;1921;CAPO D'ORLANDO;0;2.794
83031;19;GALLODORO;1932;1932;TAORMINA;0;381
83032;19;GIARDINI-NAXOS;1932;1932;TAORMINA;0;9.268
83033;19;GIOIOSA MAREA;1928;1928;PATTI;0;7.114
83034;19;GRANITI;1932;1932;TAORMINA;0;1.522
83035;19;GUALTIERI SICAMINÒ;1926;1926;MILAZZO;0;1.834
83036;19;ITALA;1925;1925;MESSINA;0;1.663
83037;19;LENI;1924;1924;LIPARI;0;702
83038;19;LETOJANNI;1932;1932;TAORMINA;0;2.699
83039;19;LIBRIZZI;1928;1928;PATTI;0;1.771
83040;19;LIMINA;1930;1930;SANTA TERESA DI RIVA;0;900
83041;19;LIPARI;1924;1924;LIPARI;1;11.642
83042;19;LONGI;1921;1921;CAPO D'ORLANDO;0;1.562
83043;19;MALFA;1924;1924;LIPARI;0;988
83044;19;MALVAGNA;1923;1923;FRANCAVILLA DI SICILIA;0;794
83045;19;MANDANICI;1930;1930;SANTA TERESA DI RIVA;0;629
83046;19;MAZZARRÀ SANT'ANDREA;1919;1919;BARCELLONA POZZO DI GOTTO;0;1.567
83047;19;MERÌ;1926;1926;MILAZZO;0;2.396
83048;19;MESSINA;1925;1925;MESSINA;1;243.262
83049;19;MILAZZO;1926;1926;MILAZZO;1;32.146
83050;19;MILITELLO ROSMARINO;1929;1929;SANT'AGATA DI MILITELLO;0;1.334
83051;19;MIRTO;1921;1921;CAPO D'ORLANDO;0;1.000
83052;19;MISTRETTA;1927;1927;MISTRETTA;1;5.014
83053;19;MOIO ALCANTARA;1923;1923;FRANCAVILLA DI SICILIA;0;756
83054;19;MONFORTE SAN GIORGIO;1926;1926;MILAZZO;0;2.880
83055;19;MONGIUFFI MELIA;1932;1932;TAORMINA;0;653
83056;19;MONTAGNAREALE;1928;1928;PATTI;0;1.631
83057;19;MONTALBANO ELICONA;1928;1928;PATTI;0;2.420
83058;19;MOTTA CAMASTRA;1923;1923;FRANCAVILLA DI SICILIA;0;882
83059;19;MOTTA D'AFFERMO;1931;1931;SANTO STEFANO DI CAMASTRA;0;828
83060;19;NASO;1921;1921;CAPO D'ORLANDO;0;4.015
83061;19;NIZZA DI SICILIA;1930;1930;SANTA TERESA DI RIVA;0;3.723
83062;19;NOVARA DI SICILIA;1919;1919;BARCELLONA POZZO DI GOTTO;0;1.413
83063;19;OLIVERI;1919;1919;BARCELLONA POZZO DI GOTTO;0;2.157
83064;19;PACE DEL MELA;1926;1926;MILAZZO;0;6.388
83065;19;PAGLIARA;1930;1930;SANTA TERESA DI RIVA;0;1.230
83066;19;PATTI;1928;1928;PATTI;1;13.325
83067;19;PETTINEO;1931;1931;SANTO STEFANO DI CAMASTRA;0;1.433
83068;19;PIRAINO;1920;1920;BROLO;0;3.964
83069;19;RACCUJA;1921;1921;CAPO D'ORLANDO;0;1.139
83070;19;REITANO;1931;1931;SANTO STEFANO DI CAMASTRA;0;829
83071;19;ROCCAFIORITA;1932;1932;TAORMINA;0;228
83072;19;ROCCALUMERA;1930;1930;SANTA TERESA DI RIVA;0;4.105
83073;19;ROCCAVALDINA;1926;1926;MILAZZO;0;1.149
83074;19;ROCCELLA VALDEMONE;1923;1923;FRANCAVILLA DI SICILIA;0;711
83075;19;RODÌ MILICI;1919;1919;BARCELLONA POZZO DI GOTTO;0;2.130
83076;19;ROMETTA;1925;1925;MESSINA;0;6.541
83077;19;SAN FILIPPO DEL MELA;1926;1926;MILAZZO;0;7.065
83078;19;SAN FRATELLO;1922;1922;CARONIA;0;3.942
83079;19;SAN MARCO D'ALUNZIO;1929;1929;SANT'AGATA DI MILITELLO;0;2.083
83080;19;SAN PIER NICETO;1926;1926;MILAZZO;0;2.911
83081;19;SAN PIERO PATTI;1928;1928;PATTI;0;3.082
83082;19;SAN SALVATORE DI FITALIA;1921;1921;CAPO D'ORLANDO;0;1.378
83083;19;SANTA DOMENICA VITTORIA;1961;1961;RANDAZZO;0;1.067
83084;19;SANT'AGATA DI MILITELLO;1929;1929;SANT'AGATA DI MILITELLO;1;12.803
83085;19;SANT'ALESSIO SICULO;1930;1930;SANTA TERESA DI RIVA;0;1.497
83086;19;SANTA LUCIA DEL MELA;1926;1926;MILAZZO;0;4.744
83087;19;SANTA MARINA SALINA;1924;1924;LIPARI;0;892
83088;19;SANT'ANGELO DI BROLO;1920;1920;BROLO;0;3.297
83089;19;SANTA TERESA DI RIVA;1930;1930;SANTA TERESA DI RIVA;1;9.240
83090;19;SAN TEODORO;1954;1954;BRONTE;0;1.421
83091;19;SANTO STEFANO DI CAMASTRA;1931;1931;SANTO STEFANO DI CAMASTRA;1;4.674
83092;19;SAPONARA;1925;1925;MESSINA;0;4.078
83093;19;SAVOCA;1930;1930;SANTA TERESA DI RIVA;0;1.766
83094;19;SCALETTA ZANCLEA;1925;1925;MESSINA;0;2.249
83095;19;SINAGRA;1921;1921;CAPO D'ORLANDO;0;2.760
83096;19;SPADAFORA;1926;1926;MILAZZO;0;5.091
83097;19;TAORMINA;1932;1932;TAORMINA;1;11.084
83098;19;TORREGROTTA;1926;1926;MILAZZO;0;7.426
83099;19;TORTORICI;1921;1921;CAPO D'ORLANDO;0;6.732
83100;19;TRIPI;1919;1919;BARCELLONA POZZO DI GOTTO;0;933
83101;19;TUSA;1931;1931;SANTO STEFANO DI CAMASTRA;0;3.051
83102;19;UCRIA;1921;1921;CAPO D'ORLANDO;0;1.105
83103;19;VALDINA;1926;1926;MILAZZO;0;1.352
83104;19;VENETICO;1926;1926;MILAZZO;0;3.855
83105;19;VILLAFRANCA TIRRENA;1925;1925;MESSINA;0;8.748
83106;19;TERME VIGLIATORE;1919;1919;BARCELLONA POZZO DI GOTTO;0;7.213
83107;19;ACQUEDOLCI;1929;1929;SANT'AGATA DI MILITELLO;0;5.744
83108;19;TORRENOVA;1929;1929;SANT'AGATA DI MILITELLO;0;4.240
84001;19;AGRIGENTO;1933;1933;AGRIGENTO;1;58.323
84002;19;ALESSANDRIA DELLA ROCCA;1934;1934;BIVONA;0;3.118
84003;19;ARAGONA;1933;1933;AGRIGENTO;0;9.493
84004;19;BIVONA;1934;1934;BIVONA;1;3.882
84005;19;BURGIO;1941;1941;RIBERA;0;2.780
84006;19;CALAMONACI;1941;1941;RIBERA;0;1.375
84007;19;CALTABELLOTTA;1942;1942;SCIACCA;0;3.907
84008;19;CAMASTRA;1940;1940;NARO;0;2.163
84009;19;CAMMARATA;1935;1935;CAMMARATA;1;6.275
84010;19;CAMPOBELLO DI LICATA;1936;1936;CAMPOBELLO DI LICATA;1;10.438
84011;19;CANICATTÌ;1937;1937;CANICATTÌ;1;34.863
84012;19;CASTELTERMINI;1935;1935;CAMMARATA;0;8.422
84013;19;CASTROFILIPPO;1937;1937;CANICATTÌ;0;3.020
84014;19;CATTOLICA ERACLEA;1941;1941;RIBERA;0;3.975
84015;19;CIANCIANA;1934;1934;BIVONA;0;3.517
84016;19;COMITINI;1933;1933;AGRIGENTO;0;944
84017;19;FAVARA;1933;1933;AGRIGENTO;0;32.972
84018;19;GROTTE;1937;1937;CANICATTÌ;0;5.839
84019;19;JOPPOLO GIANCAXIO;1933;1933;AGRIGENTO;0;1.210
84020;19;LAMPEDUSA E LINOSA;1933;1933;AGRIGENTO;0;6.105
84021;19;LICATA;1938;1938;LICATA;1;38.125
84022;19;LUCCA SICULA;1917;1917;PRIZZI;0;1.917
84023;19;MENFI;1939;1939;MENFI;1;12.711
84024;19;MONTALLEGRO;1941;1941;RIBERA;0;2.543
84025;19;MONTEVAGO;1939;1939;MENFI;0;3.015
84026;19;NARO;1940;1940;NARO;1;8.103
84027;19;PALMA DI MONTECHIARO;1938;1938;LICATA;0;23.643
84028;19;PORTO EMPEDOCLE;1933;1933;AGRIGENTO;0;16.841
84029;19;RACALMUTO;1937;1937;CANICATTÌ;0;8.345
84030;19;RAFFADALI;1933;1933;AGRIGENTO;0;12.837
84031;19;RAVANUSA;1936;1936;CAMPOBELLO DI LICATA;0;12.128
84032;19;REALMONTE;1933;1933;AGRIGENTO;0;4.487
84033;19;RIBERA;1941;1941;RIBERA;1;19.302
84034;19;SAMBUCA DI SICILIA;1939;1939;MENFI;0;6.114
84035;19;SAN BIAGIO PLATANI;1934;1934;BIVONA;0;3.501
84036;19;SAN GIOVANNI GEMINI;1935;1935;CAMMARATA;0;8.127
84037;19;SANTA ELISABETTA;1933;1933;AGRIGENTO;0;2.608
84038;19;SANTA MARGHERITA DI BELICE;1939;1939;MENFI;0;6.544
84039;19;SANT'ANGELO MUXARO;1933;1933;AGRIGENTO;0;1.471
84040;19;SANTO STEFANO QUISQUINA;1934;1934;BIVONA;0;4.897
84041;19;SCIACCA;1942;1942;SCIACCA;1;40.899
84042;19;SICULIANA;1933;1933;AGRIGENTO;0;4.632
84043;19;VILLAFRANCA SICULA;1941;1941;RIBERA;0;1.426
85001;19;ACQUAVIVA PLATANI;1946;1946;MUSSOMELI;0;1.041
85002;19;BOMPENSIERE;1946;1946;MUSSOMELI;0;610
85003;19;BUTERA;1947;1947;RIESI;0;4.937
85004;19;CALTANISSETTA;1943;1943;CALTANISSETTA;1;61.711
85005;19;CAMPOFRANCO;1946;1946;MUSSOMELI;0;3.218
85006;19;DELIA;1943;1943;CALTANISSETTA;0;4.325
85007;19;GELA;1944;1944;GELA;1;75.668
85008;19;MARIANOPOLI;1943;1943;CALTANISSETTA;0;2.006
85009;19;MAZZARINO;1945;1945;MAZZARINO;1;12.333
85010;19;MILENA;1946;1946;MUSSOMELI;0;3.178
85011;19;MONTEDORO;1943;1943;CALTANISSETTA;0;1.643
85012;19;MUSSOMELI;1946;1946;MUSSOMELI;1;11.010
85013;19;NISCEMI;1944;1944;GELA;0;27.975
85014;19;RESUTTANO;1916;1916;PETRALIA SOTTANA;0;2.139
85015;19;RIESI;1947;1947;RIESI;1;11.814
85016;19;SAN CATALDO;1943;1943;CALTANISSETTA;0;23.424
85017;19;SANTA CATERINA VILLARMOSA;1943;1943;CALTANISSETTA;0;5.727
85018;19;SERRADIFALCO;1943;1943;CALTANISSETTA;0;6.265
85019;19;SOMMATINO;1943;1943;CALTANISSETTA;0;7.267
85020;19;SUTERA;1946;1946;MUSSOMELI;0;1.436
85021;19;VALLELUNGA PRATAMENO;1906;1906;ALIA;0;3.641
85022;19;VILLALBA;1906;1906;ALIA;0;1.731
86001;19;AGIRA;1949;1949;LEONFORTE;0;8.484
86002;19;AIDONE;1951;1951;PIAZZA ARMERINA;0;4.929
86003;19;ASSORO;1949;1949;LEONFORTE;0;5.366
86004;19;BARRAFRANCA;1951;1951;PIAZZA ARMERINA;0;13.977
86005;19;CALASCIBETTA;1948;1948;ENNA;0;4.628
86006;19;CATENANUOVA;1949;1949;LEONFORTE;0;4.999
86007;19;CENTURIPE;1953;1953;ADRANO;0;5.599
86008;19;CERAMI;1952;1952;TROINA;0;2.150
86009;19;ENNA;1948;1948;ENNA;1;27.894
86010;19;GAGLIANO CASTELFERRATO;1952;1952;TROINA;0;3.722
86011;19;LEONFORTE;1949;1949;LEONFORTE;1;13.878
86012;19;NICOSIA;1950;1950;NICOSIA;1;14.272
86013;19;NISSORIA;1949;1949;LEONFORTE;0;2.969
86014;19;PIAZZA ARMERINA;1951;1951;PIAZZA ARMERINA;1;22.196
86015;19;PIETRAPERZIA;1951;1951;PIAZZA ARMERINA;0;7.227
86016;19;REGALBUTO;1949;1949;LEONFORTE;0;7.388
86017;19;SPERLINGA;1950;1950;NICOSIA;0;833
86018;19;TROINA;1952;1952;TROINA;1;9.628
86019;19;VALGUARNERA CAROPEPE;1948;1948;ENNA;0;8.182
86020;19;VILLAROSA;1948;1948;ENNA;0;5.130
87001;19;ACI BONACCORSI;1956;1956;CATANIA;0;3.200
87002;19;ACI CASTELLO;1956;1956;CATANIA;0;18.122
87003;19;ACI CATENA;1956;1956;CATANIA;0;28.749
87004;19;ACIREALE;1956;1956;CATANIA;0;51.456
87005;19;ACI SANT'ANTONIO;1956;1956;CATANIA;0;17.270
87006;19;ADRANO;1953;1953;ADRANO;1;35.549
87007;19;BELPASSO;1956;1956;CATANIA;0;26.378
87008;19;BIANCAVILLA;1953;1953;ADRANO;0;23.703
87009;19;BRONTE;1954;1954;BRONTE;1;19.234
87010;19;CALATABIANO;1932;1932;TAORMINA;0;5.383
87011;19;CALTAGIRONE;1955;1955;CALTAGIRONE;1;38.123
87012;19;CAMPOROTONDO ETNEO;1956;1956;CATANIA;0;4.476
87013;19;CASTEL DI IUDICA;1959;1959;PALAGONIA;0;4.748
87014;19;CASTIGLIONE DI SICILIA;1923;1923;FRANCAVILLA DI SICILIA;0;3.298
87015;19;CATANIA;1956;1956;CATANIA;1;293.902
87016;19;FIUMEFREDDO DI SICILIA;1957;1957;GIARRE;0;9.690
87017;19;GIARRE;1957;1957;GIARRE;1;28.114
87018;19;GRAMMICHELE;1958;1958;GRAMMICHELE;1;13.064
87019;19;GRAVINA DI CATANIA;1956;1956;CATANIA;0;26.543
87020;19;LICODIA EUBEA;1958;1958;GRAMMICHELE;0;3.047
87021;19;LINGUAGLOSSA;1957;1957;GIARRE;0;5.416
87022;19;MALETTO;1954;1954;BRONTE;0;4.015
87023;19;MASCALI;1957;1957;GIARRE;0;13.792
87024;19;MASCALUCIA;1956;1956;CATANIA;0;29.984
87025;19;MILITELLO IN VAL DI CATANIA;1962;1962;SCORDIA;0;7.807
87026;19;MILO;1957;1957;GIARRE;0;1.065
87027;19;MINEO;1959;1959;PALAGONIA;0;5.216
87028;19;MIRABELLA IMBACCARI;1955;1955;CALTAGIRONE;0;5.191
87029;19;MISTERBIANCO;1956;1956;CATANIA;0;47.356
87030;19;MOTTA SANT'ANASTASIA;1956;1956;CATANIA;0;11.394
87031;19;NICOLOSI;1956;1956;CATANIA;0;7.156
87032;19;PALAGONIA;1959;1959;PALAGONIA;1;16.540
87033;19;PATERNÒ;1960;1960;PATERNÒ;1;47.870
87034;19;PEDARA;1956;1956;CATANIA;0;12.896
87035;19;PIEDIMONTE ETNEO;1957;1957;GIARRE;0;4.079
87036;19;RADDUSA;1959;1959;PALAGONIA;0;3.280
87037;19;RAMACCA;1959;1959;PALAGONIA;0;10.775
87038;19;RANDAZZO;1961;1961;RANDAZZO;1;11.108
87039;19;RIPOSTO;1957;1957;GIARRE;0;14.181
87040;19;SAN CONO;1945;1945;MAZZARINO;0;2.790
87041;19;SAN GIOVANNI LA PUNTA;1956;1956;CATANIA;0;22.049
87042;19;SAN GREGORIO DI CATANIA;1956;1956;CATANIA;0;11.497
87043;19;SAN MICHELE DI GANZARIA;1955;1955;CALTAGIRONE;0;3.463
87044;19;SAN PIETRO CLARENZA;1956;1956;CATANIA;0;7.102
87045;19;SANT'AGATA LI BATTIATI;1956;1956;CATANIA;0;9.829
87046;19;SANT'ALFIO;1957;1957;GIARRE;0;1.631
87047;19;SANTA MARIA DI LICODIA;1953;1953;ADRANO;0;7.322
87048;19;SANTA VENERINA;1957;1957;GIARRE;0;8.351
87049;19;SCORDIA;1962;1962;SCORDIA;1;17.185
87050;19;TRECASTAGNI;1956;1956;CATANIA;0;10.482
87051;19;TREMESTIERI ETNEO;1956;1956;CATANIA;0;21.032
87052;19;VALVERDE;1956;1956;CATANIA;0;7.714
87053;19;VIAGRANDE;1956;1956;CATANIA;0;8.155
87054;19;VIZZINI;1958;1958;GRAMMICHELE;0;6.409
87055;19;ZAFFERANA ETNEA;1957;1957;GIARRE;0;9.249
87056;19;MAZZARRONE;1958;1958;GRAMMICHELE;0;3.989
87057;19;MANIACE;1954;1954;BRONTE;0;3.671
87058;19;RAGALNA;1960;1960;PATERNÒ;0;3.676
88001;19;ACATE;1966;1966;VITTORIA;0;9.574
88002;19;CHIARAMONTE GULFI;1963;1963;COMISO;0;8.224
88003;19;COMISO;1963;1963;COMISO;1;29.184
88004;19;GIARRATANA;1965;1965;RAGUSA;0;3.143
88005;19;ISPICA;1964;1964;ISPICA;1;15.122
88006;19;MODICA;1965;1965;RAGUSA;0;53.959
88007;19;MONTEROSSO ALMO;1965;1965;RAGUSA;0;3.183
88008;19;POZZALLO;1964;1964;ISPICA;0;18.929
88009;19;RAGUSA;1965;1965;RAGUSA;1;69.794
88010;19;SANTA CROCE CAMERINA;1965;1965;RAGUSA;0;9.452
88011;19;SCICLI;1965;1965;RAGUSA;0;25.922
88012;19;VITTORIA;1966;1966;VITTORIA;1;61.006
89001;19;AUGUSTA;1967;1967;AUGUSTA;1;36.169
89002;19;AVOLA;1971;1971;SIRACUSA;0;31.328
89003;19;BUCCHERI;1969;1969;NOTO;0;2.133
89004;19;BUSCEMI;1969;1969;NOTO;0;1.128
89005;19;CANICATTINI BAGNI;1971;1971;SIRACUSA;0;7.186
89006;19;CARLENTINI;1968;1968;LENTINI;0;17.958
89007;19;CASSARO;1967;1967;AUGUSTA;0;813
89008;19;FERLA;1967;1967;AUGUSTA;0;2.600
89009;19;FLORIDIA;1971;1971;SIRACUSA;0;22.685
89010;19;FRANCOFONTE;1968;1968;LENTINI;0;12.923
89011;19;LENTINI;1968;1968;LENTINI;1;24.484
89012;19;MELILLI;1967;1967;AUGUSTA;0;13.076
89013;19;NOTO;1969;1969;NOTO;1;23.704
89014;19;PACHINO;1970;1970;PACHINO;1;22.068
89015;19;PALAZZOLO ACREIDE;1969;1969;NOTO;0;9.091
89016;19;ROSOLINI;1969;1969;NOTO;0;21.526
89017;19;SIRACUSA;1971;1971;SIRACUSA;1;118.385
89018;19;SOLARINO;1971;1971;SIRACUSA;0;7.853
89019;19;SORTINO;1967;1967;AUGUSTA;0;8.907
89020;19;PORTOPALO DI CAPO PASSERO;1970;1970;PACHINO;0;3.749
89021;19;PRIOLO GARGALLO;1967;1967;AUGUSTA;0;12.167
90003;20;ALGHERO;2001;2001;ALGHERO;1;40.641
90004;20;ANELA;2003;2003;BONO;0;673
90005;20;ARDARA;2005;2005;OZIERI;0;800
90007;20;BANARI;2007;2007;THIESI;0;610
90008;20;BENETUTTI;2002;2002;BENETUTTI;1;1.971
90010;20;BESSUDE;2007;2007;THIESI;0;428
90011;20;BONNANARO;2007;2007;THIESI;0;1.021
90012;20;BONO;2003;2003;BONO;1;3.636
90013;20;BONORVA;2007;2007;THIESI;0;3.669
90015;20;BORUTTA;2007;2007;THIESI;0;285
90016;20;BOTTIDDA;2003;2003;BONO;0;736
90018;20;BULTEI;2002;2002;BENETUTTI;0;1.046
90019;20;BULZI;2004;2004;CASTELSARDO;0;552
90020;20;BURGOS;2003;2003;BONO;0;944
90022;20;CARGEGHE;2006;2006;SASSARI;0;644
90023;20;CASTELSARDO;2004;2004;CASTELSARDO;1;5.737
90024;20;CHEREMULE;2007;2007;THIESI;0;455
90025;20;CHIARAMONTI;2004;2004;CASTELSARDO;0;1.735
90026;20;CODRONGIANOS;2006;2006;SASSARI;0;1.346
90027;20;COSSOINE;2007;2007;THIESI;0;900
90028;20;ESPORLATU;2003;2003;BONO;0;412
90029;20;FLORINAS;2006;2006;SASSARI;0;1.547
90030;20;GIAVE;2007;2007;THIESI;0;586
90031;20;ILLORAI;2003;2003;BONO;0;953
90032;20;ITTIREDDU;2005;2005;OZIERI;0;580
90033;20;ITTIRI;2006;2006;SASSARI;0;8.868
90034;20;LAERRU;2004;2004;CASTELSARDO;0;945
90038;20;MARA;2007;2007;THIESI;0;682
90039;20;MARTIS;2004;2004;CASTELSARDO;0;553
90040;20;MONTELEONE ROCCA DORIA;2001;2001;ALGHERO;0;117
90042;20;MORES;2005;2005;OZIERI;0;1.945
90043;20;MUROS;2006;2006;SASSARI;0;837
90044;20;NUGHEDU SAN NICOLÒ;2005;2005;OZIERI;0;874
90045;20;NULE;2002;2002;BENETUTTI;0;1.427
90046;20;NULVI;2004;2004;CASTELSARDO;0;2.851
90048;20;OLMEDO;2001;2001;ALGHERO;0;4.001
90050;20;OSILO;2006;2006;SASSARI;0;3.204
90051;20;OSSI;2006;2006;SASSARI;0;5.876
90052;20;OZIERI;2005;2005;OZIERI;1;10.881
90053;20;PADRIA;2007;2007;THIESI;0;695
90055;20;PATTADA;2005;2005;OZIERI;0;3.253
90056;20;PERFUGAS;2004;2004;CASTELSARDO;0;2.415
90057;20;PLOAGHE;2006;2006;SASSARI;0;4.653
90058;20;PORTO TORRES;2006;2006;SASSARI;0;22.391
90059;20;POZZOMAGGIORE;2007;2007;THIESI;0;2.717
90060;20;PUTIFIGARI;2001;2001;ALGHERO;0;757
90061;20;ROMANA;2007;2007;THIESI;0;578
90064;20;SASSARI;2006;2006;SASSARI;1;123.782
90065;20;SEDINI;2004;2004;CASTELSARDO;0;1.378
90066;20;SEMESTENE;2007;2007;THIESI;0;171
90067;20;SENNORI;2006;2006;SASSARI;0;7.375
90068;20;SILIGO;2007;2007;THIESI;0;912
90069;20;SORSO;2006;2006;SASSARI;0;14.300
90071;20;THIESI;2007;2007;THIESI;1;3.005
90072;20;TISSI;2006;2006;SASSARI;0;2.289
90073;20;TORRALBA;2007;2007;THIESI;0;998
90075;20;TULA;2005;2005;OZIERI;0;1.598
90076;20;URI;2006;2006;SASSARI;0;3.016
90077;20;USINI;2006;2006;SASSARI;0;4.321
90078;20;VILLANOVA MONTELEONE;2001;2001;ALGHERO;0;2.375
90079;20;VALLEDORIA;2004;2004;CASTELSARDO;0;4.091
90082;20;VIDDALBA;2004;2004;CASTELSARDO;0;1.694
90086;20;TERGU;2004;2004;CASTELSARDO;0;614
90087;20;SANTA MARIA COGHINAS;2004;2004;CASTELSARDO;0;1.430
90088;20;ERULA;2004;2004;CASTELSARDO;0;766
90089;20;STINTINO;2006;2006;SASSARI;0;1.501
91001;20;ARITZO;2009;2009;DESULO;0;1.328
91003;20;ATZARA;2015;2015;SORGONO;0;1.210
91004;20;AUSTIS;2015;2015;SORGONO;0;876
91007;20;BELVÌ;2009;2009;DESULO;0;665
91008;20;BIRORI;2011;2011;MACOMER;0;561
91009;20;BITTI;2008;2008;BITTI;1;3.019
91010;20;BOLOTANA;2011;2011;MACOMER;0;2.846
91011;20;BORORE;2011;2011;MACOMER;0;2.190
91012;20;BORTIGALI;2011;2011;MACOMER;0;1.417
91016;20;DESULO;2009;2009;DESULO;1;2.465
91017;20;DORGALI;2012;2012;NUORO;0;8.524
91018;20;DUALCHI;2011;2011;MACOMER;0;668
91024;20;FONNI;2010;2010;FONNI;1;4.062
91025;20;GADONI;2009;2009;DESULO;0;886
91027;20;GALTELLÌ;2013;2013;OROSEI;0;2.472
91028;20;GAVOI;2012;2012;NUORO;0;2.790
91033;20;IRGOLI;2013;2013;OROSEI;0;2.345
91038;20;LEI;2011;2011;MACOMER;0;566
91040;20;LOCULI;2013;2013;OROSEI;0;515
91041;20;LODÈ;2014;2014;SINISCOLA;0;1.894
91043;20;LULA;2008;2008;BITTI;0;1.495
91044;20;MACOMER;2011;2011;MACOMER;1;10.511
91046;20;MAMOIADA;2012;2012;NUORO;0;2.559
91047;20;MEANA SARDO;2015;2015;SORGONO;0;1.913
91050;20;NORAGUGUME;2011;2011;MACOMER;0;338
91051;20;NUORO;2012;2012;NUORO;1;36.674
91055;20;OLIENA;2012;2012;NUORO;0;7.355
91056;20;OLLOLAI;2012;2012;NUORO;0;1.373
91057;20;OLZAI;2012;2012;NUORO;0;903
91058;20;ONANÌ;2008;2008;BITTI;0;430
91059;20;ONIFAI;2013;2013;OROSEI;0;742
91060;20;ONIFERI;2012;2012;NUORO;0;925
91061;20;ORANI;2012;2012;NUORO;0;3.007
91062;20;ORGOSOLO;2012;2012;NUORO;0;4.347
91063;20;OROSEI;2013;2013;OROSEI;1;6.794
91064;20;OROTELLI;2012;2012;NUORO;0;2.152
91066;20;ORTUERI;2015;2015;SORGONO;0;1.262
91067;20;ORUNE;2012;2012;NUORO;0;2.561
91068;20;OSIDDA;2002;2002;BENETUTTI;0;230
91070;20;OTTANA;2011;2011;MACOMER;0;2.384
91071;20;OVODDA;2015;2015;SORGONO;0;1.627
91073;20;POSADA;2014;2014;SINISCOLA;0;2.737
91077;20;SARULE;2012;2012;NUORO;0;1.770
91083;20;SILANUS;2011;2011;MACOMER;0;2.200
91084;20;SINDIA;2011;2011;MACOMER;0;1.811
91085;20;SINISCOLA;2014;2014;SINISCOLA;1;11.469
91086;20;SORGONO;2015;2015;SORGONO;1;1.753
91090;20;TETI;2015;2015;SORGONO;0;690
91091;20;TIANA;2015;2015;SORGONO;0;521
91093;20;TONARA;2015;2015;SORGONO;0;2.116
91094;20;TORPÈ;2029;2029;SAN TEODORO;0;2.891
91104;20;LODINE;2010;2010;FONNI;0;358
92002;20;ARMUNGIA;2017;2017;MURAVERA;0;489
92003;20;ASSEMINI;2016;2016;CAGLIARI;0;26.620
92004;20;BALLAO;2032;2032;PERDASDEFOGU;0;877
92005;20;BARRALI;2016;2016;CAGLIARI;0;1.139
92008;20;BURCEI;2016;2016;CAGLIARI;0;2.896
92009;20;CAGLIARI;2016;2016;CAGLIARI;1;149.883
92011;20;CAPOTERRA;2016;2016;CAGLIARI;0;23.255
92015;20;DECIMOMANNU;2016;2016;CAGLIARI;0;7.831
92016;20;DECIMOPUTZU;2016;2016;CAGLIARI;0;4.315
92017;20;DOLIANOVA;2016;2016;CAGLIARI;0;9.404
92018;20;DOMUS DE MARIA;2018;2018;TEULADA;0;1.675
92020;20;DONORI;2016;2016;CAGLIARI;0;2.119
92024;20;GESICO;2019;2019;ISILI;0;886
92027;20;GONI;2017;2017;MURAVERA;0;504
92030;20;GUAMAGGIORE;2016;2016;CAGLIARI;0;1.050
92031;20;GUASILA;2036;2036;SANLURI;0;2.775
92036;20;MANDAS;2019;2019;ISILI;0;2.238
92037;20;MARACALAGONIS;2016;2016;CAGLIARI;0;7.523
92038;20;MONASTIR;2016;2016;CAGLIARI;0;4.505
92039;20;MURAVERA;2017;2017;MURAVERA;1;5.162
92042;20;NURAMINIS;2016;2016;CAGLIARI;0;2.606
92044;20;ORTACESUS;2016;2016;CAGLIARI;0;933
92048;20;PIMENTEL;2016;2016;CAGLIARI;0;1.193
92050;20;PULA;2016;2016;CAGLIARI;0;7.141
92051;20;QUARTU SANT'ELENA;2016;2016;CAGLIARI;0;69.296
92053;20;SAMATZAI;2036;2036;SANLURI;0;1.720
92054;20;SAN BASILIO;2016;2016;CAGLIARI;0;1.281
92058;20;SAN NICOLÒ GERREI;2017;2017;MURAVERA;0;846
92059;20;SAN SPERATE;2016;2016;CAGLIARI;0;7.972
92061;20;SANT'ANDREA FRIUS;2016;2016;CAGLIARI;0;1.834
92064;20;SAN VITO;2017;2017;MURAVERA;0;3.822
92066;20;SARROCH;2016;2016;CAGLIARI;0;5.198
92068;20;SELARGIUS;2016;2016;CAGLIARI;0;28.684
92069;20;SELEGAS;2016;2016;CAGLIARI;0;1.433
92070;20;SENORBÌ;2016;2016;CAGLIARI;0;4.781
92071;20;SERDIANA;2016;2016;CAGLIARI;0;2.620
92074;20;SESTU;2016;2016;CAGLIARI;0;19.893
92075;20;SETTIMO SAN PIETRO;2016;2016;CAGLIARI;0;6.532
92078;20;SILIQUA;2016;2016;CAGLIARI;0;3.997
92079;20;SILIUS;2017;2017;MURAVERA;0;1.271
92080;20;SINNAI;2016;2016;CAGLIARI;0;16.730
92081;20;SIURGUS DONIGALA;2016;2016;CAGLIARI;0;2.080
92082;20;SOLEMINIS;2016;2016;CAGLIARI;0;1.858
92083;20;SUELLI;2016;2016;CAGLIARI;0;1.135
92084;20;TEULADA;2018;2018;TEULADA;1;3.773
92088;20;USSANA;2016;2016;CAGLIARI;0;4.285
92090;20;UTA;2016;2016;CAGLIARI;0;7.859
92091;20;VALLERMOSA;2016;2016;CAGLIARI;0;1.944
92097;20;VILLAPUTZU;2017;2017;MURAVERA;0;4.836
92098;20;VILLASALTO;2017;2017;MURAVERA;0;1.127
92099;20;VILLA SAN PIETRO;2016;2016;CAGLIARI;0;2.009
92100;20;VILLASIMIUS;2017;2017;MURAVERA;0;3.420
92101;20;VILLASOR;2016;2016;CAGLIARI;0;6.857
92102;20;VILLASPECIOSA;2016;2016;CAGLIARI;0;2.407
92105;20;QUARTUCCIU;2016;2016;CAGLIARI;0;12.825
92106;20;CASTIADAS;2017;2017;MURAVERA;0;1.507
92108;20;ELMAS;2016;2016;CAGLIARI;0;8.949
92109;20;MONSERRATO;2016;2016;CAGLIARI;0;20.449
92110;20;ESCALAPLANO;2032;2032;PERDASDEFOGU;0;2.268
92111;20;ESCOLCA;2019;2019;ISILI;0;624
92112;20;ESTERZILI;2033;2033;SEUI;0;721
92113;20;GERGEI;2019;2019;ISILI;0;1.298
92114;20;ISILI;2019;2019;ISILI;1;2.842
92115;20;NURAGUS;2019;2019;ISILI;0;942
92116;20;NURALLAO;2019;2019;ISILI;0;1.357
92117;20;NURRI;2020;2020;NURRI;1;2.233
92118;20;ORROLI;2020;2020;NURRI;0;2.397
92119;20;SADALI;2033;2033;SEUI;0;918
92120;20;SERRI;2019;2019;ISILI;0;676
92121;20;SEULO;2033;2033;SEUI;0;897
92122;20;VILLANOVA TULO;2019;2019;ISILI;0;1.158
95001;20;ABBASANTA;2021;2021;GHILARZA;0;2.828
95002;20;AIDOMAGGIORE;2021;2021;GHILARZA;0;472
95003;20;ALBAGIARA;2023;2023;TERRALBA;0;277
95004;20;ALES;2023;2023;TERRALBA;0;1.515
95005;20;ALLAI;2022;2022;ORISTANO;0;370
95006;20;ARBOREA;2023;2023;TERRALBA;0;4.048
95007;20;ARDAULI;2021;2021;GHILARZA;0;946
95008;20;ASSOLO;2023;2023;TERRALBA;0;434
95009;20;ASUNI;2019;2019;ISILI;0;357
95010;20;BARADILI;2023;2023;TERRALBA;0;90
95011;20;BARATILI SAN PIETRO;2022;2022;ORISTANO;0;1.329
95012;20;BARESSA;2023;2023;TERRALBA;0;723
95013;20;BAULADU;2022;2022;ORISTANO;0;703
95014;20;BIDONÌ;2021;2021;GHILARZA;0;147
95015;20;BONARCADO;2022;2022;ORISTANO;0;1.627
95016;20;BORONEDDU;2021;2021;GHILARZA;0;165
95017;20;BUSACHI;2021;2021;GHILARZA;0;1.379
95018;20;CABRAS;2022;2022;ORISTANO;0;9.032
95019;20;CUGLIERI;2024;2024;BOSA;0;2.811
95020;20;FORDONGIANUS;2021;2021;GHILARZA;0;939
95021;20;GHILARZA;2021;2021;GHILARZA;1;4.615
95022;20;GONNOSCODINA;2023;2023;TERRALBA;0;505
95023;20;GONNOSNÒ;2023;2023;TERRALBA;0;800
95024;20;GONNOSTRAMATZA;2023;2023;TERRALBA;0;943
95025;20;MARRUBIU;2023;2023;TERRALBA;0;4.921
95026;20;MASULLAS;2023;2023;TERRALBA;0;1.129
95027;20;MILIS;2022;2022;ORISTANO;0;1.591
95028;20;MOGORELLA;2022;2022;ORISTANO;0;463
95029;20;MOGORO;2023;2023;TERRALBA;0;4.354
95030;20;MORGONGIORI;2023;2023;TERRALBA;0;777
95031;20;NARBOLIA;2022;2022;ORISTANO;0;1.801
95032;20;NEONELI;2021;2021;GHILARZA;0;713
95033;20;NORBELLO;2021;2021;GHILARZA;0;1.178
95034;20;NUGHEDU SANTA VITTORIA;2021;2021;GHILARZA;0;508
95035;20;NURACHI;2022;2022;ORISTANO;0;1.790
95036;20;NURECI;2019;2019;ISILI;0;348
95037;20;OLLASTRA;2022;2022;ORISTANO;0;1.255
95038;20;ORISTANO;2022;2022;ORISTANO;1;31.155
95039;20;PALMAS ARBOREA;2022;2022;ORISTANO;0;1.482
95040;20;PAU;2023;2023;TERRALBA;0;300
95041;20;PAULILATINO;2021;2021;GHILARZA;0;2.347
95042;20;POMPU;2023;2023;TERRALBA;0;278
95043;20;RIOLA SARDO;2022;2022;ORISTANO;0;2.146
95044;20;RUINAS;2022;2022;ORISTANO;0;728
95045;20;SAMUGHEO;2022;2022;ORISTANO;0;3.183
95046;20;SAN NICOLÒ D'ARCIDANO;2023;2023;TERRALBA;0;2.811
95047;20;SANTA GIUSTA;2022;2022;ORISTANO;0;4.811
95048;20;VILLA SANT'ANTONIO;2022;2022;ORISTANO;0;382
95049;20;SANTU LUSSURGIU;2021;2021;GHILARZA;0;2.440
95050;20;SAN VERO MILIS;2022;2022;ORISTANO;0;2.526
95051;20;SCANO DI MONTIFERRO;2024;2024;BOSA;0;1.580
95052;20;SEDILO;2021;2021;GHILARZA;0;2.216
95053;20;SENEGHE;2022;2022;ORISTANO;0;1.847
95054;20;SENIS;2023;2023;TERRALBA;0;479
95055;20;SENNARIOLO;2024;2024;BOSA;0;183
95056;20;SIAMAGGIORE;2022;2022;ORISTANO;0;970
95057;20;SIAMANNA;2022;2022;ORISTANO;0;824
95058;20;SIMALA;2023;2023;TERRALBA;0;357
95059;20;SIMAXIS;2022;2022;ORISTANO;0;2.309
95060;20;SINI;2023;2023;TERRALBA;0;515
95061;20;SIRIS;2023;2023;TERRALBA;0;224
95062;20;SOLARUSSA;2022;2022;ORISTANO;0;2.467
95063;20;SORRADILE;2021;2021;GHILARZA;0;417
95064;20;TADASUNI;2021;2021;GHILARZA;0;184
95065;20;TERRALBA;2023;2023;TERRALBA;1;10.440
95066;20;TRAMATZA;2022;2022;ORISTANO;0;997
95067;20;TRESNURAGHES;2024;2024;BOSA;0;1.215
95068;20;ULÀ TIRSO;2021;2021;GHILARZA;0;580
95069;20;URAS;2023;2023;TERRALBA;0;2.960
95070;20;USELLUS;2023;2023;TERRALBA;0;854
95071;20;VILLANOVA TRUSCHEDU;2022;2022;ORISTANO;0;323
95072;20;VILLAURBANA;2022;2022;ORISTANO;0;1.731
95073;20;VILLA VERDE;2023;2023;TERRALBA;0;335
95074;20;ZEDDIANI;2022;2022;ORISTANO;0;1.158
95075;20;ZERFALIU;2022;2022;ORISTANO;0;1.172
95076;20;SIAPICCIA;2022;2022;ORISTANO;0;370
95077;20;CURCURIS;2023;2023;TERRALBA;0;314
95078;20;SODDÌ;2021;2021;GHILARZA;0;116
95079;20;BOSA;2024;2024;BOSA;1;8.026
95080;20;FLUSSIO;2024;2024;BOSA;0;454
95081;20;GENONI;2019;2019;ISILI;0;885
95082;20;LACONI;2019;2019;ISILI;0;2.008
95083;20;MAGOMADAS;2024;2024;BOSA;0;643
95084;20;MODOLO;2024;2024;BOSA;0;165
95085;20;MONTRESTA;2024;2024;BOSA;0;535
95086;20;SAGAMA;2024;2024;BOSA;0;193
95087;20;SUNI;2024;2024;BOSA;0;1.130
95088;20;TINNURA;2024;2024;BOSA;0;268
104001;20;AGGIUS;2030;2030;TEMPIO PAUSANIA;0;1.602
104002;20;AGLIENTU;2028;2028;SANTA TERESA GALLURA;0;1.171
104003;20;ALÀ DEI SARDI;2026;2026;BUDDUSÒ;0;1.947
104004;20;ARZACHENA;2025;2025;ARZACHENA;1;11.447
104005;20;BADESI;2004;2004;CASTELSARDO;0;1.898
104006;20;BERCHIDDA;2027;2027;OLBIA;0;2.897
104007;20;BORTIGIADAS;2030;2030;TEMPIO PAUSANIA;0;800
104008;20;BUDDUSÒ;2026;2026;BUDDUSÒ;1;3.979
104009;20;BUDONI;2029;2029;SAN TEODORO;0;4.846
104010;20;CALANGIANUS;2030;2030;TEMPIO PAUSANIA;0;4.267
104011;20;GOLFO ARANCI;2027;2027;OLBIA;0;2.288
104012;20;LA MADDALENA;2025;2025;ARZACHENA;0;10.936
104013;20;LOIRI PORTO SAN PAOLO;2027;2027;OLBIA;0;3.234
104014;20;LUOGOSANTO;2025;2025;ARZACHENA;0;1.905
104015;20;LURAS;2030;2030;TEMPIO PAUSANIA;0;2.651
104016;20;MONTI;2027;2027;OLBIA;0;2.488
104017;20;OLBIA;2027;2027;OLBIA;1;53.307
104018;20;OSCHIRI;2027;2027;OLBIA;0;3.436
104019;20;PADRU;2027;2027;OLBIA;0;2.130
104020;20;PALAU;2025;2025;ARZACHENA;0;3.772
104021;20;SANT'ANTONIO DI GALLURA;2025;2025;ARZACHENA;0;1.619
104022;20;SANTA TERESA GALLURA;2028;2028;SANTA TERESA GALLURA;1;5.018
104023;20;SAN TEODORO;2029;2029;SAN TEODORO;1;4.540
104024;20;TELTI;2027;2027;OLBIA;0;2.222
104025;20;TEMPIO PAUSANIA;2030;2030;TEMPIO PAUSANIA;1;13.946
104026;20;TRINITÀ D'AGULTU E VIGNOLA;2004;2004;CASTELSARDO;0;2.155
105001;20;ARZANA;2031;2031;LANUSEI;0;2.501
105002;20;BARI SARDO;2031;2031;LANUSEI;0;3.938
105003;20;BAUNEI;2035;2035;TORTOLÌ;0;3.716
105004;20;CARDEDU;2034;2034;TERTENIA;0;1.809
105005;20;ELINI;2031;2031;LANUSEI;0;550
105006;20;GAIRO;2034;2034;TERTENIA;0;1.514
105007;20;GIRASOLE;2035;2035;TORTOLÌ;0;1.191
105008;20;ILBONO;2031;2031;LANUSEI;0;2.207
105009;20;JERZU;2034;2034;TERTENIA;0;3.228
105010;20;LANUSEI;2031;2031;LANUSEI;1;5.492
105011;20;LOCERI;2031;2031;LANUSEI;0;1.278
105012;20;LOTZORAI;2035;2035;TORTOLÌ;0;2.151
105013;20;OSINI;2034;2034;TERTENIA;0;811
105014;20;PERDASDEFOGU;2032;2032;PERDASDEFOGU;1;2.042
105015;20;SEUI;2033;2033;SEUI;1;1.361
105016;20;TALANA;2035;2035;TORTOLÌ;0;1.069
105017;20;TERTENIA;2034;2034;TERTENIA;1;3.815
105018;20;TORTOLÌ;2035;2035;TORTOLÌ;1;10.743
105019;20;TRIEI;2035;2035;TORTOLÌ;0;1.126
105020;20;ULASSAI;2034;2034;TERTENIA;0;1.517
105021;20;URZULEI;2035;2035;TORTOLÌ;0;1.295
105022;20;USSASSAI;2033;2033;SEUI;0;599
105023;20;VILLAGRANDE STRISAILI;2031;2031;LANUSEI;0;3.376
106001;20;ARBUS;2037;2037;VILLACIDRO;0;6.575
106002;20;BARUMINI;2036;2036;SANLURI;0;1.310
106003;20;COLLINAS;2036;2036;SANLURI;0;885
106004;20;FURTEI;2036;2036;SANLURI;0;1.674
106005;20;GENURI;2036;2036;SANLURI;0;345
106006;20;GESTURI;2036;2036;SANLURI;0;1.280
106007;20;GONNOSFANADIGA;2037;2037;VILLACIDRO;0;6.702
106008;20;GUSPINI;2037;2037;VILLACIDRO;0;12.272
106009;20;LAS PLASSAS;2036;2036;SANLURI;0;257
106010;20;LUNAMATRONA;2036;2036;SANLURI;0;1.783
106011;20;PABILLONIS;2037;2037;VILLACIDRO;0;2.948
106012;20;PAULI ARBAREI;2036;2036;SANLURI;0;651
106013;20;SAMASSI;2036;2036;SANLURI;0;5.321
106014;20;SAN GAVINO MONREALE;2037;2037;VILLACIDRO;0;8.894
106015;20;SANLURI;2036;2036;SANLURI;1;8.460
106016;20;SARDARA;2036;2036;SANLURI;0;4.168
106017;20;SEGARIU;2036;2036;SANLURI;0;1.277
106018;20;SERRAMANNA;2016;2016;CAGLIARI;0;9.259
106019;20;SERRENTI;2036;2036;SANLURI;0;5.028
106020;20;SETZU;2036;2036;SANLURI;0;144
106021;20;SIDDI;2036;2036;SANLURI;0;696
106022;20;TUILI;2036;2036;SANLURI;0;1.062
106023;20;TURRI;2036;2036;SANLURI;0;442
106024;20;USSARAMANNA;2036;2036;SANLURI;0;556
106025;20;VILLACIDRO;2037;2037;VILLACIDRO;1;14.281
106026;20;VILLAMAR;2036;2036;SANLURI;0;2.872
106027;20;VILLANOVAFORRU;2036;2036;SANLURI;0;681
106028;20;VILLANOVAFRANCA;2036;2036;SANLURI;0;1.433
107001;20;BUGGERRU;2039;2039;IGLESIAS;0;1.108
107002;20;CALASETTA;2038;2038;CARBONIA;0;2.822
107003;20;CARBONIA;2038;2038;CARBONIA;1;28.882
107004;20;CARLOFORTE;2038;2038;CARBONIA;0;6.301
107005;20;DOMUSNOVAS;2039;2039;IGLESIAS;0;6.416
107006;20;FLUMINIMAGGIORE;2039;2039;IGLESIAS;0;2.966
107007;20;GIBA;2018;2018;TEULADA;0;2.120
107008;20;GONNESA;2038;2038;CARBONIA;0;5.135
107009;20;IGLESIAS;2039;2039;IGLESIAS;1;27.674
107010;20;MASAINAS;2018;2018;TEULADA;0;1.350
107011;20;MUSEI;2039;2039;IGLESIAS;0;1.522
107012;20;NARCAO;2018;2018;TEULADA;0;3.373
107013;20;NUXIS;2018;2018;TEULADA;0;1.631
107014;20;PERDAXIUS;2038;2038;CARBONIA;0;1.475
107015;20;PISCINAS;2018;2018;TEULADA;0;872
107016;20;PORTOSCUSO;2038;2038;CARBONIA;0;5.236
107017;20;SAN GIOVANNI SUERGIU;2038;2038;CARBONIA;0;6.020
107018;20;SANTADI;2018;2018;TEULADA;0;3.570
107019;20;SANT'ANNA ARRESI;2018;2018;TEULADA;0;2.712
107020;20;SANT'ANTIOCO;2038;2038;CARBONIA;0;11.496
107021;20;TRATALIAS;2038;2038;CARBONIA;0;1.107
107022;20;VILLAMASSARGIA;2039;2039;IGLESIAS;0;3.655
107023;20;VILLAPERUCCIO;2018;2018;TEULADA;0;1.097
